{"type":"FeatureCollection","features":[{"type":"Feature","properties":{"ISO_A3":"MEX","WB_A3":"MEX","WB_NAME":"Mexico","WB_REGION":"LCN"},"geometry":{"type":"MultiPolygon","coordinates":[[[[-86.72041,21.20878],[-86.74343,21.2374],[-86.73985,21.23893],[-86.74068,21.23482],[-86.73425,21.22605],[-86.73342,21.22862],[-86.74546,21.25491],[-86.75232,21.25698],[-86.75121,21.26239],[-86.74709,21.26186],[-86.72203,21.22165],[-86.71369,21.20593],[-86.72041,21.20878]]],[[[-86.96927,20.28953],[-86.96216,20.29351],[-86.97062,20.29261],[-86.97307,20.29608],[-86.99273,20.30252],[-87.0016,20.31592],[-87.00378,20.33755],[-87.02454,20.35558],[-87.02181,20.3906],[-87.01676,20.41275],[-87.00556,20.43335],[-86.99327,20.44391],[-86.98261,20.46683],[-86.95582,20.50829],[-86.94625,20.51498],[-86.9379,20.53661],[-86.92819,20.55],[-86.91069,20.55656],[-86.90632,20.54844],[-86.90276,20.56042],[-86.89728,20.56492],[-86.88348,20.55873],[-86.88718,20.55178],[-86.86915,20.53413],[-86.86368,20.53374],[-86.85355,20.54532],[-86.85082,20.54171],[-86.84494,20.54351],[-86.83907,20.53925],[-86.8325,20.54118],[-86.82431,20.53769],[-86.81487,20.54064],[-86.79997,20.54011],[-86.79997,20.54398],[-86.79094,20.54654],[-86.79093,20.55053],[-86.7759,20.55064],[-86.76577,20.55629],[-86.7633,20.56196],[-86.75811,20.56298],[-86.74825,20.57198],[-86.74906,20.57687],[-86.7455,20.58034],[-86.73126,20.59114],[-86.72319,20.59074],[-86.72966,20.56938],[-86.75036,20.53284],[-86.75844,20.52461],[-86.76284,20.50762],[-86.77051,20.49604],[-86.79543,20.46298],[-86.80636,20.45681],[-86.81814,20.43841],[-86.82961,20.43855],[-86.8333,20.43482],[-86.87774,20.38077],[-86.89907,20.34435],[-86.90371,20.34667],[-86.9089,20.34319],[-86.93239,20.31217],[-86.94714,20.30471],[-86.95752,20.29222],[-86.96434,20.29106],[-86.98782,20.27201],[-86.99437,20.27445],[-86.99587,20.28501],[-87.00392,20.29815],[-87.01702,20.30046],[-87.0102,20.3154],[-87.00801,20.31514],[-87.0087,20.30999],[-87.01238,20.30355],[-86.9859,20.29377],[-86.99218,20.293],[-87.00037,20.29712],[-86.99969,20.293],[-86.99341,20.29325],[-86.98945,20.28166],[-86.98427,20.28063],[-86.98618,20.27574],[-86.97854,20.28038],[-86.98358,20.28681],[-86.96927,20.28953]]],[[[-86.76685,21.10069],[-86.76423,21.10738],[-86.76971,21.11306],[-86.77011,21.11898],[-86.76216,21.1133],[-86.75928,21.11459],[-86.74896,21.13157],[-86.75142,21.13633],[-86.76159,21.13107],[-86.77011,21.12181],[-86.76433,21.13494],[-86.77557,21.14242],[-86.78709,21.1445],[-86.77666,21.14538],[-86.76213,21.13687],[-86.74895,21.14007],[-86.741,21.13452],[-86.75117,21.12642],[-86.76548,21.0976],[-86.78078,21.05333],[-86.78107,21.03917],[-86.77737,21.03684],[-86.77916,21.03221],[-86.78671,21.03003],[-86.79054,21.03544],[-86.78561,21.03222],[-86.77833,21.03556],[-86.78299,21.04174],[-86.78323,21.06415],[-86.78761,21.07008],[-86.78582,21.07329],[-86.77855,21.07418],[-86.76685,21.10069]]],[[[-86.78526,21.46084],[-86.7887,21.46329],[-86.78977,21.47977],[-86.79321,21.48261],[-86.791,21.48621],[-86.80059,21.51789],[-86.79989,21.52382],[-86.78526,21.46084]]],[[[-90.47418,20.21314],[-90.483,20.22035],[-90.47557,20.22462],[-90.47332,20.23719],[-90.47709,20.2321],[-90.48311,20.23064],[-90.4805,20.24013],[-90.48436,20.25434],[-90.4799,20.26071],[-90.48215,20.27309],[-90.47574,20.28175],[-90.48234,20.28699],[-90.47645,20.28832],[-90.48119,20.29058],[-90.4807,20.29546],[-90.4838,20.29756],[-90.48033,20.30137],[-90.48074,20.30974],[-90.48536,20.31084],[-90.48572,20.31406],[-90.48229,20.31504],[-90.48444,20.31739],[-90.47833,20.32399],[-90.47755,20.32964],[-90.48353,20.33989],[-90.48081,20.33908],[-90.4791,20.34356],[-90.47981,20.35876],[-90.47194,20.3643],[-90.46884,20.37069],[-90.46281,20.37215],[-90.48033,20.3854],[-90.47292,20.38786],[-90.4739,20.39483],[-90.48015,20.39659],[-90.48065,20.39943],[-90.47975,20.40456],[-90.46886,20.41109],[-90.46642,20.4265],[-90.46947,20.43195],[-90.48057,20.43777],[-90.48102,20.44395],[-90.4686,20.45214],[-90.47453,20.45647],[-90.47048,20.47018],[-90.47419,20.47718],[-90.48241,20.47588],[-90.47833,20.48303],[-90.49127,20.48476],[-90.48977,20.4931],[-90.4847,20.49419],[-90.48316,20.50472],[-90.47997,20.50776],[-90.48223,20.51165],[-90.46914,20.51905],[-90.47208,20.52296],[-90.47486,20.51978],[-90.47558,20.52597],[-90.47165,20.53221],[-90.47379,20.53495],[-90.47127,20.54726],[-90.45007,20.54837],[-90.46967,20.5529],[-90.462,20.57055],[-90.45956,20.56922],[-90.45823,20.57589],[-90.45094,20.57836],[-90.4511,20.58531],[-90.44503,20.58857],[-90.45118,20.59689],[-90.44604,20.61045],[-90.44028,20.61114],[-90.44588,20.61959],[-90.44534,20.62769],[-90.44373,20.63384],[-90.44099,20.63418],[-90.43741,20.65201],[-90.42973,20.65396],[-90.43103,20.65758],[-90.44107,20.66236],[-90.43589,20.67747],[-90.43785,20.68075],[-90.42447,20.68219],[-90.43474,20.68929],[-90.43231,20.69517],[-90.43691,20.69833],[-90.4382,20.71919],[-90.42255,20.72294],[-90.42084,20.72652],[-90.42707,20.7306],[-90.43061,20.73941],[-90.41976,20.74233],[-90.41879,20.75068],[-90.41504,20.74586],[-90.41038,20.74656],[-90.41296,20.75612],[-90.40925,20.7571],[-90.41055,20.76098],[-90.40707,20.76427],[-90.3978,20.76259],[-90.39882,20.76659],[-90.40726,20.76942],[-90.40693,20.7725],[-90.40337,20.77271],[-90.40242,20.78028],[-90.3955,20.78494],[-90.39542,20.78983],[-90.39076,20.79027],[-90.38725,20.81106],[-90.37555,20.83121],[-90.37971,20.83423],[-90.37429,20.84843],[-90.37627,20.85232],[-90.37446,20.85675],[-90.36909,20.85607],[-90.37121,20.85996],[-90.36449,20.86861],[-90.3493,20.87635],[-90.35055,20.88332],[-90.34708,20.89355],[-90.3391,20.89575],[-90.34068,20.89963],[-90.33593,20.91268],[-90.33741,20.92171],[-90.32409,20.93951],[-90.32321,20.95777],[-90.31533,20.96961],[-90.31647,20.9749],[-90.31332,20.97472],[-90.31039,20.98561],[-90.30542,20.98759],[-90.30442,20.98243],[-90.30092,20.98649],[-90.29892,20.98363],[-90.29463,20.98613],[-90.29185,20.99548],[-90.28189,21.00085],[-90.28316,21.00653],[-90.27676,21.01183],[-90.27019,21.01186],[-90.27,21.00709],[-90.26534,21.00702],[-90.27202,21.01665],[-90.26015,21.02134],[-90.26135,21.03037],[-90.25679,21.03982],[-90.24101,21.04844],[-90.22754,21.04371],[-90.22367,21.05253],[-90.20983,21.06015],[-90.20901,21.06708],[-90.20279,21.06968],[-90.20367,21.07445],[-90.19544,21.08165],[-90.18568,21.08119],[-90.18261,21.08646],[-90.17395,21.08773],[-90.17002,21.09229],[-90.1643,21.09065],[-90.16142,21.09781],[-90.14228,21.09504],[-90.14101,21.10415],[-90.12752,21.10727],[-90.11862,21.11381],[-90.10558,21.11449],[-90.10383,21.11986],[-90.09603,21.11921],[-90.09441,21.1251],[-90.0837,21.12595],[-90.08648,21.13088],[-90.07549,21.13185],[-90.06986,21.13921],[-90.06497,21.13707],[-90.05887,21.14018],[-90.06067,21.14664],[-90.05716,21.14362],[-90.0451,21.14341],[-90.03985,21.14551],[-90.04016,21.15066],[-90.02924,21.15497],[-90.02047,21.15481],[-90.01457,21.14815],[-90,21.14819],[-89.99481,21.15454],[-89.98769,21.15506],[-89.97373,21.17009],[-89.96673,21.17009],[-89.96173,21.15989],[-89.95803,21.15995],[-89.9531,21.16724],[-89.94871,21.16706],[-89.94643,21.17649],[-89.93097,21.18538],[-89.92317,21.18628],[-89.92121,21.19146],[-89.91359,21.19417],[-89.90305,21.18817],[-89.89317,21.18834],[-89.89314,21.19349],[-89.88406,21.19236],[-89.88377,21.20574],[-89.87657,21.20934],[-89.84783,21.21278],[-89.84736,21.21665],[-89.83614,21.21838],[-89.83011,21.22595],[-89.82278,21.22285],[-89.80824,21.22297],[-89.8061,21.22609],[-89.78717,21.22615],[-89.78176,21.23022],[-89.75433,21.2308],[-89.74454,21.23572],[-89.73387,21.23011],[-89.73394,21.22637],[-89.72734,21.22558],[-89.72222,21.23081],[-89.69943,21.22976],[-89.68617,21.24039],[-89.66887,21.23951],[-89.66736,21.24712],[-89.66019,21.25316],[-89.66238,21.27576],[-89.68162,21.27713],[-89.69064,21.2748],[-89.69629,21.2684],[-89.70162,21.27462],[-89.70345,21.28489],[-89.68722,21.2827],[-89.66522,21.28858],[-89.67067,21.33919],[-89.67315,21.33992],[-89.67132,21.34509],[-89.68163,21.3457],[-89.68129,21.34944],[-89.67079,21.34613],[-89.66454,21.28859],[-89.63274,21.29154],[-89.5074,21.31533],[-89.31855,21.33888],[-89.30708,21.3429],[-89.27686,21.34306],[-89.17045,21.35502],[-89.10896,21.35837],[-89.07364,21.36731],[-88.92113,21.3874],[-88.88386,21.39606],[-88.86985,21.39634],[-88.87091,21.39363],[-88.88438,21.39374],[-88.8934,21.38964],[-88.92577,21.38503],[-88.93066,21.38124],[-88.95129,21.38255],[-88.95674,21.37901],[-89.02752,21.36993],[-89.03523,21.37138],[-89.0796,21.36131],[-89.08648,21.36213],[-89.09275,21.35832],[-89.10484,21.35817],[-89.11716,21.35531],[-89.11509,21.34504],[-89.10689,21.34823],[-89.07338,21.34878],[-89.06928,21.3505],[-89.07085,21.35522],[-89.05639,21.35156],[-89.05228,21.35251],[-89.05383,21.35507],[-89.04906,21.35834],[-89.01774,21.35847],[-88.99148,21.36714],[-88.9907,21.36999],[-88.96245,21.37444],[-88.9614,21.37779],[-88.95336,21.37415],[-88.89637,21.38588],[-88.87105,21.38307],[-88.84002,21.3847],[-88.83755,21.38563],[-88.83764,21.39232],[-88.80647,21.39472],[-88.81187,21.39775],[-88.80972,21.40151],[-88.78904,21.39632],[-88.7843,21.39097],[-88.7769,21.39246],[-88.78109,21.39834],[-88.79241,21.40221],[-88.7861,21.40331],[-88.75958,21.39239],[-88.75909,21.39703],[-88.76487,21.39825],[-88.76483,21.40598],[-88.76003,21.40706],[-88.74591,21.39807],[-88.73468,21.40166],[-88.73296,21.3955],[-88.72774,21.39581],[-88.72392,21.39975],[-88.70748,21.40245],[-88.68505,21.4122],[-88.68172,21.40992],[-88.68041,21.41508],[-88.67495,21.41874],[-88.65373,21.42642],[-88.65338,21.43157],[-88.64681,21.43472],[-88.64286,21.45021],[-88.63466,21.45441],[-88.62243,21.46765],[-88.61693,21.46771],[-88.60985,21.47344],[-88.5868,21.47868],[-88.57386,21.47713],[-88.56839,21.48027],[-88.56809,21.47821],[-88.5577,21.4841],[-88.55356,21.48195],[-88.54783,21.48638],[-88.50669,21.49783],[-88.49512,21.49639],[-88.48074,21.50069],[-88.47266,21.49692],[-88.46466,21.50361],[-88.43967,21.50794],[-88.42708,21.51487],[-88.42376,21.51349],[-88.41259,21.51812],[-88.40754,21.51465],[-88.37239,21.52138],[-88.36273,21.51837],[-88.3567,21.52009],[-88.35865,21.52355],[-88.36523,21.52067],[-88.36278,21.52391],[-88.3496,21.5262],[-88.34541,21.51993],[-88.33469,21.52079],[-88.321,21.52798],[-88.31465,21.52532],[-88.31815,21.53263],[-88.31698,21.53959],[-88.30982,21.53938],[-88.31978,21.54549],[-88.31401,21.5458],[-88.30668,21.54148],[-88.30822,21.53979],[-88.30465,21.54587],[-88.2986,21.54682],[-88.29479,21.54037],[-88.29254,21.54596],[-88.28649,21.54652],[-88.28643,21.5497],[-88.28142,21.54811],[-88.2805,21.55326],[-88.26536,21.55299],[-88.25027,21.55864],[-88.24892,21.56174],[-88.24341,21.5605],[-88.23959,21.55366],[-88.23567,21.55669],[-88.23681,21.56158],[-88.23324,21.56212],[-88.23412,21.56867],[-88.22971,21.56794],[-88.2328,21.55955],[-88.23043,21.5557],[-88.2184,21.56454],[-88.20601,21.56386],[-88.21103,21.57206],[-88.20721,21.57672],[-88.19994,21.56275],[-88.19225,21.56499],[-88.18976,21.56243],[-88.18858,21.56557],[-88.18564,21.56401],[-88.18595,21.56787],[-88.18056,21.56559],[-88.18131,21.57305],[-88.17255,21.57968],[-88.16789,21.58215],[-88.16127,21.58014],[-88.16102,21.58336],[-88.15772,21.58326],[-88.1561,21.58739],[-88.16125,21.59482],[-88.15895,21.59972],[-88.1476,21.59131],[-88.14729,21.5877],[-88.14207,21.58851],[-88.13714,21.59164],[-88.13775,21.59974],[-88.13075,21.60146],[-88.13174,21.60558],[-88.12545,21.61025],[-88.11747,21.61159],[-88.11551,21.60774],[-88.1042,21.60447],[-88.10044,21.59806],[-88.08786,21.59132],[-88.08182,21.59329],[-88.06734,21.58952],[-88.06054,21.59506],[-88.05677,21.59307],[-88.05403,21.59553],[-88.06646,21.6006],[-88.06931,21.59569],[-88.09457,21.60454],[-88.09896,21.60348],[-88.099,21.60837],[-88.10727,21.60922],[-88.10536,21.61219],[-88.11613,21.61559],[-88.11422,21.61844],[-88.14149,21.62006],[-88.17197,21.60942],[-88.17682,21.61299],[-88.13932,21.62445],[-88.04946,21.61139],[-87.95886,21.60911],[-87.88961,21.58503],[-87.81317,21.55259],[-87.74178,21.53104],[-87.54981,21.49059],[-87.50826,21.48724],[-87.54567,21.48545],[-87.56027,21.49197],[-87.58532,21.49587],[-87.58641,21.49316],[-87.56852,21.48962],[-87.54481,21.47824],[-87.5429,21.48082],[-87.54013,21.47736],[-87.53217,21.47983],[-87.5297,21.48357],[-87.49339,21.48304],[-87.49308,21.47351],[-87.48936,21.47249],[-87.49085,21.46605],[-87.48615,21.45911],[-87.47046,21.45465],[-87.46468,21.45402],[-87.45288,21.46268],[-87.42979,21.4666],[-87.40637,21.45598],[-87.38024,21.45385],[-87.35849,21.44617],[-87.35532,21.44451],[-87.35819,21.43523],[-87.35434,21.4355],[-87.3535,21.43163],[-87.34241,21.42994],[-87.33563,21.4336],[-87.32956,21.42447],[-87.3249,21.43002],[-87.32573,21.43324],[-87.31721,21.43737],[-87.29823,21.43354],[-87.28861,21.43691],[-87.26768,21.42342],[-87.2608,21.42202],[-87.25558,21.4246],[-87.25062,21.41869],[-87.24568,21.42178],[-87.2403,21.41458],[-87.2396,21.40531],[-87.23603,21.40506],[-87.23,21.41975],[-87.22403,21.41083],[-87.21624,21.41487],[-87.21349,21.41307],[-87.22626,21.40379],[-87.22625,21.39761],[-87.21897,21.40174],[-87.21676,21.39582],[-87.21924,21.39324],[-87.21318,21.39222],[-87.21305,21.39659],[-87.20933,21.38965],[-87.20549,21.39441],[-87.21045,21.40252],[-87.20551,21.40742],[-87.20481,21.39686],[-87.19517,21.38838],[-87.19684,21.40073],[-87.19368,21.40177],[-87.19851,21.41515],[-87.20157,21.43987],[-87.19097,21.43563],[-87.18931,21.42752],[-87.18587,21.42753],[-87.1915,21.41671],[-87.18624,21.39302],[-87.18226,21.40101],[-87.17855,21.4014],[-87.18764,21.41388],[-87.18738,21.42366],[-87.18354,21.42907],[-87.17336,21.42497],[-87.16688,21.41699],[-87.16886,21.40423],[-87.16398,21.40167],[-87.16262,21.41133],[-87.15671,21.41339],[-87.15864,21.4206],[-87.15616,21.42163],[-87.15451,21.41829],[-87.15135,21.42344],[-87.1526,21.42782],[-87.14476,21.43413],[-87.13734,21.43195],[-87.13899,21.43671],[-87.13486,21.43659],[-87.13569,21.43993],[-87.12277,21.44458],[-87.12387,21.44677],[-87.11398,21.45283],[-87.11343,21.45849],[-87.10579,21.46149],[-87.11002,21.49094],[-87.09614,21.5149],[-87.0997,21.52778],[-87.09953,21.5453],[-87.11063,21.55631],[-87.09929,21.55721],[-87.09721,21.56016],[-87.09878,21.56433],[-87.10897,21.56381],[-87.1113,21.55866],[-87.11558,21.56561],[-87.0948,21.57966],[-87.0871,21.58146],[-87.08214,21.58031],[-87.07938,21.57284],[-87.0747,21.57593],[-87.06314,21.56705],[-87.04662,21.55998],[-87.02707,21.55715],[-87.00725,21.54454],[-86.97974,21.51505],[-86.97176,21.5108],[-86.97231,21.50771],[-86.93834,21.4683],[-86.92212,21.44589],[-86.92116,21.441],[-86.92474,21.43663],[-86.91897,21.428],[-86.91017,21.42271],[-86.91045,21.41962],[-86.9055,21.4222],[-86.90069,21.41782],[-86.89945,21.41292],[-86.90688,21.41357],[-86.90702,21.41035],[-86.90276,21.40855],[-86.89945,21.41099],[-86.90001,21.40674],[-86.89176,21.40571],[-86.87545,21.34518],[-86.86722,21.33024],[-86.86955,21.32689],[-86.86998,21.31788],[-86.8675,21.31556],[-86.86971,21.30398],[-86.86753,21.28904],[-86.85983,21.282],[-86.86243,21.27948],[-86.86129,21.2699],[-86.85107,21.24564],[-86.8323,21.22244],[-86.83244,21.21665],[-86.82079,21.1999],[-86.81062,21.20439],[-86.80388,21.21533],[-86.8092,21.24444],[-86.81496,21.25152],[-86.8221,21.24986],[-86.8221,21.25282],[-86.83047,21.25759],[-86.82866,21.27664],[-86.82,21.28488],[-86.82508,21.29003],[-86.82094,21.29917],[-86.82479,21.29982],[-86.82272,21.3114],[-86.81927,21.31809],[-86.8003,21.32657],[-86.79244,21.34304],[-86.79515,21.37497],[-86.80298,21.37936],[-86.80763,21.39121],[-86.81258,21.39315],[-86.80955,21.39765],[-86.81092,21.40267],[-86.81393,21.41092],[-86.81925,21.41217],[-86.81823,21.41603],[-86.81338,21.4113],[-86.80761,21.41104],[-86.80159,21.3912],[-86.79747,21.38708],[-86.79472,21.38811],[-86.79937,21.40189],[-86.79799,21.40768],[-86.79565,21.40588],[-86.79018,21.38656],[-86.79134,21.34278],[-86.81311,21.30032],[-86.81616,21.28075],[-86.8011,21.23876],[-86.80059,21.21378],[-86.80695,21.18057],[-86.80203,21.1628],[-86.78778,21.14604],[-86.78792,21.14244],[-86.79286,21.14425],[-86.79326,21.14888],[-86.80354,21.15881],[-86.81892,21.15612],[-86.8181,21.15071],[-86.81426,21.15122],[-86.81413,21.14324],[-86.81784,21.14221],[-86.80454,21.13113],[-86.79727,21.12931],[-86.81376,21.11234],[-86.81583,21.09869],[-86.82133,21.09406],[-86.82051,21.08814],[-86.82587,21.0781],[-86.82286,21.07205],[-86.82411,21.06316],[-86.81382,21.06187],[-86.81081,21.05542],[-86.81356,21.05466],[-86.81506,21.05955],[-86.81931,21.06071],[-86.82452,21.05904],[-86.83181,21.04978],[-86.82647,21.03845],[-86.81811,21.0338],[-86.81771,21.0262],[-86.80934,21.02941],[-86.82804,20.98231],[-86.8377,20.92927],[-86.84387,20.92103],[-86.84622,20.9043],[-86.85897,20.89285],[-86.86336,20.88448],[-86.87257,20.85076],[-86.90424,20.81241],[-86.91629,20.81009],[-86.92396,20.80366],[-86.94575,20.76916],[-86.9641,20.74753],[-86.96314,20.72873],[-86.97628,20.72371],[-87.00968,20.70273],[-87.0183,20.69037],[-87.02144,20.67388],[-87.04743,20.6471],[-87.05413,20.64555],[-87.0663,20.62752],[-87.0991,20.59196],[-87.12337,20.57333],[-87.1289,20.57417],[-87.12746,20.56926],[-87.1442,20.56129],[-87.15321,20.54814],[-87.16878,20.53551],[-87.18709,20.5288],[-87.18845,20.5221],[-87.21986,20.50262],[-87.2234,20.49682],[-87.22778,20.49874],[-87.23215,20.49629],[-87.23569,20.48856],[-87.24648,20.48417],[-87.24496,20.47928],[-87.25589,20.47514],[-87.26706,20.45658],[-87.28398,20.44419],[-87.28506,20.43492],[-87.30168,20.41429],[-87.30258,20.40829],[-87.30849,20.40552],[-87.31066,20.39445],[-87.31394,20.39586],[-87.32293,20.38644],[-87.32196,20.37717],[-87.33163,20.36634],[-87.33161,20.35861],[-87.33597,20.35165],[-87.33897,20.3519],[-87.34032,20.34288],[-87.35366,20.32972],[-87.35078,20.32149],[-87.36395,20.29313],[-87.37024,20.29531],[-87.37432,20.29028],[-87.37267,20.28616],[-87.37894,20.28357],[-87.38098,20.27867],[-87.37797,20.2743],[-87.38218,20.26657],[-87.389,20.26758],[-87.40941,20.24436],[-87.42626,20.22011],[-87.43085,20.20259],[-87.43847,20.19484],[-87.45906,20.14586],[-87.4731,20.10127],[-87.4778,20.07705],[-87.47652,20.01344],[-87.47897,20.01189],[-87.47737,20.02374],[-87.48238,20.05849],[-87.4746,20.10101],[-87.46892,20.11596],[-87.48231,20.12391],[-87.486,20.12982],[-87.49309,20.13018],[-87.5,20.12349],[-87.50971,20.12499],[-87.5144,20.14158],[-87.52312,20.13898],[-87.528,20.13202],[-87.5273,20.12712],[-87.5318,20.12698],[-87.53695,20.11705],[-87.52889,20.11193],[-87.53415,20.09414],[-87.52595,20.08979],[-87.53001,20.07973],[-87.52791,20.06351],[-87.51684,20.05324],[-87.51839,20.02864],[-87.51182,20.01759],[-87.51562,20.01333],[-87.51288,20.00819],[-87.50552,20.00731],[-87.5,19.99949],[-87.47726,19.98691],[-87.48337,19.98277],[-87.48743,19.97452],[-87.49206,19.97425],[-87.48861,19.95855],[-87.47675,19.95498],[-87.47754,19.94416],[-87.46029,19.91407],[-87.46391,19.89552],[-87.4594,19.88729],[-87.46698,19.87259],[-87.46425,19.87118],[-87.45909,19.8757],[-87.45965,19.88239],[-87.45476,19.88408],[-87.45896,19.87776],[-87.45527,19.87365],[-87.45975,19.8672],[-87.45973,19.86076],[-87.47238,19.85764],[-87.48022,19.83959],[-87.48741,19.83339],[-87.49145,19.83509],[-87.49394,19.8326],[-87.49636,19.82306],[-87.49118,19.81973],[-87.49428,19.81096],[-87.49726,19.80696],[-87.51302,19.80074],[-87.5125,19.80576],[-87.50054,19.81185],[-87.49754,19.81057],[-87.49403,19.81676],[-87.5,19.82274],[-87.5049,19.81377],[-87.52202,19.80651],[-87.54205,19.81417],[-87.5476,19.80527],[-87.55223,19.80822],[-87.55822,19.80717],[-87.58181,19.78623],[-87.58675,19.77274],[-87.59939,19.75656],[-87.6191,19.71915],[-87.62617,19.71938],[-87.6328,19.70983],[-87.63128,19.70365],[-87.63672,19.70337],[-87.6352,19.69746],[-87.63887,19.69407],[-87.63616,19.70054],[-87.63943,19.70182],[-87.65377,19.68426],[-87.6565,19.68695],[-87.65242,19.68735],[-87.65366,19.68941],[-87.66844,19.68085],[-87.68638,19.68117],[-87.68831,19.68541],[-87.70702,19.67452],[-87.73526,19.66772],[-87.73258,19.67429],[-87.73909,19.67208],[-87.74325,19.65918],[-87.74053,19.63138],[-87.74895,19.5989],[-87.74582,19.59762],[-87.74333,19.58965],[-87.73025,19.5812],[-87.72724,19.57568],[-87.72302,19.57505],[-87.72127,19.57789],[-87.70875,19.57395],[-87.70792,19.57073],[-87.71308,19.56839],[-87.71428,19.56401],[-87.7129,19.55809],[-87.70186,19.54964],[-87.68734,19.55304],[-87.68613,19.55729],[-87.68206,19.55757],[-87.67876,19.55011],[-87.67646,19.55076],[-87.67502,19.5639],[-87.68046,19.56633],[-87.68725,19.56476],[-87.68726,19.56708],[-87.67722,19.56943],[-87.67239,19.55155],[-87.66707,19.54797],[-87.6725,19.5464],[-87.67398,19.54176],[-87.67011,19.53782],[-87.67736,19.53775],[-87.68548,19.53129],[-87.67272,19.53288],[-87.68161,19.51585],[-87.67344,19.51163],[-87.6775,19.50775],[-87.67503,19.50158],[-87.68286,19.49099],[-87.67908,19.49538],[-87.66767,19.49504],[-87.6628,19.50021],[-87.65384,19.50037],[-87.63397,19.52388],[-87.63263,19.528],[-87.63549,19.53031],[-87.6324,19.53779],[-87.62469,19.54683],[-87.6152,19.55214],[-87.57746,19.55845],[-87.57527,19.55446],[-87.55191,19.55608],[-87.54704,19.5615],[-87.5571,19.56289],[-87.54977,19.56523],[-87.54513,19.55996],[-87.55,19.55403],[-87.53398,19.55601],[-87.5345,19.54738],[-87.55824,19.5353],[-87.55845,19.53089],[-87.53691,19.5381],[-87.5236,19.53878],[-87.51438,19.54499],[-87.50352,19.54528],[-87.50215,19.54116],[-87.4993,19.54207],[-87.49752,19.53898],[-87.50552,19.5351],[-87.50321,19.53291],[-87.4967,19.53641],[-87.49153,19.53475],[-87.48584,19.53902],[-87.4864,19.54352],[-87.4951,19.54556],[-87.49918,19.5498],[-87.48426,19.55447],[-87.47234,19.56725],[-87.46553,19.56276],[-87.46805,19.53906],[-87.47049,19.54009],[-87.46983,19.54472],[-87.47431,19.54445],[-87.47236,19.52926],[-87.48441,19.51532],[-87.48194,19.50554],[-87.49239,19.50268],[-87.48353,19.49137],[-87.47729,19.49512],[-87.46778,19.49219],[-87.46762,19.48678],[-87.46272,19.48138],[-87.46323,19.47031],[-87.48032,19.46357],[-87.48099,19.45893],[-87.48968,19.45994],[-87.49265,19.45375],[-87.49755,19.4594],[-87.48806,19.46522],[-87.49024,19.46727],[-87.49865,19.463],[-87.50403,19.44702],[-87.50728,19.44392],[-87.51326,19.44751],[-87.51433,19.44107],[-87.51092,19.43618],[-87.51469,19.42845],[-87.51877,19.42895],[-87.52459,19.42352],[-87.53538,19.40263],[-87.53809,19.40236],[-87.54114,19.42013],[-87.53709,19.42774],[-87.54686,19.42784],[-87.55419,19.42691],[-87.56502,19.41748],[-87.56773,19.41837],[-87.58507,19.40737],[-87.59268,19.41031],[-87.5943,19.40708],[-87.59932,19.40681],[-87.60299,19.40937],[-87.60214,19.39869],[-87.60484,19.39649],[-87.60676,19.40189],[-87.61545,19.40289],[-87.6149,19.39929],[-87.63413,19.39047],[-87.63262,19.38635],[-87.63585,19.37964],[-87.64492,19.37188],[-87.65448,19.35459],[-87.66112,19.35277],[-87.6565,19.3515],[-87.65703,19.34763],[-87.66625,19.34579],[-87.66568,19.34026],[-87.66188,19.33808],[-87.66362,19.33344],[-87.66947,19.33664],[-87.67297,19.33173],[-87.66954,19.32157],[-87.66288,19.31876],[-87.66276,19.32185],[-87.65923,19.32135],[-87.65636,19.31492],[-87.65751,19.33063],[-87.65412,19.33296],[-87.65671,19.3345],[-87.65111,19.33744],[-87.65644,19.30256],[-87.66135,19.30821],[-87.66745,19.30806],[-87.66502,19.31103],[-87.66694,19.31489],[-87.67508,19.31614],[-87.67914,19.3133],[-87.6839,19.31611],[-87.67937,19.30441],[-87.67285,19.30186],[-87.67882,19.30299],[-87.68422,19.29576],[-87.68284,19.29062],[-87.6728,19.28846],[-87.679,19.27917],[-87.66327,19.28064],[-87.65877,19.27268],[-87.66129,19.26056],[-87.68047,19.24066],[-87.68521,19.24039],[-87.67872,19.24402],[-87.67307,19.25511],[-87.6816,19.25379],[-87.6902,19.2565],[-87.69284,19.24989],[-87.68657,19.24064],[-87.6894,19.23741],[-87.68646,19.23084],[-87.7013,19.22912],[-87.70237,19.22603],[-87.69613,19.22489],[-87.69045,19.22787],[-87.68501,19.22416],[-87.68308,19.21721],[-87.68688,19.21746],[-87.68524,19.2145],[-87.67739,19.21814],[-87.68359,19.21026],[-87.68383,19.2024],[-87.67924,19.20667],[-87.67732,19.20024],[-87.68259,19.1979],[-87.68109,19.19456],[-87.6765,19.19869],[-87.66931,19.19743],[-87.67538,19.19136],[-87.661,19.18819],[-87.66449,19.17968],[-87.64173,19.18221],[-87.63821,19.18183],[-87.63928,19.17732],[-87.63033,19.17735],[-87.62873,19.18341],[-87.61746,19.18549],[-87.62145,19.19451],[-87.61717,19.20921],[-87.60448,19.22547],[-87.6037,19.23243],[-87.59775,19.23644],[-87.58866,19.23686],[-87.58977,19.24149],[-87.57666,19.25544],[-87.57586,19.25931],[-87.57885,19.26007],[-87.58199,19.25585],[-87.57846,19.26677],[-87.57533,19.26214],[-87.5672,19.26526],[-87.56466,19.27479],[-87.56806,19.27826],[-87.56254,19.28974],[-87.54563,19.30305],[-87.51432,19.30843],[-87.50824,19.31759],[-87.49103,19.3224],[-87.48925,19.31751],[-87.50249,19.29944],[-87.503,19.29017],[-87.49989,19.29224],[-87.50108,19.28219],[-87.50867,19.27985],[-87.51309,19.26361],[-87.52162,19.25921],[-87.52267,19.24788],[-87.5335,19.24295],[-87.55141,19.2456],[-87.55993,19.24004],[-87.5568,19.23722],[-87.5588,19.22665],[-87.54726,19.22076],[-87.55779,19.20759],[-87.561,19.19393],[-87.56397,19.19289],[-87.56043,19.18775],[-87.55365,19.18726],[-87.55001,19.19139],[-87.54484,19.18651],[-87.54283,19.17463],[-87.5458,19.16331],[-87.55467,19.16549],[-87.55695,19.15707],[-87.5562,19.14537],[-87.54958,19.14428],[-87.54392,19.15432],[-87.53915,19.1855],[-87.54055,19.20172],[-87.53437,19.21874],[-87.52493,19.23242],[-87.51477,19.23644],[-87.51317,19.24442],[-87.5091,19.24495],[-87.51374,19.25215],[-87.49451,19.26289],[-87.49359,19.27191],[-87.49644,19.27164],[-87.5021,19.2621],[-87.49429,19.27886],[-87.49378,19.28994],[-87.48567,19.30026],[-87.47076,19.30185],[-87.46995,19.30417],[-87.45964,19.30226],[-87.448,19.31259],[-87.44529,19.31144],[-87.51341,19.23605],[-87.5183,19.23617],[-87.52641,19.22984],[-87.53571,19.21152],[-87.5392,19.20095],[-87.54067,19.15356],[-87.5485,19.144],[-87.55185,19.09454],[-87.54952,19.08425],[-87.55597,19.06826],[-87.56382,19.06669],[-87.57028,19.05508],[-87.58881,19.00917],[-87.60471,18.98826],[-87.61756,18.94907],[-87.62686,18.94028],[-87.6322,18.92017],[-87.63106,18.90292],[-87.64133,18.88837],[-87.64145,18.86142],[-87.6533,18.84669],[-87.65381,18.83896],[-87.66242,18.8276],[-87.66221,18.81657],[-87.6688,18.80222],[-87.67113,18.7743],[-87.66822,18.77003],[-87.67348,18.75235],[-87.68451,18.73763],[-87.69866,18.72831],[-87.7133,18.70533],[-87.72557,18.66613],[-87.72892,18.62774],[-87.73899,18.58263],[-87.73964,18.54528],[-87.74443,18.52903],[-87.75759,18.51352],[-87.7621,18.49445],[-87.76365,18.41794],[-87.77005,18.40169],[-87.78738,18.38539],[-87.80367,18.34901],[-87.82244,18.32574],[-87.83306,18.29144],[-87.84145,18.2131],[-87.84503,18.22983],[-87.83683,18.26129],[-87.83835,18.26901],[-87.84672,18.27271],[-87.85238,18.27139],[-87.8533,18.26688],[-87.85047,18.26689],[-87.85608,18.25605],[-87.85336,18.25143],[-87.85968,18.24754],[-87.86634,18.23282],[-87.86838,18.23526],[-87.87268,18.2328],[-87.87489,18.24438],[-87.88053,18.2392],[-87.89212,18.24043],[-87.89655,18.23578],[-87.89585,18.23089],[-87.8903,18.2352],[-87.88561,18.23248],[-87.8864,18.22887],[-87.89503,18.22831],[-87.89471,18.2193],[-87.89687,18.21993],[-87.89754,18.24479],[-87.885,18.24381],[-87.87457,18.26035],[-87.87705,18.27218],[-87.87536,18.28481],[-87.8786,18.28583],[-87.87896,18.29439],[-87.8728,18.3054],[-87.87694,18.30762],[-87.88174,18.30206],[-87.87911,18.29888],[-87.88675,18.2979],[-87.88593,18.29442],[-87.88916,18.29441],[-87.89234,18.28345],[-87.89848,18.29784],[-87.88552,18.31075],[-87.88153,18.3202],[-87.88699,18.32505],[-87.88209,18.32535],[-87.88113,18.33373],[-87.888,18.3307],[-87.88204,18.33813],[-87.88285,18.34176],[-87.87871,18.34414],[-87.87886,18.34853],[-87.88472,18.35414],[-87.88755,18.35156],[-87.90234,18.3599],[-87.89527,18.37424],[-87.9039,18.37946],[-87.9027,18.38308],[-87.91067,18.38561],[-87.91258,18.38973],[-87.92957,18.38494],[-87.93094,18.39195],[-87.93891,18.39372],[-87.93372,18.40765],[-87.93606,18.41511],[-87.93188,18.41565],[-87.93609,18.42129],[-87.93219,18.42389],[-87.93035,18.43342],[-87.93497,18.43933],[-87.95683,18.43947],[-88.00742,18.46007],[-88.03661,18.46713],[-88.04583,18.47455],[-88.07042,18.47892],[-88.07099,18.48368],[-88.06426,18.48668],[-88.06766,18.49065],[-88.06485,18.49556],[-88.07104,18.49282],[-88.06973,18.50001],[-88.07242,18.50554],[-88.07501,18.50383],[-88.07764,18.5112],[-88.06107,18.51747],[-88.05829,18.52625],[-88.04831,18.52695],[-88.04282,18.53535],[-88.03555,18.56037],[-88.03719,18.56319],[-88.0335,18.56356],[-88.02801,18.58642],[-88.02661,18.60137],[-88.02961,18.6065],[-88.01726,18.61765],[-88.01798,18.6264],[-88.01289,18.63235],[-88.00892,18.64731],[-88.00315,18.65352],[-88.00443,18.66433],[-88.00283,18.66795],[-87.99742,18.66669],[-88.00411,18.67876],[-88.01332,18.6836],[-88.01677,18.69543],[-88.01355,18.69828],[-88.01426,18.70446],[-88.01129,18.70473],[-88.00394,18.72709],[-88.00576,18.73],[-88.002,18.7344],[-88.00163,18.73929],[-88.00938,18.74839],[-88.00615,18.7497],[-87.99936,18.74446],[-88.00074,18.75024],[-87.99696,18.75091],[-88.00038,18.75759],[-87.99664,18.76482],[-87.98464,18.76952],[-87.98763,18.77259],[-87.98062,18.77675],[-87.97984,18.78242],[-87.98338,18.78549],[-87.9912,18.7821],[-87.99541,18.78491],[-87.99627,18.771],[-88.00385,18.77225],[-88.00092,18.78051],[-88.01252,18.77503],[-88.01741,18.77874],[-88.00744,18.78485],[-88.0126,18.78946],[-88.01772,18.78595],[-88.01294,18.80053],[-88.02143,18.7961],[-88.02756,18.80328],[-88.03596,18.80555],[-88.03681,18.81173],[-88.046,18.81103],[-88.03589,18.85433],[-88.0403,18.85137],[-88.04573,18.85443],[-88.04661,18.86679],[-88.03771,18.87045],[-88.03808,18.86452],[-88.04264,18.85922],[-88.04073,18.85741],[-88.03764,18.85989],[-88.03341,18.87575],[-88.03964,18.87636],[-88.0406,18.87919],[-88.03267,18.88696],[-88.02846,18.88492],[-88.02605,18.88828],[-88.03159,18.88799],[-88.03942,18.88409],[-88.04558,18.87401],[-88.05151,18.87114],[-88.05067,18.86677],[-88.04716,18.8673],[-88.04835,18.8624],[-88.05873,18.85822],[-88.06877,18.86254],[-88.07735,18.85065],[-88.0837,18.84881],[-88.08104,18.83517],[-88.0913,18.83241],[-88.08742,18.83951],[-88.08815,18.84672],[-88.09299,18.84283],[-88.09482,18.83355],[-88.10544,18.82293],[-88.10922,18.80101],[-88.11942,18.79065],[-88.12486,18.79487],[-88.12988,18.77771],[-88.1385,18.77302],[-88.13732,18.75835],[-88.14951,18.74128],[-88.15037,18.72814],[-88.1563,18.72565],[-88.15849,18.7304],[-88.15097,18.75672],[-88.15054,18.77321],[-88.15517,18.75875],[-88.1684,18.73678],[-88.17141,18.72234],[-88.17983,18.7277],[-88.18248,18.72124],[-88.20282,18.71081],[-88.20345,18.70411],[-88.20667,18.70203],[-88.20437,18.70076],[-88.20432,18.67475],[-88.20013,18.67503],[-88.19897,18.68251],[-88.19587,18.68407],[-88.19599,18.70107],[-88.19319,18.70598],[-88.17308,18.7092],[-88.1692,18.71604],[-88.16435,18.71736],[-88.16021,18.70503],[-88.1728,18.68859],[-88.18361,18.68865],[-88.19286,18.67791],[-88.19571,18.66064],[-88.20067,18.65597],[-88.20528,18.63843],[-88.21342,18.62421],[-88.22522,18.61203],[-88.2315,18.58495],[-88.24529,18.56863],[-88.25769,18.54717],[-88.2671,18.52213],[-88.27981,18.50711],[-88.28538,18.49393],[-88.30615,18.49276],[-88.30807,18.49648],[-88.31807,18.49835],[-88.33607,18.48753],[-88.35117,18.48485],[-88.36845,18.48614],[-88.37776,18.47883],[-88.38656,18.48114],[-88.40098,18.49561],[-88.40623,18.49525],[-88.44201,18.4812],[-88.44832,18.47573],[-88.4556,18.48839],[-88.46532,18.48661],[-88.47811,18.4937],[-88.51708,18.46377],[-88.52813,18.43454],[-88.53173,18.40893],[-88.54602,18.3895],[-88.55149,18.374],[-88.54407,18.3611],[-88.57558,18.32002],[-88.57802,18.32071],[-88.60535,18.29208],[-88.59735,18.28961],[-88.60257,18.26775],[-88.60656,18.2638],[-88.60412,18.24172],[-88.61583,18.22333],[-88.62887,18.21904],[-88.6323,18.21313],[-88.64224,18.21553],[-88.65795,18.2039],[-88.66667,18.20253],[-88.67376,18.19416],[-88.68745,18.19413],[-88.69428,18.18678],[-88.69754,18.18225],[-88.69512,18.17885],[-88.68488,18.17811],[-88.6799,18.16192],[-88.69487,18.1483],[-88.70843,18.1259],[-88.7107,18.11615],[-88.71868,18.10803],[-88.71193,18.10386],[-88.71042,18.09769],[-88.7156,18.0943],[-88.71961,18.08402],[-88.71394,18.07378],[-88.71902,18.07222],[-88.717,18.06043],[-88.73166,18.04954],[-88.74036,18.04748],[-88.74093,18.04376],[-88.76623,18.03437],[-88.77082,18.0292],[-88.76683,18.01589],[-88.77259,18.01205],[-88.77256,18.00534],[-88.7832,18.00007],[-88.78841,17.99295],[-88.7844,17.98078],[-88.78901,17.98099],[-88.79053,17.97435],[-88.79581,17.9744],[-88.81645,17.94962],[-88.82903,17.94786],[-88.83358,17.94573],[-88.83417,17.94158],[-88.8425,17.94045],[-88.85875,17.92451],[-88.85403,17.90967],[-88.85479,17.90442],[-88.86024,17.90086],[-88.85783,17.89971],[-88.8599,17.89421],[-88.87751,17.89438],[-88.88351,17.89774],[-88.88723,17.90722],[-88.89651,17.90621],[-88.90585,17.9157],[-88.91268,17.91048],[-88.91329,17.91485],[-88.92059,17.91594],[-88.92752,17.93016],[-88.93309,17.93098],[-88.93122,17.94288],[-88.93736,17.93985],[-88.93698,17.94567],[-88.94506,17.95173],[-88.94611,17.95937],[-88.95383,17.95454],[-88.95595,17.9569],[-88.95978,17.95166],[-88.98282,17.95803],[-88.98603,17.94828],[-88.98832,17.94845],[-88.99947,17.96756],[-88.99774,17.97082],[-89.00359,17.97229],[-88.99996,17.97714],[-89.00099,17.98485],[-89.02143,17.99171],[-89.0289,18.00033],[-89.03564,17.99953],[-89.03712,18.003],[-89.05225,17.99972],[-89.05891,17.99003],[-89.07652,17.99384],[-89.096,17.98026],[-89.10273,17.98019],[-89.11095,17.97011],[-89.11617,17.96868],[-89.12463,17.97511],[-89.1341,17.97095],[-89.13554,17.95612],[-89.14454,17.95123],[-89.15196,17.93947],[-89.15196,17.81559],[-90.98769,17.8154],[-90.98737,17.25122],[-91.44017,17.25118],[-91.44007,17.24851],[-91.43078,17.22305],[-91.42339,17.21215],[-91.40371,17.20477],[-91.37566,17.20435],[-91.35499,17.19068],[-91.34711,17.17531],[-91.34991,17.16033],[-91.33743,17.16007],[-91.32991,17.17966],[-91.32063,17.1833],[-91.31127,17.1797],[-91.27984,17.17978],[-91.26698,17.17068],[-91.26321,17.16556],[-91.26404,17.15689],[-91.273,17.14069],[-91.26938,17.11099],[-91.25697,17.10096],[-91.23592,17.10113],[-91.22588,17.09377],[-91.21818,17.07828],[-91.2129,17.05243],[-91.19456,17.03948],[-91.17606,17.01598],[-91.15462,17.00489],[-91.12899,17.00656],[-91.12218,17.003],[-91.12077,16.9778],[-91.10293,16.96902],[-91.09331,16.95148],[-91.07888,16.94284],[-91.06379,16.92445],[-91.074,16.91399],[-91.06622,16.90316],[-91.00819,16.88652],[-90.99383,16.87683],[-90.98935,16.86342],[-90.9835,16.86525],[-90.98124,16.86961],[-90.98656,16.89612],[-90.98014,16.90222],[-90.96392,16.90137],[-90.95726,16.89632],[-90.95431,16.88466],[-90.97514,16.86559],[-90.9695,16.86071],[-90.95345,16.86598],[-90.93599,16.86086],[-90.93195,16.85432],[-90.93345,16.84155],[-90.92106,16.82158],[-90.88446,16.82653],[-90.86209,16.81319],[-90.85447,16.79788],[-90.84499,16.79583],[-90.80398,16.79842],[-90.80096,16.79483],[-90.80385,16.78677],[-90.80271,16.77611],[-90.76044,16.76142],[-90.75519,16.74962],[-90.71423,16.72664],[-90.70741,16.71695],[-90.7094,16.70463],[-90.6812,16.68783],[-90.67598,16.66017],[-90.65745,16.63819],[-90.66248,16.62761],[-90.65362,16.59418],[-90.66689,16.58931],[-90.66671,16.58098],[-90.65715,16.57694],[-90.6433,16.58047],[-90.64241,16.59561],[-90.63763,16.59421],[-90.62659,16.57799],[-90.64729,16.56092],[-90.64885,16.54372],[-90.64346,16.53289],[-90.64623,16.5197],[-90.64082,16.51364],[-90.63517,16.51378],[-90.61708,16.52176],[-90.61076,16.51578],[-90.60679,16.50351],[-90.60983,16.49457],[-90.61779,16.48942],[-90.63499,16.48796],[-90.63514,16.48218],[-90.63077,16.47853],[-90.62029,16.47812],[-90.61285,16.48881],[-90.60425,16.48762],[-90.59785,16.4908],[-90.59302,16.48791],[-90.59489,16.47621],[-90.58818,16.46957],[-90.55085,16.48218],[-90.5446,16.48161],[-90.54919,16.47113],[-90.54689,16.46692],[-90.52865,16.45763],[-90.52436,16.46765],[-90.51439,16.46973],[-90.50264,16.46774],[-90.49896,16.45452],[-90.49397,16.45365],[-90.48564,16.46141],[-90.47943,16.46019],[-90.47922,16.44378],[-90.48748,16.43132],[-90.48711,16.42461],[-90.47189,16.42503],[-90.45951,16.42119],[-90.42211,16.42525],[-90.41844,16.42368],[-90.40939,16.40413],[-90.40108,16.41029],[-90.39993,16.41568],[-90.38935,16.41285],[-90.39091,16.40316],[-90.40357,16.39687],[-90.40165,16.39041],[-90.3875,16.37803],[-90.37712,16.37588],[-90.37226,16.37183],[-90.37155,16.36673],[-90.37733,16.35933],[-90.38237,16.36091],[-90.39022,16.37299],[-90.3972,16.37485],[-90.41164,16.36261],[-90.411,16.3466],[-90.40754,16.3484],[-90.40966,16.35596],[-90.40423,16.3615],[-90.40258,16.35154],[-90.3862,16.34637],[-90.38268,16.33994],[-90.38753,16.33441],[-90.39855,16.34013],[-90.41144,16.32958],[-90.41361,16.32463],[-90.40996,16.31698],[-90.41237,16.30761],[-90.43848,16.30474],[-90.44,16.29822],[-90.43302,16.29259],[-90.44169,16.28744],[-90.44036,16.27805],[-90.43257,16.2743],[-90.42349,16.26039],[-90.43083,16.25435],[-90.44016,16.26138],[-90.44838,16.2612],[-90.4562,16.24913],[-90.45385,16.24173],[-90.44963,16.24122],[-90.44388,16.2478],[-90.44037,16.24694],[-90.43891,16.24019],[-90.42994,16.23553],[-90.4293,16.23237],[-90.43248,16.23069],[-90.44267,16.23117],[-90.45251,16.22541],[-90.45824,16.20795],[-90.4542,16.18625],[-90.43373,16.17865],[-90.42754,16.17248],[-90.42617,16.16493],[-90.43886,16.15627],[-90.45019,16.15374],[-90.45211,16.14985],[-90.4476,16.14334],[-90.42992,16.13948],[-90.4304,16.12268],[-90.43645,16.11739],[-90.45333,16.12494],[-90.45858,16.11212],[-90.45559,16.10057],[-90.45742,16.09585],[-90.45012,16.09306],[-90.43187,16.10699],[-90.42567,16.10279],[-90.42664,16.09804],[-90.43719,16.09628],[-90.44687,16.08347],[-90.44257,16.07394],[-91.73156,16.07394],[-92.21049,15.2607],[-92.05938,15.0709],[-92.07314,15.06349],[-92.06898,15.05207],[-92.07292,15.04447],[-92.077,15.04632],[-92.08048,15.02865],[-92.08619,15.02131],[-92.09763,15.01505],[-92.09865,15.01081],[-92.1105,15.01126],[-92.11756,15.01561],[-92.12134,15.01219],[-92.12731,15.01582],[-92.13923,15.00271],[-92.13992,14.99393],[-92.15003,14.98942],[-92.15119,14.98424],[-92.14492,14.97468],[-92.14939,14.94896],[-92.14392,14.94202],[-92.14421,14.92919],[-92.14083,14.92078],[-92.14535,14.91144],[-92.13722,14.89674],[-92.13636,14.88726],[-92.14327,14.88207],[-92.14287,14.87498],[-92.14984,14.86738],[-92.15558,14.86782],[-92.16014,14.86264],[-92.172,14.85985],[-92.17213,14.85612],[-92.18182,14.84575],[-92.18019,14.83361],[-92.18405,14.82568],[-92.1764,14.81379],[-92.1792,14.81074],[-92.17835,14.80285],[-92.15915,14.77037],[-92.16266,14.76032],[-92.16937,14.75495],[-92.17081,14.74752],[-92.1567,14.73529],[-92.14532,14.70692],[-92.14679,14.69692],[-92.1432,14.68841],[-92.14722,14.67945],[-92.14689,14.65939],[-92.14993,14.65453],[-92.16306,14.64969],[-92.17254,14.63479],[-92.17351,14.62734],[-92.18026,14.62294],[-92.18186,14.61586],[-92.17559,14.61118],[-92.18376,14.57556],[-92.21523,14.55576],[-92.22033,14.53643],[-92.22742,14.53171],[-92.31972,14.6183],[-92.31246,14.61752],[-92.25084,14.56772],[-92.25397,14.58243],[-92.26056,14.58786],[-92.25579,14.58991],[-92.25684,14.59249],[-92.26478,14.59264],[-92.26395,14.60269],[-92.26793,14.60013],[-92.26779,14.60322],[-92.27348,14.60182],[-92.27425,14.60813],[-92.27982,14.60403],[-92.28351,14.60945],[-92.29675,14.60794],[-92.29646,14.61413],[-92.30281,14.61324],[-92.30703,14.61802],[-92.32078,14.6209],[-92.32867,14.63767],[-92.33713,14.64001],[-92.33974,14.64878],[-92.3453,14.65292],[-92.33354,14.64773],[-92.33237,14.6409],[-92.32575,14.64062],[-92.32707,14.64372],[-92.33236,14.64206],[-92.33102,14.64928],[-92.34159,14.65394],[-92.33958,14.66321],[-92.34552,14.66735],[-92.34294,14.67568],[-92.34629,14.67534],[-92.3467,14.67096],[-92.35637,14.6688],[-92.36297,14.67435],[-92.36905,14.67553],[-92.37092,14.6727],[-92.3758,14.67722],[-92.37446,14.68212],[-92.37856,14.68316],[-92.3771,14.68599],[-92.38253,14.68536],[-92.36999,14.67077],[-92.36866,14.67308],[-92.36364,14.67125],[-92.36245,14.66714],[-92.34924,14.66195],[-92.34662,14.65267],[-92.35509,14.65372],[-92.32686,14.62491],[-92.41003,14.69638],[-92.40418,14.70371],[-92.3981,14.70034],[-92.39492,14.70407],[-92.40444,14.70539],[-92.4023,14.71311],[-92.40495,14.71312],[-92.40603,14.70616],[-92.41318,14.70618],[-92.42889,14.7209],[-92.4298,14.72632],[-92.44724,14.74027],[-92.443,14.74245],[-92.43097,14.73457],[-92.43401,14.73767],[-92.42923,14.74255],[-92.4369,14.74592],[-92.43833,14.75546],[-92.44401,14.76294],[-92.46333,14.76557],[-92.46741,14.77408],[-92.47733,14.77874],[-92.47719,14.7826],[-92.47241,14.7862],[-92.4732,14.79008],[-92.48207,14.79215],[-92.49025,14.80183],[-92.49702,14.79811],[-92.49676,14.79424],[-92.44934,14.74891],[-92.45226,14.74415],[-92.51463,14.80266],[-92.62685,14.91998],[-92.62512,14.92204],[-92.56112,14.85969],[-92.53733,14.83221],[-92.54155,14.83763],[-92.536,14.83813],[-92.54062,14.84535],[-92.54321,14.86932],[-92.55061,14.87836],[-92.55125,14.88995],[-92.56053,14.88714],[-92.56105,14.89487],[-92.57004,14.89991],[-92.58171,14.89671],[-92.58432,14.91862],[-92.58909,14.91862],[-92.59109,14.90987],[-92.59772,14.90756],[-92.59283,14.89866],[-92.61637,14.92267],[-92.6124,14.92446],[-92.60301,14.9135],[-92.59665,14.91374],[-92.5994,14.93011],[-92.60389,14.93566],[-92.61636,14.93078],[-92.6182,14.93852],[-92.62139,14.93569],[-92.61359,14.92588],[-92.62008,14.92473],[-92.66691,14.9757],[-92.67036,14.97184],[-92.68359,14.98525],[-92.66839,14.96873],[-92.66931,14.96617],[-92.85525,15.15446],[-92.85312,15.15755],[-92.83364,15.13383],[-92.83152,15.13692],[-92.70768,15.00976],[-92.71174,15.02298],[-92.70118,15.01421],[-92.69995,15.01837],[-92.69256,15.02134],[-92.68774,15.01584],[-92.6887,15.01141],[-92.68657,15.0145],[-92.68528,15.01901],[-92.69043,15.0243],[-92.70474,15.02677],[-92.69731,15.03436],[-92.68194,15.02468],[-92.6813,15.00793],[-92.67561,15.00199],[-92.67032,14.9985],[-92.66448,15.00313],[-92.6605,15.00223],[-92.64965,14.99487],[-92.64434,14.99473],[-92.63503,15.01353],[-92.63648,15.01867],[-92.64165,15.01972],[-92.64046,15.01714],[-92.64484,15.01496],[-92.64643,15.01818],[-92.65041,15.0169],[-92.65358,15.02296],[-92.65065,15.03056],[-92.67531,15.01938],[-92.67558,15.02338],[-92.67982,15.02248],[-92.69704,15.0359],[-92.69996,15.03191],[-92.70632,15.03463],[-92.70779,15.02883],[-92.71296,15.02562],[-92.72395,15.03581],[-92.72167,15.05127],[-92.73043,15.04728],[-92.73731,15.06159],[-92.74646,15.06057],[-92.75719,15.06883],[-92.76076,15.07631],[-92.75678,15.07888],[-92.74751,15.06985],[-92.74606,15.06199],[-92.74049,15.06366],[-92.74076,15.06933],[-92.74631,15.06985],[-92.74856,15.07397],[-92.74604,15.07668],[-92.74278,15.07487],[-92.74431,15.07938],[-92.73861,15.08491],[-92.73437,15.08079],[-92.73384,15.07486],[-92.72867,15.08039],[-92.7341,15.08568],[-92.71845,15.08528],[-92.70573,15.08023],[-92.70717,15.08887],[-92.69881,15.09118],[-92.70093,15.09608],[-92.7073,15.09673],[-92.72586,15.09379],[-92.72719,15.09778],[-92.73805,15.10218],[-92.73845,15.10487],[-92.73301,15.10423],[-92.73115,15.10822],[-92.73367,15.11055],[-92.7281,15.11209],[-92.73843,15.11828],[-92.73246,15.1233],[-92.73285,15.12884],[-92.73537,15.13503],[-92.73934,15.13477],[-92.73734,15.14302],[-92.74512,15.14739],[-92.74462,15.15423],[-92.75709,15.15463],[-92.75164,15.16803],[-92.76038,15.17577],[-92.75547,15.17911],[-92.78041,15.18352],[-92.78862,15.191],[-92.78663,15.19563],[-92.7958,15.19216],[-92.79631,15.19642],[-92.80693,15.19217],[-92.81382,15.19914],[-92.80533,15.20093],[-92.80665,15.20364],[-92.81356,15.2021],[-92.81646,15.20803],[-92.82151,15.20932],[-92.8255,15.20365],[-92.82974,15.20314],[-92.82867,15.2083],[-92.83567,15.20615],[-92.83929,15.20882],[-92.84221,15.20341],[-92.84592,15.21346],[-92.85733,15.21811],[-92.86289,15.23228],[-92.8751,15.22739],[-92.88678,15.2292],[-92.88828,15.22653],[-92.88559,15.22353],[-92.89129,15.22199],[-92.90892,15.24081],[-92.92153,15.24815],[-92.92312,15.25524],[-92.93268,15.26014],[-92.94276,15.27251],[-92.94117,15.27573],[-92.93639,15.272],[-92.89527,15.23244],[-92.89002,15.23405],[-92.89375,15.2487],[-92.88637,15.25007],[-92.89248,15.25652],[-92.89326,15.26786],[-92.89658,15.27147],[-92.91065,15.25988],[-92.91476,15.25988],[-92.90426,15.26786],[-92.91754,15.27147],[-92.92338,15.27663],[-92.92763,15.2738],[-92.93028,15.27625],[-92.93506,15.27496],[-92.93678,15.2872],[-92.94302,15.28772],[-92.94647,15.28231],[-92.95046,15.28397],[-92.95524,15.29571],[-92.95868,15.29558],[-92.96027,15.30138],[-92.96558,15.30511],[-92.96943,15.30292],[-92.95775,15.29004],[-92.95842,15.28695],[-92.96744,15.29055],[-92.97355,15.29919],[-92.977,15.29726],[-92.96904,15.28798],[-92.9839,15.29957],[-92.98244,15.30344],[-92.99001,15.31027],[-92.99372,15.30743],[-93.00009,15.31529],[-92.9981,15.31735],[-93.01443,15.33359],[-93.01775,15.33462],[-93.01058,15.3274],[-93.01496,15.32663],[-93.02439,15.33435],[-93.0285,15.33204],[-93.03674,15.34054],[-93.04497,15.34131],[-93.04178,15.35214],[-93.0305,15.36451],[-93.02851,15.37572],[-93.01895,15.38332],[-93.0236,15.39903],[-93.00329,15.43278],[-92.99531,15.43794],[-93.00355,15.43408],[-93.01577,15.41501],[-93.02493,15.398],[-93.01935,15.38512],[-93.02559,15.37662],[-93.03024,15.37507],[-93.03116,15.36502],[-93.0451,15.34647],[-93.04816,15.35213],[-93.05294,15.352],[-93.05904,15.35935],[-93.0706,15.36321],[-93.06927,15.36862],[-93.07605,15.38047],[-93.07844,15.37995],[-93.07804,15.38536],[-93.08402,15.3882],[-93.08256,15.39284],[-93.08641,15.39657],[-93.09651,15.39966],[-93.0965,15.39541],[-93.07445,15.37532],[-93.07552,15.37339],[-93.09119,15.38381],[-93.0953,15.3918],[-93.11085,15.40107],[-93.12892,15.41832],[-93.13198,15.41755],[-93.05294,15.34389],[-93.20974,15.48551],[-93.17052,15.4554],[-93.15152,15.44858],[-93.13916,15.43326],[-93.13079,15.42901],[-93.12893,15.43301],[-93.15073,15.45464],[-93.151,15.46237],[-93.14489,15.46005],[-93.13983,15.44975],[-93.12814,15.44976],[-93.13427,15.46882],[-93.14064,15.47165],[-93.14318,15.48428],[-93.1388,15.49277],[-93.14293,15.49974],[-93.14133,15.50644],[-93.14678,15.51004],[-93.14572,15.51391],[-93.15079,15.51958],[-93.15769,15.5206],[-93.16567,15.53141],[-93.17922,15.52805],[-93.18853,15.53526],[-93.19091,15.5301],[-93.20022,15.53022],[-93.2042,15.53267],[-93.20873,15.54658],[-93.21699,15.55842],[-93.22151,15.55842],[-93.22683,15.56421],[-93.23321,15.5642],[-93.23348,15.57013],[-93.24332,15.57604],[-93.25554,15.56674],[-93.26618,15.57177],[-93.26723,15.56404],[-93.27321,15.56274],[-93.25458,15.54627],[-93.27653,15.55913],[-93.28264,15.55912],[-93.2873,15.56246],[-93.2869,15.56684],[-93.29515,15.56812],[-93.29569,15.57611],[-93.31964,15.5954],[-93.31446,15.59773],[-93.3154,15.6003],[-93.3207,15.5985],[-93.3271,15.60132],[-93.32709,15.59822],[-93.33081,15.59693],[-93.34491,15.60541],[-93.34839,15.61442],[-93.36409,15.6229],[-93.35666,15.63051],[-93.35879,15.63386],[-93.35601,15.6425],[-93.36187,15.64687],[-93.37291,15.64865],[-93.37741,15.64053],[-93.36875,15.6332],[-93.36862,15.63075],[-93.37208,15.63087],[-93.39711,15.64888],[-93.39911,15.6517],[-93.39525,15.65454],[-93.37848,15.64181],[-93.37742,15.64555],[-93.38781,15.65687],[-93.38837,15.67207],[-93.39288,15.66523],[-93.39954,15.66754],[-93.42777,15.69029],[-93.4456,15.69541],[-93.4624,15.71264],[-93.46813,15.71958],[-93.46162,15.71985],[-93.42805,15.69763],[-93.42552,15.69184],[-93.40674,15.67874],[-93.40955,15.68749],[-93.40649,15.68879],[-93.4069,15.69523],[-93.41187,15.71609],[-93.4148,15.72149],[-93.41959,15.72225],[-93.42493,15.73204],[-93.42812,15.73048],[-93.42599,15.72508],[-93.43156,15.723],[-93.43171,15.72713],[-93.44569,15.73367],[-93.45232,15.7258],[-93.46229,15.72397],[-93.45233,15.73688],[-93.44358,15.7423],[-93.43214,15.74155],[-93.43481,15.74593],[-93.43065,15.7486],[-93.42388,15.73629],[-93.41017,15.73387],[-93.40554,15.74624],[-93.40795,15.75474],[-93.40197,15.75836],[-93.41092,15.77354],[-93.41997,15.7752],[-93.42767,15.76759],[-93.43725,15.7695],[-93.4407,15.7673],[-93.45377,15.7781],[-93.46857,15.77489],[-93.47213,15.77909],[-93.48543,15.7792],[-93.48998,15.78961],[-93.49956,15.78985],[-93.49821,15.78186],[-93.503,15.78314],[-93.50339,15.77696],[-93.50977,15.77617],[-93.50856,15.77307],[-93.51787,15.77074],[-93.52639,15.77458],[-93.53307,15.78204],[-93.53229,15.79106],[-93.54081,15.79104],[-93.54747,15.7954],[-93.54814,15.79952],[-93.55414,15.80015],[-93.55734,15.80554],[-93.56987,15.81106],[-93.57095,15.81621],[-93.5772,15.81722],[-93.57817,15.82907],[-93.58056,15.82675],[-93.58938,15.84063],[-93.60459,15.85425],[-93.61071,15.8541],[-93.61259,15.85771],[-93.6203,15.85652],[-93.62723,15.86076],[-93.63575,15.86034],[-93.65962,15.87341],[-93.66377,15.88139],[-93.66089,15.89698],[-93.65333,15.90409],[-93.65285,15.92187],[-93.64848,15.93],[-93.64157,15.93376],[-93.64026,15.94072],[-93.67172,15.95002],[-93.67706,15.95452],[-93.67668,15.96044],[-93.68539,15.97639],[-93.70056,15.97402],[-93.69961,15.96964],[-93.70451,15.96267],[-93.70878,15.96356],[-93.71063,15.95982],[-93.71702,15.95825],[-93.71726,15.95335],[-93.72711,15.95229],[-93.73881,15.9471],[-93.73827,15.94452],[-93.74173,15.94348],[-93.74895,15.94964],[-93.76224,15.94676],[-93.76944,15.94957],[-93.78086,15.9418],[-93.77911,15.93484],[-93.7491,15.92104],[-93.67026,15.8708],[-93.66266,15.86954],[-93.66013,15.86439],[-93.57704,15.80628],[-93.57528,15.79765],[-93.5405,15.77429],[-93.52715,15.75938],[-93.51743,15.75451],[-93.51423,15.74627],[-93.6026,15.81097],[-93.62792,15.82275],[-93.64473,15.83687],[-93.73088,15.89083],[-93.74049,15.89608],[-93.74314,15.89453],[-93.7402,15.89209],[-93.68952,15.86121],[-93.68978,15.85838],[-93.76422,15.90605],[-93.85548,15.95646],[-93.90645,15.9797],[-93.93897,15.98586],[-93.93395,15.99465],[-93.92462,15.99288],[-93.92224,15.9965],[-93.91021,15.98742],[-93.91024,15.99269],[-93.88623,15.9848],[-93.87372,15.98562],[-93.84355,15.96835],[-93.83129,15.9666],[-93.81167,15.95405],[-93.79769,15.95384],[-93.82304,15.9674],[-93.82505,15.971],[-93.82305,15.9732],[-93.80971,15.96501],[-93.8084,15.96901],[-93.81321,15.97375],[-93.80977,15.97827],[-93.82337,15.9826],[-93.82223,15.98707],[-93.81886,15.98777],[-93.82101,15.99189],[-93.83809,16.00058],[-93.84558,16.00802],[-93.84909,16.01831],[-93.86056,16.02213],[-93.86484,16.02727],[-93.86207,16.03449],[-93.86594,16.03576],[-93.86704,16.04014],[-93.87142,16.03961],[-93.87093,16.04888],[-93.88647,16.06788],[-93.88558,16.07922],[-93.89306,16.08331],[-93.91279,16.08516],[-93.92949,16.09475],[-93.93094,16.09219],[-93.94482,16.09623],[-93.95572,16.09257],[-93.9584,16.09565],[-93.96138,16.09292],[-93.96463,16.09426],[-93.9627,16.0995],[-93.98211,16.09371],[-94.00454,16.1024],[-94.0091,16.10882],[-94.0263,16.10633],[-94.02537,16.11106],[-94.03152,16.11567],[-94.03061,16.11953],[-94.04117,16.12914],[-94.06945,16.13261],[-94.0777,16.13012],[-94.07839,16.13398],[-94.09159,16.13623],[-94.09776,16.14341],[-94.10234,16.14177],[-94.10467,16.15278],[-94.10959,16.16216],[-94.11333,16.16304],[-94.11086,16.17374],[-94.1173,16.18118],[-94.11659,16.19716],[-94.12347,16.21193],[-94.11792,16.2202],[-94.1262,16.22325],[-94.14112,16.22176],[-94.15039,16.20986],[-94.15917,16.20813],[-94.16686,16.19998],[-94.19083,16.19714],[-94.19227,16.19159],[-94.2009,16.18703],[-94.20413,16.19101],[-94.21263,16.18723],[-94.22011,16.18936],[-94.22417,16.19978],[-94.23725,16.20164],[-94.24048,16.20729],[-94.27406,16.20503],[-94.27515,16.20966],[-94.28395,16.20883],[-94.29281,16.21883],[-94.30147,16.23783],[-94.32257,16.24401],[-94.32653,16.23741],[-94.33559,16.23827],[-94.33362,16.24073],[-94.34031,16.24506],[-94.34598,16.25532],[-94.35133,16.27564],[-94.36633,16.28727],[-94.37493,16.29682],[-94.37169,16.29723],[-94.37416,16.30035],[-94.37923,16.30097],[-94.37534,16.29687],[-94.40342,16.28934],[-94.41536,16.28141],[-94.41803,16.27479],[-94.4125,16.27241],[-94.41427,16.26521],[-94.40671,16.25821],[-94.41573,16.24878],[-94.41576,16.24174],[-94.4105,16.23782],[-94.4164,16.2407],[-94.4172,16.23799],[-94.4231,16.23772],[-94.42414,16.2437],[-94.43127,16.2471],[-94.43034,16.24518],[-94.43464,16.2447],[-94.44293,16.23584],[-94.43822,16.23412],[-94.44059,16.22796],[-94.40763,16.22219],[-94.40825,16.22028],[-94.42162,16.2238],[-94.424,16.2212],[-94.43657,16.22142],[-94.43621,16.21902],[-94.44342,16.21526],[-94.42628,16.20483],[-94.4217,16.19842],[-94.40002,16.18762],[-94.39816,16.18344],[-94.39414,16.18355],[-94.3895,16.17815],[-94.39518,16.17919],[-94.39063,16.17725],[-94.3362,16.16562],[-94.30038,16.15309],[-94.30528,16.14868],[-94.29713,16.145],[-94.25764,16.13828],[-94.21772,16.12473],[-94.2227,16.13372],[-94.24141,16.14172],[-94.23375,16.14184],[-94.18717,16.11963],[-94.17733,16.12071],[-94.16394,16.11151],[-94.1402,16.10519],[-94.13404,16.10201],[-94.13643,16.10019],[-94.13481,16.0953],[-94.12865,16.09173],[-94.11856,16.09835],[-94.11082,16.09543],[-94.10974,16.09247],[-94.11374,16.09297],[-94.11426,16.09026],[-94.09561,16.091],[-94.08476,16.08114],[-94.0838,16.07548],[-94.07419,16.07256],[-94.07016,16.06382],[-94.06079,16.05731],[-94.05259,16.04214],[-94.03974,16.0301],[-94.03605,16.02218],[-93.98351,15.99816],[-93.97897,15.99741],[-93.9781,16.00085],[-93.96856,15.99179],[-93.97095,15.99087],[-94.07479,16.03585],[-94.20036,16.09649],[-94.26873,16.12225],[-94.37689,16.15673],[-94.47755,16.18143],[-94.55042,16.19392],[-94.69715,16.21004],[-94.72674,16.21007],[-94.72553,16.21432],[-94.72066,16.21505],[-94.72942,16.21945],[-94.73305,16.23037],[-94.66177,16.25013],[-94.62644,16.26611],[-94.61977,16.265],[-94.61979,16.25161],[-94.60959,16.24345],[-94.61903,16.24028],[-94.62058,16.23409],[-94.63094,16.2295],[-94.63467,16.22986],[-94.64208,16.23856],[-94.64039,16.24372],[-94.63481,16.24634],[-94.63802,16.24864],[-94.64302,16.23907],[-94.65101,16.23836],[-94.65612,16.24386],[-94.66486,16.23722],[-94.67908,16.23338],[-94.67853,16.23055],[-94.67429,16.23161],[-94.66951,16.21993],[-94.632,16.22859],[-94.62873,16.21973],[-94.61464,16.22473],[-94.6093,16.22336],[-94.60833,16.21924],[-94.61488,16.22023],[-94.61216,16.21484],[-94.60495,16.21386],[-94.56982,16.22095],[-94.56986,16.22623],[-94.57309,16.22827],[-94.57183,16.23909],[-94.58378,16.23321],[-94.59084,16.23328],[-94.55877,16.25972],[-94.55484,16.27552],[-94.56223,16.28636],[-94.56386,16.2935],[-94.56138,16.29996],[-94.57129,16.30541],[-94.58008,16.30213],[-94.59058,16.28274],[-94.59881,16.27778],[-94.60341,16.27054],[-94.60124,16.2654],[-94.60241,16.26243],[-94.60773,16.26187],[-94.6062,16.25274],[-94.61002,16.24692],[-94.61673,16.25189],[-94.61925,16.26553],[-94.6246,16.2687],[-94.61715,16.27133],[-94.59627,16.29403],[-94.5842,16.31885],[-94.58589,16.32965],[-94.61749,16.3541],[-94.61242,16.36139],[-94.61472,16.36652],[-94.62152,16.36492],[-94.61721,16.3593],[-94.61998,16.35474],[-94.67395,16.36567],[-94.68243,16.35904],[-94.69493,16.35494],[-94.7262,16.33164],[-94.73133,16.32258],[-94.73055,16.31023],[-94.7345,16.30427],[-94.74486,16.30045],[-94.77687,16.30121],[-94.78191,16.29821],[-94.79105,16.2765],[-94.80276,16.27434],[-94.81269,16.28095],[-94.81581,16.29653],[-94.79027,16.30883],[-94.7722,16.33023],[-94.79915,16.34622],[-94.80669,16.36503],[-94.81749,16.36821],[-94.81595,16.37467],[-94.82096,16.37717],[-94.80945,16.38754],[-94.80861,16.39269],[-94.8159,16.39875],[-94.81936,16.39756],[-94.82581,16.40162],[-94.82131,16.4063],[-94.81573,16.40437],[-94.82146,16.40758],[-94.83746,16.40641],[-94.84234,16.42929],[-94.86023,16.43029],[-94.86373,16.43425],[-94.86423,16.43038],[-94.88283,16.42172],[-94.90045,16.42324],[-94.92601,16.41734],[-94.93653,16.4014],[-94.95489,16.38424],[-94.96426,16.34398],[-94.97264,16.33231],[-94.97585,16.33133],[-94.97696,16.33717],[-94.98148,16.33596],[-94.98196,16.33094],[-94.99184,16.33162],[-94.994,16.33468],[-95.00086,16.33108],[-95.01405,16.33385],[-95.02896,16.33209],[-95.03252,16.32959],[-95.02785,16.32681],[-95.03742,16.32274],[-95.04101,16.31595],[-95.04935,16.31046],[-95.04721,16.30971],[-95.04943,16.30531],[-95.05446,16.30127],[-95.05849,16.30432],[-95.06565,16.30104],[-95.06762,16.29793],[-95.06501,16.27812],[-95.04903,16.26643],[-95.02146,16.25511],[-94.98512,16.2467],[-94.9499,16.24381],[-94.90195,16.24682],[-94.86312,16.25746],[-94.84567,16.27216],[-94.85741,16.27387],[-94.85744,16.27721],[-94.8662,16.28135],[-94.86159,16.28273],[-94.84868,16.28051],[-94.83537,16.28333],[-94.81677,16.27525],[-94.83146,16.26431],[-94.84192,16.27014],[-94.83917,16.26192],[-94.84995,16.25641],[-94.88861,16.24591],[-94.92695,16.2417],[-94.97549,16.24344],[-95.00513,16.24922],[-95.05434,16.26445],[-95.07302,16.26633],[-95.08074,16.26497],[-95.09184,16.25623],[-95.09361,16.24669],[-95.1042,16.24014],[-95.10508,16.2355],[-95.08648,16.22744],[-95.06102,16.22451],[-94.87492,16.23599],[-94.84183,16.23204],[-94.83698,16.2273],[-94.82179,16.22705],[-94.81705,16.22302],[-94.76844,16.22351],[-94.76631,16.22168],[-94.78229,16.22198],[-94.78226,16.21811],[-94.76705,16.21721],[-94.76488,16.21246],[-94.84567,16.2159],[-94.92567,16.20798],[-94.92561,16.21197],[-94.92907,16.21271],[-94.92723,16.21517],[-94.89503,16.2201],[-94.90809,16.22075],[-94.97835,16.20981],[-94.98207,16.20849],[-94.97616,16.20429],[-94.97753,16.19904],[-94.98515,16.19829],[-94.98423,16.20207],[-94.99181,16.19695],[-95.01469,16.19299],[-95.01712,16.19605],[-95.02084,16.19499],[-95.01974,16.19165],[-95.07004,16.18615],[-95.07189,16.18381],[-95.13866,16.18929],[-95.14627,16.19955],[-95.1357,16.20764],[-95.14732,16.2222],[-95.14658,16.22762],[-95.15586,16.23576],[-95.14953,16.22965],[-95.14783,16.22065],[-95.1369,16.20583],[-95.14616,16.20136],[-95.14627,16.18694],[-95.15698,16.17962],[-95.15166,16.16808],[-95.16894,16.16482],[-95.19403,16.16894],[-95.19408,16.1728],[-95.2027,16.16962],[-95.19768,16.16092],[-95.19979,16.15974],[-95.23176,16.15941],[-95.24788,16.14778],[-95.24825,16.13323],[-95.26421,16.131],[-95.28166,16.11987],[-95.27805,16.10678],[-95.28811,16.10165],[-95.30326,16.09917],[-95.30587,16.09412],[-95.33961,16.08745],[-95.35389,16.07931],[-95.37827,16.04647],[-95.37557,16.03234],[-95.36814,16.02315],[-95.3689,16.02005],[-95.39492,16.01397],[-95.39935,16.0062],[-95.4227,16.00079],[-95.43572,15.97631],[-95.48363,15.97615],[-95.49476,15.97254],[-95.49654,15.96609],[-95.50026,15.96514],[-95.57014,15.95737],[-95.57886,15.95275],[-95.58462,15.94471],[-95.60799,15.9416],[-95.61377,15.93586],[-95.61264,15.93124],[-95.64791,15.92245],[-95.66087,15.91624],[-95.66135,15.91263],[-95.71211,15.90775],[-95.76885,15.89545],[-95.78041,15.88539],[-95.77676,15.87128],[-95.78529,15.87246],[-95.78426,15.88431],[-95.78946,15.88553],[-95.8002,15.87394],[-95.78792,15.87048],[-95.83145,15.86426],[-95.85394,15.85638],[-95.87914,15.85205],[-95.89018,15.84303],[-95.962,15.82726],[-95.96646,15.82372],[-95.96587,15.81961],[-95.97141,15.81658],[-96.00357,15.80903],[-96.03154,15.79165],[-96.04478,15.78815],[-96.04851,15.78898],[-96.0482,15.7921],[-96.05128,15.78652],[-96.06255,15.77933],[-96.07267,15.77793],[-96.0765,15.76974],[-96.07495,15.76663],[-96.09585,15.77296],[-96.09978,15.76748],[-96.09651,15.76461],[-96.09952,15.75821],[-96.10644,15.75753],[-96.11116,15.76248],[-96.11754,15.76244],[-96.12697,15.75343],[-96.13149,15.75297],[-96.1287,15.74328],[-96.12551,15.74389],[-96.12422,15.74052],[-96.12879,15.73737],[-96.13462,15.73834],[-96.14265,15.73407],[-96.14579,15.73759],[-96.14745,15.73324],[-96.15196,15.73317],[-96.14435,15.7274],[-96.16673,15.72254],[-96.17456,15.71337],[-96.1785,15.71652],[-96.17936,15.71242],[-96.18252,15.714],[-96.19405,15.70643],[-96.19724,15.70634],[-96.19745,15.71085],[-96.20328,15.71182],[-96.20834,15.70121],[-96.21701,15.69977],[-96.21517,15.69718],[-96.22447,15.69742],[-96.22508,15.69138],[-96.23464,15.69189],[-96.23813,15.68923],[-96.23769,15.68227],[-96.28307,15.68632],[-96.30994,15.68381],[-96.32875,15.68817],[-96.34632,15.68606],[-96.35238,15.68987],[-96.36178,15.68213],[-96.37737,15.68876],[-96.38775,15.68785],[-96.42379,15.69574],[-96.44085,15.6917],[-96.45453,15.68079],[-96.46273,15.68397],[-96.47084,15.67325],[-96.478,15.67411],[-96.47859,15.66922],[-96.48205,15.66925],[-96.48144,15.66462],[-96.4901,15.66242],[-96.49165,15.66603],[-96.49565,15.6653],[-96.49893,15.65774],[-96.51826,15.66284],[-96.52732,15.66103],[-96.5464,15.66523],[-96.55599,15.66341],[-96.55524,15.65825],[-96.57136,15.66641],[-96.61533,15.67938],[-96.65309,15.6991],[-96.70526,15.71742],[-96.80823,15.73393],[-96.83935,15.73269],[-96.86081,15.73974],[-96.86157,15.74283],[-96.93376,15.78241],[-96.96794,15.79445],[-97.01306,15.80452],[-97.01992,15.81025],[-97.02652,15.82963],[-97.02633,15.82087],[-97.02177,15.81156],[-97.0263,15.81057],[-97.04874,15.82867],[-97.04553,15.83057],[-97.04641,15.83599],[-97.06195,15.86024],[-97.07113,15.85548],[-97.08595,15.86003],[-97.10475,15.86946],[-97.13566,15.89369],[-97.16349,15.90655],[-97.21443,15.92397],[-97.23729,15.92738],[-97.27127,15.93795],[-97.28991,15.93759],[-97.33456,15.94592],[-97.35853,15.94456],[-97.36764,15.93677],[-97.41018,15.94418],[-97.42218,15.94195],[-97.47454,15.9525],[-97.52102,15.96815],[-97.53698,15.96967],[-97.53642,15.97328],[-97.517,15.97172],[-97.51458,15.97493],[-97.54201,15.97409],[-97.55104,15.97775],[-97.55066,15.99321],[-97.5618,15.99959],[-97.56932,16.00853],[-97.57772,16.0082],[-97.58325,16.01609],[-97.59367,16.01152],[-97.60378,16.01352],[-97.63564,16.02738],[-97.65086,16.02219],[-97.65454,16.02943],[-97.65918,16.0122],[-97.66675,16.01482],[-97.66824,16.01174],[-97.68103,16.01053],[-97.68798,16.00671],[-97.6872,16.00207],[-97.6912,16.00235],[-97.69684,15.99517],[-97.70537,15.99522],[-97.70888,15.98752],[-97.71525,15.99039],[-97.72139,15.98875],[-97.72322,15.99275],[-97.73652,15.99515],[-97.73005,15.98661],[-97.74016,15.98951],[-97.735,15.98303],[-97.7382,15.98267],[-97.74774,15.98968],[-97.76225,15.99041],[-97.75578,15.98148],[-97.75312,15.98211],[-97.75309,15.98662],[-97.74562,15.988],[-97.73848,15.98138],[-97.74088,15.98062],[-97.7393,15.97766],[-97.73448,15.98149],[-97.72622,15.98157],[-97.71136,15.97465],[-97.68212,15.96816],[-97.6752,15.96529],[-97.67922,15.96261],[-97.77577,15.97915],[-97.78319,15.98563],[-97.78141,15.99308],[-97.78364,15.99826],[-97.79004,15.99829],[-97.78619,16.01798],[-97.78167,16.01615],[-97.77789,16.02411],[-97.77416,16.02538],[-97.76165,16.02337],[-97.75496,16.02823],[-97.72953,16.06956],[-97.73503,16.08376],[-97.72078,16.08431],[-97.72962,16.09763],[-97.727,16.11076],[-97.73323,16.11672],[-97.7326,16.13114],[-97.74259,16.15361],[-97.71477,16.18976],[-97.7208,16.20474],[-97.69353,16.21694],[-97.6817,16.23129],[-97.66994,16.23675],[-97.6564,16.22778],[-97.6486,16.21819],[-97.6464,16.20866],[-97.63923,16.2041],[-97.63417,16.20278],[-97.62308,16.20799],[-97.62009,16.21647],[-97.62344,16.2335],[-97.61731,16.23191],[-97.61138,16.22273],[-97.60818,16.22272],[-97.60456,16.22539],[-97.6053,16.23415],[-97.58996,16.25337],[-97.60505,16.26969],[-97.60737,16.28104],[-97.60358,16.28797],[-97.60446,16.29519],[-97.6127,16.29962],[-97.60088,16.31165],[-97.60143,16.31445],[-97.6147,16.29903],[-97.60488,16.29262],[-97.6082,16.28165],[-97.60613,16.2679],[-97.59117,16.25157],[-97.6068,16.23426],[-97.60844,16.22322],[-97.61941,16.23582],[-97.62412,16.23533],[-97.6232,16.20902],[-97.63923,16.20475],[-97.64972,16.22393],[-97.66172,16.23634],[-97.67005,16.23856],[-97.69668,16.22411],[-97.72245,16.20422],[-97.71583,16.19003],[-97.72277,16.18592],[-97.72523,16.17926],[-97.72807,16.17952],[-97.73174,16.17059],[-97.74188,16.1603],[-97.74446,16.15182],[-97.73656,16.13786],[-97.73373,16.12084],[-97.73653,16.11957],[-97.72964,16.0938],[-97.72263,16.08626],[-97.73569,16.0853],[-97.73072,16.07085],[-97.76056,16.02749],[-97.77788,16.02617],[-97.78058,16.02117],[-97.78833,16.01808],[-97.7927,15.99857],[-97.783,15.9949],[-97.78937,15.98669],[-97.85088,16.02284],[-97.96926,16.10523],[-98.10909,16.18032],[-98.18387,16.2118],[-98.17797,16.22104],[-98.16706,16.21623],[-98.1676,16.21366],[-98.15803,16.20758],[-98.14736,16.20829],[-98.11568,16.19683],[-98.11487,16.19915],[-98.06737,16.18052],[-98.06402,16.18424],[-98.07549,16.18417],[-98.07611,16.19241],[-98.08222,16.1981],[-98.07755,16.19809],[-98.07594,16.20117],[-98.07857,16.20943],[-98.08096,16.21021],[-98.08045,16.20634],[-98.0863,16.20933],[-98.08238,16.21975],[-98.09157,16.22198],[-98.10145,16.21919],[-98.10255,16.21236],[-98.10561,16.21444],[-98.10304,16.22293],[-98.10594,16.22861],[-98.11021,16.22966],[-98.10969,16.22527],[-98.11637,16.22221],[-98.11743,16.22453],[-98.13214,16.21377],[-98.13904,16.22076],[-98.16146,16.21698],[-98.17209,16.2245],[-98.17047,16.22938],[-98.17899,16.23328],[-98.16856,16.24046],[-98.1768,16.24641],[-98.1816,16.24592],[-98.18076,16.25622],[-98.18955,16.25831],[-98.19759,16.24804],[-98.18576,16.24052],[-98.18218,16.23561],[-98.18354,16.22879],[-98.19151,16.23642],[-98.20749,16.24086],[-98.21896,16.23987],[-98.21857,16.2373],[-98.19262,16.22522],[-98.18626,16.21528],[-98.20647,16.22978],[-98.24056,16.24085],[-98.31491,16.25605],[-98.42208,16.27028],[-98.53215,16.30997],[-98.54975,16.31362],[-98.554,16.31865],[-98.56893,16.32499],[-98.56559,16.33027],[-98.56664,16.33775],[-98.57369,16.34729],[-98.65759,16.42989],[-98.69519,16.45803],[-98.72744,16.49955],[-98.71727,16.51538],[-98.70124,16.52],[-98.67961,16.5161],[-98.67426,16.51841],[-98.66569,16.5336],[-98.65848,16.53616],[-98.63738,16.53535],[-98.63042,16.5423],[-98.60799,16.5384],[-98.59714,16.54779],[-98.58661,16.54556],[-98.57751,16.55199],[-98.56416,16.55144],[-98.55613,16.55762],[-98.54278,16.55526],[-98.53898,16.55942],[-98.54021,16.56851],[-98.5374,16.56956],[-98.52993,16.56721],[-98.51736,16.57195],[-98.50909,16.5691],[-98.49865,16.57603],[-98.48823,16.576],[-98.48801,16.58932],[-98.48258,16.59351],[-98.47857,16.59234],[-98.47325,16.58383],[-98.45577,16.57605],[-98.4537,16.56969],[-98.44778,16.57088],[-98.44606,16.5634],[-98.44285,16.56352],[-98.43184,16.58011],[-98.41793,16.58909],[-98.42366,16.59426],[-98.42161,16.61125],[-98.42526,16.59581],[-98.423,16.59116],[-98.44069,16.57189],[-98.44365,16.56414],[-98.44659,16.5647],[-98.44827,16.57222],[-98.45405,16.57181],[-98.45537,16.57734],[-98.46034,16.57712],[-98.4832,16.59378],[-98.4894,16.5885],[-98.48823,16.57716],[-98.50934,16.5758],[-98.53126,16.56863],[-98.54087,16.57189],[-98.54331,16.55823],[-98.54946,16.55631],[-98.55479,16.55838],[-98.56576,16.55274],[-98.57751,16.55431],[-98.58714,16.54776],[-98.59648,16.54945],[-98.61466,16.5415],[-98.62614,16.54384],[-98.63737,16.53832],[-98.65046,16.53976],[-98.6641,16.53617],[-98.67559,16.51983],[-98.68869,16.51856],[-98.69375,16.52475],[-98.71905,16.51567],[-98.72153,16.52118],[-98.71859,16.52426],[-98.73514,16.52816],[-98.72955,16.51604],[-98.73689,16.51785],[-98.7297,16.50831],[-98.73264,16.50703],[-98.77277,16.55461],[-98.80562,16.55825],[-98.81337,16.55633],[-98.82379,16.5602],[-98.82602,16.57274],[-98.81748,16.59059],[-98.82228,16.60734],[-98.82815,16.61534],[-98.8264,16.62435],[-98.82987,16.62541],[-98.83494,16.6357],[-98.84403,16.63827],[-98.85417,16.64795],[-98.85794,16.64719],[-98.85053,16.64584],[-98.84616,16.6388],[-98.83521,16.63389],[-98.83175,16.625],[-98.82667,16.62281],[-98.82988,16.61405],[-98.8228,16.60425],[-98.81842,16.58725],[-98.82685,16.5736],[-98.82552,16.56072],[-98.81845,16.55491],[-98.84463,16.54772],[-98.8457,16.5512],[-98.83608,16.55544],[-98.83634,16.55866],[-98.84997,16.55713],[-98.84422,16.56305],[-98.84676,16.56408],[-98.85264,16.5561],[-98.85959,16.55816],[-98.84677,16.54502],[-98.85854,16.52841],[-98.89219,16.53641],[-98.91302,16.53642],[-98.93198,16.54545],[-99.03643,16.58062],[-99.11766,16.60198],[-99.09655,16.60289],[-99.0375,16.5859],[-99.0391,16.59595],[-99.04939,16.60896],[-99.05536,16.62987],[-99.0637,16.63214],[-99.06857,16.63742],[-99.08427,16.63239],[-99.08935,16.62724],[-99.09069,16.63213],[-99.11261,16.64101],[-99.13051,16.64358],[-99.13906,16.63855],[-99.14159,16.62747],[-99.14787,16.62566],[-99.14854,16.63184],[-99.15536,16.63493],[-99.15696,16.63184],[-99.15322,16.63248],[-99.15322,16.62901],[-99.1599,16.6299],[-99.16498,16.63454],[-99.16912,16.63337],[-99.16511,16.629],[-99.16177,16.63016],[-99.15642,16.62269],[-99.1223,16.61108],[-99.12194,16.60623],[-99.11779,16.60352],[-99.12274,16.60326],[-99.16897,16.61792],[-99.31787,16.65497],[-99.4406,16.67922],[-99.55262,16.68874],[-99.60887,16.68372],[-99.60408,16.6913],[-99.60809,16.69],[-99.6068,16.71319],[-99.61194,16.68368],[-99.66465,16.69781],[-99.75302,16.7395],[-99.81713,16.78808],[-99.82837,16.79086],[-99.83476,16.78337],[-99.84413,16.78552],[-99.84604,16.79324],[-99.857,16.79371],[-99.85288,16.79888],[-99.84874,16.79915],[-99.84096,16.79378],[-99.83736,16.79637],[-99.83659,16.80436],[-99.84611,16.81063],[-99.85012,16.80945],[-99.8509,16.80559],[-99.86109,16.80992],[-99.86911,16.80886],[-99.87609,16.81514],[-99.86982,16.81813],[-99.86414,16.83387],[-99.85184,16.83546],[-99.85256,16.84602],[-99.86316,16.85512],[-99.88565,16.85889],[-99.90034,16.85252],[-99.90165,16.84774],[-99.9078,16.84785],[-99.90752,16.84347],[-99.91046,16.84281],[-99.904,16.83614],[-99.89894,16.8408],[-99.89211,16.83761],[-99.89436,16.83258],[-99.91466,16.82798],[-99.919,16.83904],[-99.91488,16.84421],[-99.92386,16.84984],[-99.92365,16.86014],[-99.93247,16.85997],[-99.93249,16.86371],[-99.9455,16.87902],[-99.9556,16.88318],[-99.95859,16.89244],[-99.99079,16.90993],[-100.04709,16.93039],[-100.11811,16.94817],[-100.28421,17.01159],[-100.5779,17.11164],[-100.63188,17.12795],[-100.65817,17.13276],[-100.66143,17.13814],[-100.66434,17.13399],[-100.68449,17.1404],[-100.81462,17.1918],[-100.90625,17.21864],[-100.90359,17.22034],[-100.92431,17.22851],[-100.9189,17.22405],[-100.91328,17.22398],[-100.91055,17.21988],[-100.99423,17.25229],[-101.00602,17.25243],[-101.03648,17.26873],[-101.04856,17.2708],[-101.05095,17.26833],[-101.0582,17.26928],[-101.06084,17.26578],[-101.06467,17.27282],[-101.06337,17.27644],[-101.05639,17.27522],[-101.05286,17.28324],[-101.05225,17.30101],[-101.07219,17.32269],[-101.10302,17.34658],[-101.10567,17.3674],[-101.11133,17.36915],[-101.11522,17.35778],[-101.10456,17.35197],[-101.10708,17.34988],[-101.16084,17.38484],[-101.17457,17.38932],[-101.17234,17.39295],[-101.18154,17.41113],[-101.22127,17.43682],[-101.29031,17.46732],[-101.33449,17.48187],[-101.33833,17.4889],[-101.34419,17.48536],[-101.44696,17.52723],[-101.45713,17.52556],[-101.45665,17.5302],[-101.46102,17.53581],[-101.4557,17.53871],[-101.4444,17.53666],[-101.43787,17.53005],[-101.43045,17.53671],[-101.42659,17.52929],[-101.42177,17.52999],[-101.42173,17.52703],[-101.4139,17.52339],[-101.40374,17.52596],[-101.41246,17.53641],[-101.41888,17.53453],[-101.42082,17.5394],[-101.42594,17.54075],[-101.43665,17.53946],[-101.43927,17.53441],[-101.44277,17.53552],[-101.43987,17.54946],[-101.44576,17.56818],[-101.47449,17.59845],[-101.51052,17.62297],[-101.51698,17.62379],[-101.54102,17.61563],[-101.54347,17.61791],[-101.55278,17.61161],[-101.55693,17.62057],[-101.54583,17.62355],[-101.55128,17.63866],[-101.55984,17.63675],[-101.56122,17.62952],[-101.571,17.62862],[-101.57146,17.62321],[-101.57173,17.63273],[-101.57481,17.63218],[-101.57702,17.63652],[-101.58779,17.6387],[-101.59524,17.63448],[-101.59851,17.63779],[-101.6005,17.65475],[-101.6069,17.6611],[-101.6443,17.66639],[-101.64883,17.6644],[-101.64289,17.67117],[-101.64586,17.69944],[-101.66334,17.72906],[-101.68669,17.75448],[-101.71188,17.76855],[-101.71818,17.77695],[-101.74663,17.79251],[-101.74672,17.80744],[-101.75946,17.82309],[-101.76975,17.82848],[-101.76904,17.84341],[-101.78594,17.86736],[-101.81236,17.88937],[-101.84433,17.90576],[-101.86511,17.91061],[-101.87416,17.92193],[-101.92863,17.94813],[-101.9379,17.95623],[-101.97011,17.96912],[-102.00066,17.97574],[-102.022,17.98598],[-102.06687,17.98859],[-102.1014,17.98165],[-102.11106,17.96648],[-102.12607,17.95281],[-102.13611,17.95597],[-102.13391,17.94984],[-102.14294,17.94868],[-102.1392,17.94708],[-102.1398,17.935],[-102.16276,17.92826],[-102.16243,17.93224],[-102.17025,17.93055],[-102.17692,17.934],[-102.17606,17.93694],[-102.17138,17.94421],[-102.1546,17.95117],[-102.16675,17.94749],[-102.17143,17.95759],[-102.17488,17.94349],[-102.18225,17.93691],[-102.18656,17.94495],[-102.18519,17.96345],[-102.19438,17.96848],[-102.18771,17.96555],[-102.18891,17.9491],[-102.18378,17.93358],[-102.18838,17.9231],[-102.17617,17.93013],[-102.16553,17.92277],[-102.18233,17.91477],[-102.19146,17.91516],[-102.26107,17.95142],[-102.32367,17.97275],[-102.32285,17.98265],[-102.31922,17.98247],[-102.29645,17.97636],[-102.29273,17.97386],[-102.29443,17.96797],[-102.28685,17.97147],[-102.24569,17.95467],[-102.24269,17.95733],[-102.24499,17.96509],[-102.27069,17.97253],[-102.27683,17.97583],[-102.2781,17.98035],[-102.28966,17.98064],[-102.29042,17.984],[-102.29362,17.98001],[-102.29985,17.98259],[-102.31305,17.98135],[-102.31885,17.98928],[-102.32669,17.98682],[-102.33522,17.99144],[-102.33772,17.98646],[-102.32459,17.98331],[-102.32593,17.97471],[-102.33331,17.97533],[-102.47608,18.01624],[-102.5606,18.03264],[-102.61044,18.04857],[-102.63733,18.04968],[-102.63972,18.05241],[-102.65374,18.05026],[-102.67542,18.05941],[-102.67975,18.05727],[-102.68887,18.05931],[-102.69121,18.05586],[-102.69942,18.05519],[-102.70261,18.05857],[-102.71858,18.06185],[-102.72105,18.06883],[-102.73876,18.07252],[-102.74435,18.0673],[-102.74467,18.07349],[-102.76031,18.07187],[-102.76373,18.0777],[-102.78656,18.08182],[-102.78578,18.08992],[-102.79232,18.09625],[-102.78793,18.09043],[-102.79138,18.08407],[-102.79242,18.08691],[-102.98769,18.17208],[-103.01484,18.17713],[-103.02793,18.18666],[-103.04328,18.18707],[-103.06394,18.19423],[-103.07046,18.18902],[-103.07367,18.19163],[-103.09467,18.193],[-103.113,18.1915],[-103.11558,18.20183],[-103.12095,18.20394],[-103.13091,18.20494],[-103.14792,18.20111],[-103.14695,18.20368],[-103.15029,18.20577],[-103.18086,18.21971],[-103.19429,18.22422],[-103.2059,18.22226],[-103.20623,18.2287],[-103.21146,18.23171],[-103.22787,18.23406],[-103.23276,18.23075],[-103.24943,18.23412],[-103.29215,18.24739],[-103.29617,18.24935],[-103.29719,18.25477],[-103.30926,18.26119],[-103.32004,18.26167],[-103.3399,18.27072],[-103.35153,18.26632],[-103.36325,18.26668],[-103.37006,18.27369],[-103.3729,18.27242],[-103.37204,18.27731],[-103.37673,18.28095],[-103.38928,18.27952],[-103.38936,18.28467],[-103.3961,18.28447],[-103.39687,18.28885],[-103.402,18.28812],[-103.4205,18.29922],[-103.49195,18.32902],[-103.49566,18.33704],[-103.50989,18.34423],[-103.51563,18.36629],[-103.52979,18.38314],[-103.52947,18.40451],[-103.54538,18.4376],[-103.56075,18.45446],[-103.56186,18.4676],[-103.57612,18.48882],[-103.5754,18.49397],[-103.57939,18.50121],[-103.62425,18.54609],[-103.64493,18.55989],[-103.65705,18.56333],[-103.65836,18.569],[-103.66666,18.5773],[-103.69544,18.59231],[-103.70111,18.59312],[-103.70464,18.59005],[-103.7084,18.59304],[-103.71009,18.59657],[-103.70593,18.59843],[-103.70536,18.60229],[-103.70024,18.6011],[-103.69626,18.6097],[-103.68935,18.61274],[-103.68611,18.6292],[-103.70267,18.6543],[-103.70183,18.65867],[-103.70588,18.65818],[-103.72425,18.67711],[-103.7376,18.68432],[-103.73252,18.69094],[-103.73262,18.69648],[-103.72542,18.70158],[-103.7237,18.70901],[-103.72663,18.70159],[-103.7331,18.6977],[-103.7336,18.69133],[-103.73979,18.6955],[-103.74318,18.69397],[-103.73679,18.68922],[-103.73701,18.68643],[-103.73958,18.68725],[-103.74867,18.69968],[-103.79996,18.74637],[-103.76156,18.71109],[-103.75239,18.70833],[-103.75142,18.71231],[-103.76042,18.71933],[-103.76119,18.72538],[-103.75821,18.72588],[-103.76032,18.73272],[-103.76465,18.73249],[-103.76435,18.73661],[-103.76813,18.73766],[-103.76393,18.73892],[-103.75861,18.74597],[-103.76049,18.7474],[-103.77212,18.7467],[-103.77583,18.75651],[-103.78447,18.75799],[-103.78992,18.75223],[-103.80047,18.75152],[-103.80303,18.75231],[-103.8023,18.76003],[-103.80542,18.75902],[-103.80615,18.75079],[-103.85242,18.78378],[-103.95128,18.84463],[-103.96956,18.86379],[-103.96198,18.86542],[-103.96032,18.87069],[-103.96359,18.86672],[-103.969,18.86649],[-103.97762,18.87285],[-103.9802,18.87106],[-103.9707,18.86548],[-103.97712,18.86666],[-103.9833,18.87249],[-104.05292,18.9057],[-104.11227,18.94076],[-104.17763,18.96939],[-104.2925,19.01185],[-104.32036,19.01904],[-104.33066,19.0174],[-104.33525,19.02102],[-104.32917,19.05126],[-104.3184,19.05762],[-104.31751,19.05444],[-104.31129,19.05352],[-104.30232,19.05992],[-104.29881,19.05695],[-104.29366,19.05834],[-104.29047,19.0752],[-104.29221,19.08036],[-104.29871,19.0809],[-104.30004,19.08631],[-104.30402,19.08572],[-104.30051,19.07215],[-104.29442,19.07032],[-104.30313,19.06173],[-104.30483,19.07474],[-104.30967,19.08403],[-104.32546,19.09813],[-104.34468,19.10335],[-104.34946,19.09216],[-104.35393,19.0914],[-104.35473,19.09604],[-104.34982,19.10452],[-104.35303,19.11432],[-104.35655,19.11639],[-104.37794,19.11969],[-104.39177,19.11587],[-104.39872,19.10675],[-104.38981,19.09693],[-104.39712,19.08803],[-104.40402,19.10084],[-104.41267,19.10538],[-104.42326,19.10065],[-104.42775,19.09319],[-104.43871,19.09812],[-104.43821,19.08447],[-104.4482,19.09454],[-104.45114,19.10897],[-104.46658,19.10992],[-104.47144,19.11573],[-104.48821,19.12441],[-104.58868,19.14913],[-104.58553,19.16238],[-104.59374,19.16307],[-104.58594,19.16213],[-104.58732,19.15312],[-104.58949,19.1508],[-104.59719,19.15198],[-104.59546,19.14888],[-104.67292,19.17428],[-104.69595,19.17728],[-104.70029,19.17986],[-104.69716,19.18656],[-104.69065,19.18835],[-104.6886,19.19839],[-104.68115,19.19606],[-104.67664,19.18634],[-104.66003,19.18134],[-104.66613,19.17852],[-104.64379,19.17204],[-104.64608,19.17642],[-104.65394,19.17824],[-104.65471,19.19614],[-104.67044,19.19668],[-104.66867,19.19964],[-104.67097,19.20209],[-104.67477,19.1994],[-104.68439,19.20096],[-104.68627,19.20817],[-104.70265,19.22211],[-104.71377,19.2211],[-104.71378,19.21723],[-104.73356,19.22216],[-104.73437,19.22731],[-104.72962,19.22988],[-104.73191,19.2389],[-104.73977,19.24019],[-104.7471,19.23544],[-104.75252,19.23712],[-104.7585,19.22889],[-104.76039,19.23172],[-104.77124,19.23251],[-104.77231,19.23947],[-104.79048,19.2382],[-104.79564,19.23241],[-104.80784,19.23564],[-104.80808,19.25754],[-104.79981,19.26191],[-104.79858,19.26886],[-104.78839,19.28276],[-104.79448,19.2959],[-104.80613,19.30312],[-104.82892,19.30765],[-104.83489,19.30611],[-104.84113,19.29955],[-104.83626,19.28976],[-104.86148,19.29068],[-104.87166,19.2867],[-104.87356,19.27974],[-104.88183,19.28709],[-104.9057,19.29689],[-104.90461,19.3005],[-104.91058,19.29792],[-104.93689,19.31043],[-104.95804,19.32975],[-104.96374,19.3313],[-104.96835,19.34006],[-104.99087,19.35706],[-104.9944,19.36543],[-104.9982,19.36478],[-105.03158,19.38951],[-105.02955,19.39492],[-105.02398,19.39324],[-105.021,19.39595],[-105.01706,19.40754],[-105.01815,19.41501],[-105.02752,19.43033],[-105.02535,19.43741],[-105.02969,19.43716],[-105.03295,19.44501],[-105.03784,19.44424],[-105.04463,19.45261],[-105.05332,19.45492],[-105.05549,19.46007],[-105.06608,19.46471],[-105.07142,19.47149],[-105.05903,19.47089],[-105.05876,19.48119],[-105.06433,19.48711],[-105.06121,19.49381],[-105.06651,19.50102],[-105.07262,19.50012],[-105.08077,19.50514],[-105.08255,19.54042],[-105.09003,19.5618],[-105.0971,19.5654],[-105.10268,19.57673],[-105.11396,19.58574],[-105.13027,19.58766],[-105.13488,19.58495],[-105.13352,19.57696],[-105.14235,19.57722],[-105.14385,19.5834],[-105.15119,19.58622],[-105.15229,19.60451],[-105.15855,19.60463],[-105.15923,19.60991],[-105.17025,19.61724],[-105.1833,19.62186],[-105.1977,19.62224],[-105.19893,19.6279],[-105.20968,19.63626],[-105.20534,19.64116],[-105.19827,19.64065],[-105.19936,19.64271],[-105.21593,19.64511],[-105.21513,19.64256],[-105.20996,19.64347],[-105.20942,19.64102],[-105.21376,19.64012],[-105.25922,19.67856],[-105.25937,19.68809],[-105.26824,19.70276],[-105.28648,19.71625],[-105.30475,19.74442],[-105.32819,19.7655],[-105.32753,19.77271],[-105.33327,19.78661],[-105.34979,19.81233],[-105.37175,19.83701],[-105.37326,19.84281],[-105.37952,19.84498],[-105.40942,19.88046],[-105.40235,19.88305],[-105.39028,19.90291],[-105.39382,19.90444],[-105.40088,19.89284],[-105.4055,19.89283],[-105.40656,19.88175],[-105.4142,19.88663],[-105.49074,19.98816],[-105.51074,20.02133],[-105.54846,20.09538],[-105.54525,20.11136],[-105.54883,20.16208],[-105.54278,20.1858],[-105.55107,20.2177],[-105.56245,20.23415],[-105.57311,20.23888],[-105.57446,20.23514],[-105.58047,20.23692],[-105.57967,20.2413],[-105.5882,20.2611],[-105.65584,20.31726],[-105.65847,20.32472],[-105.67425,20.34346],[-105.68224,20.36043],[-105.69219,20.3882],[-105.69406,20.40905],[-105.67863,20.4104],[-105.67315,20.40643],[-105.67064,20.42459],[-105.66751,20.42718],[-105.65467,20.42723],[-105.65046,20.43317],[-105.6509,20.44115],[-105.64545,20.44387],[-105.64162,20.44208],[-105.63221,20.44766],[-105.61591,20.46935],[-105.6084,20.47079],[-105.60432,20.47518],[-105.59092,20.47368],[-105.57456,20.48301],[-105.56581,20.48214],[-105.5564,20.48757],[-105.54423,20.48594],[-105.54042,20.48917],[-105.51638,20.49272],[-105.49478,20.48879],[-105.46856,20.4962],[-105.45681,20.49495],[-105.44804,20.48853],[-105.44349,20.48876],[-105.4437,20.50026],[-105.42867,20.49914],[-105.39534,20.50746],[-105.36964,20.50391],[-105.35298,20.50806],[-105.34368,20.50705],[-105.32456,20.51404],[-105.31554,20.51316],[-105.31924,20.51882],[-105.29262,20.53213],[-105.2869,20.54488],[-105.27296,20.54812],[-105.26395,20.55548],[-105.25903,20.55587],[-105.24472,20.58229],[-105.24432,20.59079],[-105.24023,20.59543],[-105.2322,20.62351],[-105.23482,20.63716],[-105.24346,20.6477],[-105.24483,20.65311],[-105.24114,20.65376],[-105.24114,20.65698],[-105.24388,20.65878],[-105.24935,20.65491],[-105.27674,20.67032],[-105.27457,20.67566],[-105.27989,20.67263],[-105.27826,20.68139],[-105.27293,20.68603],[-105.26637,20.68591],[-105.25627,20.6953],[-105.26391,20.68759],[-105.27376,20.6868],[-105.28687,20.67416],[-105.31339,20.72923],[-105.34068,20.7557],[-105.35274,20.76134],[-105.36561,20.76105],[-105.37079,20.75177],[-105.38092,20.75046],[-105.38063,20.74673],[-105.38828,20.74066],[-105.39758,20.73575],[-105.41263,20.73584],[-105.43347,20.74763],[-105.46361,20.75541],[-105.47592,20.75229],[-105.51021,20.77189],[-105.51979,20.77109],[-105.52934,20.76423],[-105.53233,20.75779],[-105.5381,20.76189],[-105.53881,20.7709],[-105.52369,20.79039],[-105.51903,20.79156],[-105.51134,20.78257],[-105.50695,20.78246],[-105.49056,20.79216],[-105.4655,20.83575],[-105.45383,20.87132],[-105.45055,20.87558],[-105.44341,20.86954],[-105.43657,20.87252],[-105.42728,20.88272],[-105.42129,20.89741],[-105.418,20.89716],[-105.40165,20.93119],[-105.39248,20.93353],[-105.38359,20.94359],[-105.37674,20.94464],[-105.37059,20.95186],[-105.3595,20.95446],[-105.34502,20.97896],[-105.34036,20.97832],[-105.33256,20.98439],[-105.31835,21.00579],[-105.31279,21.03503],[-105.30621,21.03633],[-105.29521,21.02553],[-105.28288,21.028],[-105.2719,21.02325],[-105.24341,21.04802],[-105.23466,21.06593],[-105.22855,21.10482],[-105.23063,21.11898],[-105.2375,21.12129],[-105.23875,21.13262],[-105.23149,21.13932],[-105.23574,21.1406],[-105.2352,21.14472],[-105.22396,21.15684],[-105.22576,21.16482],[-105.2318,21.16417],[-105.23181,21.17074],[-105.22866,21.17332],[-105.23264,21.17692],[-105.23279,21.18258],[-105.22389,21.19624],[-105.2173,21.19895],[-105.21635,21.20629],[-105.22774,21.29229],[-105.24404,21.34376],[-105.23826,21.34094],[-105.2315,21.32627],[-105.22833,21.31804],[-105.23025,21.31366],[-105.2223,21.32551],[-105.22259,21.33967],[-105.21889,21.3438],[-105.22247,21.34766],[-105.23566,21.3506],[-105.24693,21.34672],[-105.23856,21.35562],[-105.23817,21.37236],[-105.23185,21.37185],[-105.22925,21.37726],[-105.23036,21.38627],[-105.22142,21.385],[-105.21964,21.38835],[-105.21761,21.41024],[-105.20814,21.41823],[-105.20252,21.43626],[-105.194,21.43653],[-105.18837,21.44503],[-105.18867,21.46306],[-105.20148,21.48107],[-105.19723,21.49112],[-105.21556,21.51298],[-105.23099,21.52532],[-105.24723,21.52427],[-105.24831,21.51268],[-105.26207,21.51394],[-105.26662,21.51986],[-105.26733,21.53067],[-105.25769,21.52914],[-105.25577,21.53275],[-105.25137,21.53147],[-105.25191,21.52825],[-105.24338,21.5302],[-105.23928,21.54462],[-105.2408,21.55003],[-105.2492,21.55207],[-105.24191,21.55517],[-105.23849,21.56805],[-105.24593,21.571],[-105.24139,21.57552],[-105.24678,21.58529],[-105.25505,21.59133],[-105.2424,21.59959],[-105.24558,21.60899],[-105.2427,21.61311],[-105.25673,21.60536],[-105.25272,21.59816],[-105.2614,21.59995],[-105.26719,21.60612],[-105.26773,21.60161],[-105.27228,21.60225],[-105.26275,21.58785],[-105.26964,21.58899],[-105.27118,21.58311],[-105.26836,21.56621],[-105.27124,21.56543],[-105.27594,21.57315],[-105.27869,21.5707],[-105.27441,21.56517],[-105.27716,21.56465],[-105.27951,21.56799],[-105.28391,21.56644],[-105.2875,21.57107],[-105.2941,21.56784],[-105.29862,21.57688],[-105.29605,21.57903],[-105.30679,21.5812],[-105.30474,21.5888],[-105.30846,21.58931],[-105.31274,21.59703],[-105.31512,21.61376],[-105.32312,21.62224],[-105.32094,21.63023],[-105.34573,21.63173],[-105.34668,21.62606],[-105.34046,21.61835],[-105.33988,21.60444],[-105.34345,21.6016],[-105.33931,21.59466],[-105.34315,21.59182],[-105.34702,21.5967],[-105.35253,21.59682],[-105.3539,21.5936],[-105.35666,21.59694],[-105.35872,21.59513],[-105.32589,21.56791],[-105.32602,21.56353],[-105.34532,21.57842],[-105.37648,21.59561],[-105.38115,21.59457],[-105.38005,21.59225],[-105.38721,21.5943],[-105.38723,21.60254],[-105.39247,21.6033],[-105.39344,21.60716],[-105.38671,21.61374],[-105.39414,21.61153],[-105.39398,21.60381],[-105.3854,21.5858],[-105.39132,21.58785],[-105.39328,21.59737],[-105.39865,21.59891],[-105.39495,21.60612],[-105.39771,21.60766],[-105.4021,21.6025],[-105.40101,21.60611],[-105.4046,21.60816],[-105.39799,21.61024],[-105.39594,21.61462],[-105.40945,21.62025],[-105.40856,21.62914],[-105.41316,21.61934],[-105.39883,21.6159],[-105.40763,21.61124],[-105.40789,21.60532],[-105.41261,21.6169],[-105.42198,21.62022],[-105.42555,21.61867],[-105.43083,21.63513],[-105.41708,21.64122],[-105.42621,21.65368],[-105.43151,21.65335],[-105.44209,21.66858],[-105.44032,21.67412],[-105.43674,21.67516],[-105.42445,21.66373],[-105.40749,21.65952],[-105.40158,21.66404],[-105.40093,21.67821],[-105.39241,21.68402],[-105.38841,21.68081],[-105.38216,21.66164],[-105.37004,21.66231],[-105.36744,21.66953],[-105.36872,21.67951],[-105.35081,21.68373],[-105.34765,21.68837],[-105.35346,21.69711],[-105.34563,21.70678],[-105.33075,21.7081],[-105.31897,21.73581],[-105.31524,21.73478],[-105.313,21.71625],[-105.30375,21.70906],[-105.29948,21.71009],[-105.29619,21.71602],[-105.29789,21.74074],[-105.28895,21.74861],[-105.27132,21.75134],[-105.27058,21.72688],[-105.26162,21.72393],[-105.25448,21.73978],[-105.24347,21.74507],[-105.23728,21.75216],[-105.23937,21.76658],[-105.24765,21.77249],[-105.24643,21.78511],[-105.2215,21.80059],[-105.19367,21.80938],[-105.22123,21.80163],[-105.22701,21.7957],[-105.24492,21.78859],[-105.24862,21.77326],[-105.2395,21.76452],[-105.23769,21.75397],[-105.2582,21.7372],[-105.25915,21.72664],[-105.26962,21.72637],[-105.26966,21.7516],[-105.28978,21.74886],[-105.29776,21.74228],[-105.29952,21.7292],[-105.29729,21.71756],[-105.30238,21.70996],[-105.31148,21.71599],[-105.31456,21.73633],[-105.31979,21.73593],[-105.32858,21.72111],[-105.32945,21.71015],[-105.34453,21.70807],[-105.35305,21.69969],[-105.354,21.69351],[-105.34876,21.68888],[-105.35136,21.68501],[-105.36871,21.68137],[-105.37004,21.66412],[-105.37527,21.66166],[-105.38354,21.6646],[-105.38565,21.67876],[-105.39103,21.68467],[-105.40122,21.68027],[-105.40722,21.6612],[-105.41935,21.66336],[-105.43702,21.6776],[-105.44197,21.67476],[-105.44402,21.66831],[-105.44304,21.66317],[-105.43517,21.65804],[-105.43861,21.6552],[-105.43649,21.64831],[-105.4422,21.65931],[-105.44674,21.65929],[-105.44943,21.63611],[-105.45527,21.6567],[-105.48383,21.71094],[-105.46932,21.70004],[-105.4652,21.70224],[-105.45356,21.68232],[-105.45042,21.69121],[-105.46577,21.70932],[-105.46906,21.703],[-105.47513,21.70736],[-105.48414,21.72279],[-105.48647,21.71737],[-105.48967,21.72689],[-105.48375,21.72845],[-105.48362,21.73206],[-105.49097,21.74671],[-105.48366,21.7439],[-105.48438,21.75317],[-105.48894,21.75728],[-105.47197,21.74947],[-105.46839,21.75257],[-105.4764,21.75757],[-105.47243,21.76582],[-105.4676,21.76313],[-105.46444,21.76739],[-105.45848,21.75582],[-105.45213,21.75378],[-105.44994,21.75816],[-105.44057,21.75638],[-105.42992,21.74637],[-105.42582,21.75539],[-105.42818,21.76221],[-105.43714,21.76103],[-105.44222,21.75689],[-105.44912,21.75932],[-105.45573,21.75724],[-105.45395,21.7615],[-105.45908,21.76985],[-105.44848,21.77542],[-105.45386,21.77617],[-105.46597,21.77073],[-105.47039,21.77304],[-105.47041,21.7787],[-105.45722,21.79406],[-105.44924,21.79653],[-105.44954,21.80528],[-105.45383,21.81196],[-105.44628,21.8201],[-105.44077,21.82191],[-105.4391,21.8169],[-105.43055,21.81627],[-105.42038,21.82763],[-105.42917,21.81769],[-105.43772,21.8178],[-105.43912,21.8232],[-105.45758,21.81839],[-105.45822,21.805],[-105.45517,21.79909],[-105.46716,21.79699],[-105.47283,21.80264],[-105.47597,21.79504],[-105.48123,21.79978],[-105.48069,21.80468],[-105.48787,21.80607],[-105.4832,21.81227],[-105.47271,21.80908],[-105.47245,21.81307],[-105.48156,21.81691],[-105.47674,21.81653],[-105.47414,21.82362],[-105.46944,21.82055],[-105.46216,21.82894],[-105.4629,21.84335],[-105.45532,21.84646],[-105.46033,21.85907],[-105.4591,21.86422],[-105.46353,21.87013],[-105.45652,21.87556],[-105.45529,21.88109],[-105.44948,21.87609],[-105.44978,21.88214],[-105.44064,21.87058],[-105.43954,21.87328],[-105.44385,21.88203],[-105.44068,21.88461],[-105.44623,21.89567],[-105.44184,21.90315],[-105.44627,21.90751],[-105.45338,21.92964],[-105.45307,21.94773],[-105.45579,21.94997],[-105.45113,21.96015],[-105.45553,21.95512],[-105.46275,21.96952],[-105.46965,21.96976],[-105.46911,21.97285],[-105.46428,21.97312],[-105.46666,21.98148],[-105.46968,21.97851],[-105.50168,21.97172],[-105.4986,21.95924],[-105.49996,21.95422],[-105.50657,21.94931],[-105.51907,21.97167],[-105.52532,21.97027],[-105.4954,21.91059],[-105.49759,21.90556],[-105.50214,21.90709],[-105.50495,21.91919],[-105.53258,21.96776],[-105.53746,21.96714],[-105.50348,21.8955],[-105.50423,21.88374],[-105.50896,21.88261],[-105.50424,21.87464],[-105.50532,21.86923],[-105.50228,21.8677],[-105.50571,21.86074],[-105.50294,21.85765],[-105.50597,21.8561],[-105.50847,21.8633],[-105.51234,21.86483],[-105.51139,21.86896],[-105.51718,21.86817],[-105.499,21.83681],[-105.49981,21.8314],[-105.50922,21.84116],[-105.51965,21.86352],[-105.5224,21.86146],[-105.51198,21.84089],[-105.51722,21.8419],[-105.53279,21.87404],[-105.53817,21.87454],[-105.52636,21.85243],[-105.51931,21.84679],[-105.52441,21.84574],[-105.51706,21.83366],[-105.51953,21.83185],[-105.54659,21.87631],[-105.54629,21.87065],[-105.52782,21.83672],[-105.53127,21.83581],[-105.53584,21.84262],[-105.54988,21.87141],[-105.55664,21.87113],[-105.54307,21.84551],[-105.54328,21.84027],[-105.54717,21.84696],[-105.55254,21.8472],[-105.54768,21.83691],[-105.54299,21.8359],[-105.54145,21.83075],[-105.54393,21.8292],[-105.5678,21.86826],[-105.57387,21.8703],[-105.59927,21.9078],[-105.63208,21.96432],[-105.64575,21.99722],[-105.65365,22.03453],[-105.64761,22.162],[-105.64312,22.17785],[-105.63705,22.1798],[-105.62308,22.0537],[-105.61416,22.03262],[-105.60977,22.0083],[-105.60423,22.00305],[-105.60356,22.00846],[-105.59886,22.00693],[-105.60333,22.01978],[-105.6061,22.02055],[-105.60682,22.02853],[-105.5968,22.00925],[-105.59922,22.02624],[-105.58419,21.99926],[-105.58227,22.00132],[-105.58534,22.00955],[-105.57983,22.01163],[-105.57222,22.00754],[-105.56763,22.00009],[-105.56544,22.00473],[-105.56295,22.00268],[-105.56043,21.99548],[-105.5592,21.99831],[-105.54867,21.98676],[-105.53948,21.9671],[-105.51769,21.97244],[-105.51813,21.97734],[-105.51245,21.97233],[-105.50389,21.97159],[-105.47033,21.9786],[-105.46707,21.98187],[-105.47275,21.98867],[-105.46587,21.9932],[-105.46197,21.98368],[-105.45673,21.9846],[-105.45648,21.99219],[-105.44545,21.99943],[-105.4452,22.00613],[-105.44189,22.00691],[-105.44234,22.0185],[-105.43779,22.02057],[-105.43642,22.02533],[-105.42799,22.02265],[-105.42639,22.04068],[-105.4289,22.04737],[-105.42381,22.05421],[-105.42713,22.05613],[-105.41691,22.05615],[-105.41581,22.0586],[-105.40903,22.05489],[-105.40877,22.05978],[-105.40284,22.06443],[-105.39054,22.06188],[-105.39097,22.06729],[-105.39871,22.06959],[-105.39832,22.07834],[-105.38879,22.07605],[-105.38826,22.08429],[-105.37762,22.08251],[-105.37095,22.0863],[-105.3706,22.09231],[-105.37695,22.09333],[-105.37255,22.09926],[-105.37339,22.10338],[-105.38004,22.11083],[-105.36722,22.12245],[-105.3682,22.12656],[-105.37317,22.12552],[-105.37292,22.13685],[-105.36933,22.13609],[-105.36603,22.14176],[-105.35773,22.14036],[-105.35551,22.13676],[-105.34902,22.13639],[-105.34776,22.12983],[-105.33809,22.13152],[-105.33742,22.13899],[-105.32705,22.13849],[-105.33095,22.15316],[-105.33732,22.15547],[-105.33568,22.16551],[-105.33832,22.17091],[-105.33764,22.17375],[-105.33348,22.17105],[-105.32452,22.18098],[-105.32329,22.18575],[-105.32896,22.18844],[-105.32635,22.19553],[-105.3222,22.19386],[-105.31905,22.20571],[-105.33082,22.21213],[-105.33056,22.22294],[-105.33638,22.22756],[-105.34274,22.22794],[-105.34343,22.23191],[-105.34673,22.22925],[-105.34994,22.23204],[-105.35269,22.22547],[-105.36625,22.22827],[-105.37536,22.22259],[-105.36996,22.21796],[-105.37493,22.2146],[-105.37476,22.2025],[-105.38388,22.20197],[-105.3875,22.21252],[-105.3994,22.21352],[-105.40519,22.21208],[-105.41043,22.20396],[-105.41692,22.20294],[-105.41567,22.19931],[-105.41925,22.19441],[-105.42755,22.19568],[-105.43102,22.20236],[-105.43945,22.19899],[-105.43916,22.19591],[-105.45272,22.20063],[-105.46792,22.19892],[-105.46583,22.19326],[-105.47637,22.19602],[-105.48058,22.20068],[-105.47842,22.21421],[-105.48447,22.21444],[-105.48881,22.20194],[-105.49586,22.20218],[-105.48828,22.20921],[-105.497,22.21312],[-105.50549,22.22764],[-105.50059,22.23318],[-105.50525,22.23434],[-105.50574,22.2374],[-105.51313,22.23637],[-105.51449,22.2298],[-105.51016,22.23153],[-105.51017,22.22919],[-105.51448,22.2289],[-105.51502,22.22555],[-105.51022,22.2211],[-105.51778,22.22271],[-105.51431,22.21912],[-105.52158,22.20442],[-105.52339,22.2075],[-105.51955,22.21678],[-105.52415,22.22707],[-105.53345,22.23502],[-105.53043,22.24095],[-105.53586,22.24969],[-105.53188,22.25768],[-105.54186,22.26383],[-105.54923,22.27616],[-105.55366,22.27486],[-105.55785,22.28553],[-105.55214,22.28688],[-105.55482,22.29017],[-105.57474,22.28843],[-105.58245,22.27991],[-105.59076,22.28322],[-105.59516,22.2778],[-105.59505,22.28244],[-105.58761,22.29019],[-105.58914,22.29327],[-105.60187,22.29322],[-105.5965,22.30019],[-105.60292,22.30266],[-105.60686,22.29681],[-105.6054,22.30969],[-105.60166,22.30957],[-105.60057,22.31383],[-105.61235,22.31687],[-105.61304,22.34982],[-105.61664,22.34852],[-105.61879,22.33435],[-105.61872,22.3498],[-105.62232,22.35108],[-105.62144,22.36962],[-105.62629,22.37089],[-105.62522,22.38042],[-105.62039,22.38378],[-105.62378,22.39819],[-105.61967,22.40747],[-105.62541,22.42264],[-105.62294,22.42728],[-105.62673,22.43808],[-105.62496,22.44478],[-105.63066,22.45171],[-105.6275,22.45687],[-105.63291,22.45891],[-105.63716,22.47923],[-105.64469,22.49002],[-105.6509,22.51419],[-105.63993,22.50986],[-105.63347,22.48955],[-105.63124,22.48672],[-105.62997,22.49102],[-105.62793,22.49008],[-105.62346,22.4816],[-105.62815,22.47695],[-105.62563,22.47233],[-105.61802,22.47416],[-105.60759,22.46519],[-105.61023,22.43325],[-105.6091,22.42836],[-105.60161,22.42556],[-105.59715,22.41914],[-105.59936,22.41733],[-105.59547,22.41593],[-105.58815,22.41969],[-105.59069,22.43024],[-105.58088,22.43555],[-105.57953,22.44495],[-105.58289,22.45266],[-105.58953,22.45212],[-105.59261,22.45932],[-105.60119,22.45684],[-105.60592,22.46133],[-105.60594,22.46725],[-105.59117,22.47915],[-105.59857,22.49122],[-105.6127,22.49143],[-105.61259,22.4989],[-105.61662,22.50094],[-105.6136,22.50868],[-105.60362,22.50575],[-105.60516,22.51128],[-105.60033,22.51387],[-105.59505,22.5108],[-105.58965,22.51314],[-105.59321,22.53527],[-105.60322,22.54296],[-105.60547,22.5499],[-105.61031,22.54705],[-105.60377,22.54218],[-105.60138,22.53395],[-105.59512,22.52728],[-105.59495,22.52059],[-105.60116,22.51413],[-105.60977,22.51976],[-105.60684,22.51411],[-105.60974,22.51294],[-105.62462,22.5246],[-105.62375,22.51662],[-105.62748,22.51261],[-105.63753,22.52944],[-105.64169,22.53096],[-105.64166,22.52427],[-105.64776,22.52502],[-105.64664,22.52116],[-105.65234,22.52603],[-105.65723,22.56463],[-105.65072,22.56517],[-105.64793,22.56158],[-105.64996,22.57933],[-105.65906,22.59963],[-105.65618,22.6048],[-105.6565,22.61535],[-105.65012,22.61447],[-105.64717,22.60638],[-105.64636,22.61076],[-105.64078,22.60383],[-105.64352,22.59609],[-105.6314,22.58881],[-105.611,22.54705],[-105.60695,22.54921],[-105.60771,22.55427],[-105.59023,22.5515],[-105.58914,22.55562],[-105.60642,22.57744],[-105.60796,22.59099],[-105.6205,22.60382],[-105.61896,22.62322],[-105.61648,22.62555],[-105.6254,22.64577],[-105.62088,22.64845],[-105.61706,22.66159],[-105.61698,22.67601],[-105.62216,22.68706],[-105.6407,22.70552],[-105.64081,22.72946],[-105.65543,22.74022],[-105.67569,22.73898],[-105.68323,22.74783],[-105.70461,22.74966],[-105.70909,22.75775],[-105.71687,22.75785],[-105.72497,22.76746],[-105.73246,22.76653],[-105.73498,22.77102],[-105.7444,22.76802],[-105.75191,22.76991],[-105.75778,22.77838],[-105.77458,22.77753],[-105.77024,22.77086],[-105.75687,22.76448],[-105.74987,22.75319],[-105.74269,22.75915],[-105.75118,22.76297],[-105.73786,22.76509],[-105.73881,22.76032],[-105.73072,22.75302],[-105.7412,22.75726],[-105.74572,22.75424],[-105.73095,22.7435],[-105.72145,22.7317],[-105.73034,22.73307],[-105.7348,22.73781],[-105.74145,22.73547],[-105.74759,22.74136],[-105.74621,22.74394],[-105.74982,22.74392],[-105.75875,22.75289],[-105.76223,22.75365],[-105.75733,22.74672],[-105.76038,22.74593],[-105.77015,22.75593],[-105.77445,22.75539],[-105.76871,22.74615],[-105.77817,22.751],[-105.78906,22.76201],[-105.83423,22.79422],[-105.83894,22.79355],[-105.85178,22.78126],[-105.84869,22.77509],[-105.83588,22.7695],[-105.83294,22.76526],[-105.83061,22.76978],[-105.81402,22.75841],[-105.79951,22.74381],[-105.79681,22.73314],[-105.78947,22.73549],[-105.78958,22.73112],[-105.7861,22.73023],[-105.784,22.72651],[-105.78622,22.72547],[-105.78105,22.71906],[-105.75709,22.70334],[-105.74729,22.68691],[-105.73812,22.68322],[-105.74366,22.68139],[-105.74216,22.67891],[-105.7364,22.6737],[-105.73252,22.67423],[-105.73306,22.67076],[-105.72106,22.65807],[-105.71964,22.65074],[-105.7131,22.6478],[-105.71423,22.64325],[-105.70666,22.63625],[-105.70705,22.62981],[-105.70246,22.62829],[-105.70031,22.61336],[-105.70749,22.60715],[-105.6975,22.60552],[-105.69636,22.60089],[-105.68943,22.60144],[-105.6877,22.58638],[-105.69213,22.58649],[-105.70125,22.57937],[-105.7067,22.56133],[-105.71388,22.55576],[-105.71025,22.55179],[-105.70624,22.55309],[-105.68657,22.49885],[-105.68828,22.48108],[-105.69437,22.48003],[-105.69393,22.47514],[-105.70156,22.47613],[-105.70714,22.48461],[-105.72215,22.49355],[-105.73182,22.51565],[-105.732,22.52311],[-105.74176,22.53543],[-105.74683,22.55033],[-105.75543,22.55223],[-105.76235,22.54923],[-105.77402,22.57878],[-105.79166,22.61062],[-105.81013,22.63885],[-105.84604,22.68346],[-105.90412,22.74029],[-105.95187,22.78146],[-105.99428,22.81107],[-106.02951,22.83101],[-106.02504,22.83932],[-106.00008,22.84411],[-105.99761,22.84876],[-106.00841,22.84431],[-106.0259,22.84343],[-106.04016,22.83703],[-106.0692,22.87494],[-106.17382,22.99081],[-106.23581,23.05032],[-106.26999,23.07681],[-106.2675,23.07812],[-106.25622,23.07052],[-106.25688,23.07357],[-106.2678,23.08095],[-106.26815,23.08803],[-106.27654,23.09298],[-106.27618,23.0989],[-106.28318,23.09901],[-106.28116,23.1107],[-106.29296,23.09284],[-106.32079,23.12273],[-106.39153,23.18132],[-106.40857,23.18696],[-106.41422,23.18112],[-106.40427,23.20129],[-106.40501,23.2054],[-106.40072,23.20801],[-106.39843,23.20237],[-106.40177,23.20182],[-106.40432,23.19305],[-106.40081,23.19012],[-106.39665,23.19183],[-106.39022,23.20244],[-106.38354,23.20327],[-106.38318,23.20817],[-106.37761,23.20821],[-106.37701,23.2041],[-106.38175,23.20457],[-106.37466,23.19241],[-106.36314,23.18209],[-106.35576,23.18215],[-106.35411,23.17007],[-106.3455,23.1722],[-106.33609,23.16353],[-106.33644,23.15683],[-106.34089,23.15615],[-106.33831,23.14948],[-106.3128,23.1309],[-106.32915,23.15162],[-106.32302,23.15103],[-106.30731,23.13842],[-106.31256,23.14854],[-106.31162,23.15279],[-106.3008,23.15649],[-106.2966,23.15356],[-106.29356,23.15539],[-106.29554,23.15923],[-106.31557,23.15765],[-106.31924,23.1629],[-106.32803,23.16514],[-106.32324,23.1729],[-106.33106,23.17618],[-106.33109,23.17901],[-106.33997,23.17624],[-106.34836,23.17964],[-106.3505,23.18503],[-106.36,23.18829],[-106.3701,23.20982],[-106.38156,23.21359],[-106.38679,23.22152],[-106.39555,23.22028],[-106.39349,23.223],[-106.39643,23.22439],[-106.39972,23.21909],[-106.38802,23.21893],[-106.38852,23.21352],[-106.4055,23.2126],[-106.4161,23.18754],[-106.42415,23.18541],[-106.42448,23.17742],[-106.42712,23.17689],[-106.42458,23.18669],[-106.43032,23.20285],[-106.42871,23.20827],[-106.42163,23.2104],[-106.42184,23.21683],[-106.43607,23.23266],[-106.454,23.24227],[-106.45745,23.2528],[-106.46632,23.26146],[-106.46666,23.26712],[-106.46236,23.26845],[-106.45567,23.26774],[-106.45647,23.26516],[-106.44952,23.26612],[-106.45125,23.25877],[-106.44748,23.25752],[-106.44671,23.2637],[-106.45517,23.27341],[-106.45893,23.27337],[-106.45884,23.27801],[-106.46392,23.28362],[-106.46611,23.28051],[-106.46467,23.27538],[-106.45993,23.27594],[-106.46013,23.26873],[-106.46599,23.26932],[-106.4768,23.28942],[-106.4934,23.30393],[-106.49316,23.30703],[-106.48314,23.30828],[-106.47945,23.31462],[-106.48439,23.33285],[-106.54364,23.40743],[-106.62258,23.47766],[-106.6265,23.47814],[-106.62891,23.48171],[-106.62613,23.49358],[-106.62842,23.49845],[-106.68212,23.54086],[-106.68367,23.55345],[-106.69689,23.57158],[-106.72762,23.59414],[-106.76445,23.61329],[-106.77074,23.62403],[-106.78425,23.63133],[-106.78996,23.64066],[-106.80599,23.64807],[-106.80949,23.65922],[-106.80474,23.65915],[-106.80176,23.66574],[-106.79744,23.66644],[-106.79424,23.67806],[-106.80809,23.69951],[-106.80258,23.70498],[-106.79546,23.70558],[-106.79619,23.70788],[-106.81053,23.70437],[-106.84582,23.73921],[-106.84308,23.75314],[-106.84594,23.75774],[-106.88156,23.79501],[-106.89074,23.83954],[-107.01578,23.95658],[-107.14802,24.06285],[-107.19111,24.09183],[-107.19358,24.09694],[-107.19216,24.10416],[-107.18742,24.10577],[-107.18791,24.10165],[-107.18195,24.09749],[-107.16988,24.09625],[-107.17186,24.08927],[-107.15414,24.07679],[-107.15124,24.07091],[-107.15332,24.06998],[-107.14893,24.06695],[-107.14531,24.06855],[-107.14581,24.06443],[-107.13794,24.06299],[-107.12878,24.05141],[-107.12063,24.04998],[-107.08929,24.01786],[-107.08451,24.01703],[-107.08304,24.0128],[-107.07124,24.01013],[-107.06818,24.00271],[-107.04477,23.98347],[-107.02607,23.97008],[-107.01962,23.96939],[-107.01268,23.95533],[-106.99413,23.95069],[-106.99053,23.94379],[-106.98659,23.94255],[-106.99331,23.95173],[-107.00143,23.95201],[-107.01217,23.95817],[-107.01175,23.96718],[-107.02898,23.97699],[-107.03884,23.98947],[-107.03187,24.00024],[-107.06454,24.02952],[-107.07186,24.03174],[-107.10962,24.0621],[-107.1176,24.0649],[-107.12446,24.07381],[-107.13512,24.07703],[-107.13788,24.08337],[-107.16353,24.0993],[-107.16482,24.10352],[-107.16048,24.10384],[-107.145,24.09364],[-107.12736,24.09299],[-107.12592,24.08194],[-107.12304,24.07748],[-107.11944,24.07943],[-107.11488,24.07541],[-107.11538,24.0718],[-107.11176,24.07313],[-107.09456,24.06668],[-107.09394,24.06309],[-107.08434,24.05833],[-107.08002,24.05131],[-107.05281,24.03135],[-107.0439,24.03469],[-107.05715,24.04043],[-107.05541,24.04508],[-107.06202,24.0484],[-107.06285,24.05502],[-107.05983,24.05812],[-107.06559,24.06013],[-107.06994,24.05183],[-107.07303,24.05205],[-107.08648,24.06911],[-107.09803,24.07281],[-107.10433,24.08134],[-107.115,24.08274],[-107.11483,24.08904],[-107.13133,24.10399],[-107.13269,24.11864],[-107.1355,24.11886],[-107.13496,24.10343],[-107.14342,24.1064],[-107.14364,24.11077],[-107.14817,24.11405],[-107.14762,24.10608],[-107.15188,24.10937],[-107.15649,24.11651],[-107.15664,24.12577],[-107.14311,24.13792],[-107.14407,24.1455],[-107.13758,24.15125],[-107.14138,24.15235],[-107.14748,24.14777],[-107.14711,24.14275],[-107.15609,24.14327],[-107.16385,24.15422],[-107.18019,24.15914],[-107.19182,24.16669],[-107.19911,24.17456],[-107.20322,24.18531],[-107.20674,24.18654],[-107.20985,24.17929],[-107.20582,24.17369],[-107.20758,24.17006],[-107.20464,24.17011],[-107.2061,24.16545],[-107.19959,24.16207],[-107.19782,24.15657],[-107.18235,24.15409],[-107.18067,24.14601],[-107.18335,24.147],[-107.18735,24.13485],[-107.19281,24.14223],[-107.20518,24.14463],[-107.21571,24.15348],[-107.21537,24.14988],[-107.20539,24.14025],[-107.19372,24.13836],[-107.18493,24.12433],[-107.17787,24.12096],[-107.18005,24.11746],[-107.18259,24.11871],[-107.25568,24.16254],[-107.25942,24.1675],[-107.27227,24.17271],[-107.28412,24.1845],[-107.29605,24.19294],[-107.30067,24.19261],[-107.30457,24.19886],[-107.32104,24.21031],[-107.33098,24.22457],[-107.3282,24.22564],[-107.31499,24.21658],[-107.29637,24.21069],[-107.26393,24.18467],[-107.25747,24.18451],[-107.24812,24.17899],[-107.24222,24.17033],[-107.23414,24.16543],[-107.23349,24.1684],[-107.23841,24.1691],[-107.27488,24.20123],[-107.29129,24.20922],[-107.29277,24.21331],[-107.28706,24.22356],[-107.29005,24.22596],[-107.28177,24.24152],[-107.29316,24.23518],[-107.29727,24.23743],[-107.29993,24.22195],[-107.30757,24.22531],[-107.31202,24.22319],[-107.31869,24.22733],[-107.3185,24.23273],[-107.32509,24.23212],[-107.3269,24.23917],[-107.33447,24.2469],[-107.33938,24.26213],[-107.35009,24.26467],[-107.3524,24.26823],[-107.36298,24.26369],[-107.36371,24.25738],[-107.35699,24.25813],[-107.35951,24.25037],[-107.36466,24.24836],[-107.36863,24.25023],[-107.37156,24.257],[-107.36949,24.25896],[-107.37453,24.2657],[-107.37933,24.2673],[-107.37414,24.25992],[-107.37973,24.2588],[-107.38022,24.25519],[-107.3866,24.25123],[-107.38086,24.24438],[-107.38533,24.24315],[-107.39157,24.24653],[-107.39589,24.25289],[-107.40468,24.25738],[-107.40897,24.24677],[-107.41765,24.24586],[-107.47182,24.29052],[-107.64881,24.40689],[-107.75126,24.46808],[-107.79631,24.48499],[-107.80563,24.49331],[-107.81058,24.50119],[-107.80976,24.50828],[-107.80392,24.49849],[-107.79498,24.5137],[-107.78354,24.51121],[-107.76941,24.48858],[-107.74114,24.48125],[-107.73517,24.47788],[-107.72704,24.46569],[-107.70457,24.45966],[-107.68238,24.44025],[-107.67646,24.43958],[-107.65936,24.42767],[-107.64531,24.42753],[-107.64188,24.42501],[-107.64465,24.42317],[-107.64345,24.41958],[-107.62535,24.39984],[-107.61018,24.39971],[-107.60504,24.39569],[-107.59777,24.39735],[-107.59572,24.39315],[-107.57764,24.38818],[-107.57494,24.37266],[-107.56759,24.36327],[-107.55798,24.36022],[-107.56131,24.35823],[-107.55843,24.35468],[-107.54445,24.3436],[-107.53032,24.3392],[-107.52513,24.33247],[-107.52094,24.33319],[-107.51928,24.3273],[-107.51201,24.32189],[-107.50725,24.32248],[-107.49277,24.3141],[-107.49093,24.3203],[-107.4794,24.31946],[-107.46923,24.33043],[-107.47344,24.33062],[-107.4734,24.32831],[-107.48468,24.33121],[-107.48517,24.3348],[-107.49236,24.33597],[-107.51011,24.35343],[-107.52084,24.35685],[-107.5346,24.37077],[-107.53768,24.37021],[-107.55536,24.38354],[-107.55486,24.38677],[-107.54514,24.37818],[-107.5293,24.37227],[-107.51984,24.36266],[-107.49779,24.35518],[-107.48939,24.3566],[-107.48859,24.37308],[-107.48282,24.3796],[-107.49768,24.37846],[-107.50572,24.37305],[-107.51013,24.37607],[-107.50726,24.37972],[-107.47628,24.38974],[-107.47523,24.39362],[-107.47869,24.42006],[-107.48278,24.42076],[-107.48975,24.44663],[-107.52062,24.49397],[-107.53713,24.51118],[-107.53811,24.51772],[-107.52729,24.52498],[-107.52241,24.53419],[-107.52374,24.53739],[-107.5302,24.53033],[-107.54114,24.52861],[-107.5409,24.52372],[-107.54773,24.52116],[-107.56839,24.52737],[-107.59169,24.52569],[-107.59191,24.5226],[-107.60236,24.5183],[-107.60354,24.51391],[-107.61339,24.51477],[-107.62087,24.50936],[-107.61043,24.50749],[-107.6132,24.49856],[-107.60375,24.49718],[-107.60386,24.5022],[-107.59233,24.48864],[-107.59983,24.48388],[-107.60828,24.48515],[-107.60859,24.47961],[-107.60051,24.47602],[-107.59712,24.48212],[-107.59347,24.48219],[-107.59241,24.47886],[-107.59659,24.47699],[-107.59595,24.47314],[-107.6068,24.46781],[-107.62434,24.47316],[-107.6335,24.46786],[-107.64037,24.47378],[-107.6356,24.47438],[-107.62914,24.48131],[-107.63674,24.50201],[-107.6485,24.49962],[-107.65965,24.50187],[-107.65525,24.50658],[-107.65775,24.5118],[-107.68352,24.52048],[-107.68179,24.53196],[-107.68714,24.53212],[-107.68975,24.53567],[-107.69426,24.53649],[-107.69642,24.53234],[-107.69555,24.51782],[-107.69836,24.51764],[-107.70061,24.50474],[-107.7078,24.49895],[-107.70724,24.50565],[-107.71345,24.5202],[-107.70589,24.5476],[-107.70813,24.5473],[-107.70875,24.53701],[-107.71519,24.52249],[-107.71384,24.50974],[-107.72167,24.50372],[-107.7271,24.50774],[-107.72223,24.51001],[-107.7208,24.51518],[-107.73639,24.5212],[-107.73266,24.52448],[-107.73648,24.5383],[-107.75163,24.53674],[-107.75385,24.54185],[-107.74775,24.55225],[-107.74464,24.5514],[-107.74273,24.56083],[-107.74005,24.54737],[-107.7313,24.55898],[-107.73277,24.56191],[-107.74177,24.56187],[-107.74649,24.56736],[-107.75343,24.56757],[-107.76238,24.58679],[-107.77714,24.58437],[-107.78089,24.58867],[-107.78588,24.58511],[-107.79654,24.58427],[-107.80027,24.58729],[-107.79912,24.59271],[-107.80657,24.59231],[-107.80647,24.58177],[-107.79384,24.56992],[-107.79533,24.56757],[-107.79867,24.5724],[-107.80188,24.57131],[-107.81776,24.58336],[-107.81003,24.58376],[-107.81289,24.58577],[-107.81302,24.59785],[-107.82039,24.59411],[-107.84153,24.59577],[-107.86008,24.60777],[-107.85988,24.61111],[-107.85624,24.61208],[-107.84869,24.60798],[-107.84931,24.60411],[-107.8444,24.60472],[-107.84306,24.61387],[-107.84645,24.60828],[-107.85133,24.61256],[-107.84701,24.62692],[-107.85036,24.62544],[-107.86036,24.63245],[-107.86982,24.62751],[-107.87303,24.63272],[-107.88372,24.63239],[-107.88756,24.6282],[-107.89711,24.62763],[-107.89857,24.62375],[-107.89293,24.61717],[-107.89569,24.61467],[-107.89907,24.61499],[-107.89877,24.62014],[-107.91319,24.64147],[-107.91588,24.64244],[-107.91735,24.63894],[-107.91009,24.63535],[-107.90495,24.62002],[-107.90965,24.62225],[-107.91758,24.63675],[-107.92057,24.63206],[-107.91858,24.62516],[-107.92922,24.62932],[-107.94769,24.64902],[-107.95707,24.65295],[-107.9521,24.66308],[-107.95705,24.66401],[-107.96006,24.66035],[-107.95758,24.65654],[-107.96299,24.65348],[-107.96655,24.66125],[-107.9775,24.66001],[-107.97342,24.67192],[-107.98065,24.67409],[-107.9804,24.68721],[-107.98424,24.68328],[-107.98494,24.67092],[-107.9884,24.66879],[-107.99253,24.67668],[-107.99149,24.69213],[-107.98897,24.69257],[-107.99251,24.69931],[-107.99855,24.67527],[-107.98936,24.66157],[-107.97286,24.65431],[-107.975,24.64951],[-107.96937,24.64962],[-107.96476,24.64509],[-107.95839,24.64933],[-107.95552,24.64681],[-107.94689,24.63875],[-107.94873,24.63344],[-107.93143,24.60751],[-107.92312,24.60887],[-107.91869,24.5997],[-107.91269,24.59557],[-107.88848,24.5824],[-107.87866,24.58349],[-107.87818,24.58093],[-107.88731,24.58063],[-107.93456,24.60479],[-107.99581,24.64884],[-108.00814,24.66281],[-108.01862,24.68359],[-108.01528,24.71773],[-108.01786,24.72755],[-108.03561,24.75079],[-108.06945,24.77872],[-108.06903,24.78462],[-108.05778,24.78402],[-108.04299,24.7899],[-108.04333,24.78746],[-108.05494,24.78486],[-108.05805,24.77824],[-108.04833,24.76647],[-108.04045,24.76619],[-108.03669,24.75865],[-108.02982,24.75736],[-108.03781,24.77089],[-108.04402,24.77024],[-108.0509,24.77681],[-108.04567,24.78365],[-108.04286,24.78321],[-108.0339,24.77519],[-108.03005,24.76547],[-108.02412,24.76612],[-108.00405,24.74553],[-107.99898,24.74599],[-107.99657,24.73961],[-107.99107,24.7392],[-107.98217,24.72613],[-107.97483,24.72551],[-107.96528,24.7086],[-107.96124,24.71022],[-107.95693,24.70645],[-107.95363,24.70998],[-107.94459,24.70849],[-107.95906,24.72518],[-107.94849,24.72462],[-107.94471,24.71758],[-107.92908,24.71934],[-107.92604,24.72171],[-107.92454,24.73614],[-107.93368,24.74741],[-107.94185,24.74763],[-107.94332,24.75018],[-107.93485,24.74919],[-107.93492,24.75253],[-107.95035,24.7557],[-107.9518,24.76364],[-107.95698,24.75634],[-107.96183,24.75907],[-107.96245,24.76137],[-107.95797,24.76249],[-107.96654,24.76746],[-107.96502,24.77444],[-107.95986,24.77081],[-107.9551,24.77206],[-107.9583,24.77637],[-107.95563,24.78247],[-107.95137,24.78088],[-107.93871,24.7639],[-107.93564,24.77103],[-107.9311,24.7697],[-107.93617,24.77552],[-107.92934,24.77874],[-107.92715,24.7853],[-107.91338,24.78278],[-107.91224,24.79425],[-107.91522,24.80113],[-107.9111,24.80559],[-107.92182,24.80628],[-107.92127,24.80102],[-107.92759,24.79986],[-107.93702,24.8236],[-107.94586,24.82201],[-107.95584,24.81512],[-107.95898,24.81673],[-107.95912,24.82264],[-107.97748,24.82459],[-107.97289,24.83279],[-107.95258,24.83203],[-107.94729,24.83471],[-107.94614,24.83962],[-107.9508,24.84595],[-107.93852,24.8453],[-107.94013,24.85362],[-107.93164,24.86433],[-107.9402,24.8805],[-107.93223,24.88927],[-107.93439,24.90311],[-107.94109,24.90607],[-107.93972,24.91972],[-107.94397,24.9208],[-107.95128,24.90792],[-107.97665,24.89585],[-107.97701,24.89892],[-107.95588,24.9176],[-107.96576,24.92384],[-107.96724,24.91481],[-107.97308,24.91135],[-107.98964,24.92002],[-107.9959,24.93995],[-107.99294,24.9573],[-107.98389,24.96796],[-107.98151,24.94551],[-107.97578,24.9419],[-107.97199,24.93091],[-107.94892,24.92713],[-107.94153,24.93049],[-107.93815,24.94264],[-107.9432,24.94769],[-107.94996,24.94704],[-107.95118,24.95087],[-107.94758,24.95364],[-107.9527,24.96139],[-107.93552,24.95684],[-107.9416,24.96341],[-107.95476,24.99452],[-107.95978,24.99802],[-107.96,25.00727],[-107.97527,25.0026],[-107.97764,24.9956],[-107.97224,24.988],[-107.97477,24.98178],[-107.98189,24.98459],[-107.98015,24.98835],[-107.98371,24.98983],[-107.98727,24.98538],[-107.98438,24.99406],[-108.00601,24.99733],[-108.00492,25.00143],[-108.02547,24.99207],[-108.03829,24.99849],[-108.03737,25.00182],[-108.02806,25.00176],[-108.03254,25.02641],[-108.0266,25.03298],[-108.03031,25.03717],[-108.01105,25.07484],[-108.01355,25.07618],[-108.01894,25.06368],[-108.0421,25.06338],[-108.04034,25.06591],[-108.05145,25.07359],[-108.0597,25.07093],[-108.05677,25.0755],[-108.06424,25.08195],[-108.08251,25.08552],[-108.10311,25.11036],[-108.11435,25.11263],[-108.12826,25.1219],[-108.1352,25.12101],[-108.12818,25.10724],[-108.13103,25.1001],[-108.14175,25.10056],[-108.1653,25.10822],[-108.22146,25.15995],[-108.22081,25.16366],[-108.21105,25.15795],[-108.20987,25.1605],[-108.21728,25.1699],[-108.21412,25.17202],[-108.20795,25.17024],[-108.20957,25.17348],[-108.21252,25.17444],[-108.21756,25.17016],[-108.2196,25.17354],[-108.21288,25.17702],[-108.21266,25.18035],[-108.21728,25.18224],[-108.21993,25.17766],[-108.23084,25.18275],[-108.23134,25.19176],[-108.25221,25.20013],[-108.25629,25.20727],[-108.27621,25.20803],[-108.27773,25.21577],[-108.2843,25.21898],[-108.28554,25.22698],[-108.29145,25.22811],[-108.29996,25.23959],[-108.30253,25.23835],[-108.30609,25.24381],[-108.30921,25.24361],[-108.30965,25.24902],[-108.31951,25.251],[-108.3241,25.2606],[-108.32667,25.25962],[-108.32672,25.27042],[-108.3315,25.27154],[-108.32875,25.27432],[-108.33375,25.27852],[-108.33109,25.28388],[-108.32584,25.28455],[-108.33023,25.30392],[-108.3364,25.30609],[-108.33843,25.30394],[-108.33284,25.30088],[-108.33331,25.29215],[-108.34338,25.2976],[-108.3622,25.29061],[-108.36784,25.29174],[-108.36801,25.29676],[-108.37271,25.30186],[-108.37144,25.30839],[-108.36586,25.31768],[-108.35848,25.31883],[-108.35448,25.32725],[-108.35596,25.33036],[-108.35924,25.32271],[-108.37237,25.3178],[-108.37787,25.30555],[-108.38188,25.30948],[-108.38625,25.30364],[-108.38626,25.29695],[-108.38922,25.29726],[-108.38822,25.29107],[-108.39413,25.29246],[-108.39288,25.2981],[-108.40752,25.29501],[-108.40714,25.30607],[-108.41087,25.30382],[-108.40849,25.2958],[-108.41781,25.29674],[-108.42151,25.2824],[-108.42694,25.27941],[-108.41841,25.26807],[-108.39528,25.25184],[-108.38792,25.23924],[-108.38427,25.23802],[-108.38462,25.23468],[-108.39213,25.24073],[-108.39246,25.23829],[-108.39811,25.23852],[-108.37576,25.22355],[-108.37296,25.21827],[-108.37541,25.20288],[-108.38008,25.19576],[-108.38964,25.19353],[-108.38558,25.18981],[-108.38041,25.19422],[-108.38623,25.18597],[-108.38876,25.1864],[-108.43161,25.23911],[-108.44838,25.25534],[-108.4735,25.27147],[-108.49482,25.28058],[-108.48475,25.29558],[-108.48602,25.30255],[-108.48352,25.30688],[-108.47982,25.30115],[-108.48303,25.29632],[-108.47475,25.29322],[-108.46956,25.29776],[-108.45551,25.29315],[-108.45527,25.2979],[-108.44466,25.29811],[-108.44457,25.30209],[-108.45394,25.30084],[-108.45887,25.29488],[-108.46897,25.29904],[-108.47474,25.29387],[-108.47954,25.29395],[-108.48214,25.29836],[-108.47805,25.30447],[-108.48379,25.30752],[-108.48745,25.2946],[-108.49248,25.29764],[-108.49878,25.29402],[-108.49787,25.29014],[-108.49267,25.28838],[-108.49563,25.28213],[-108.53546,25.29939],[-108.5368,25.30289],[-108.53314,25.30206],[-108.53461,25.3062],[-108.52726,25.31289],[-108.52021,25.31187],[-108.52063,25.30493],[-108.51152,25.30066],[-108.51007,25.30244],[-108.51593,25.30665],[-108.50513,25.31586],[-108.52545,25.31813],[-108.5341,25.32419],[-108.53186,25.33727],[-108.53643,25.34198],[-108.54764,25.34063],[-108.54762,25.3558],[-108.55493,25.34435],[-108.55973,25.34468],[-108.56553,25.35173],[-108.58522,25.35822],[-108.5889,25.35803],[-108.58712,25.35517],[-108.59131,25.35086],[-108.60153,25.34936],[-108.60589,25.3583],[-108.60874,25.35719],[-108.62472,25.36504],[-108.62488,25.37122],[-108.62967,25.37245],[-108.62814,25.3786],[-108.63465,25.37858],[-108.63511,25.38424],[-108.6441,25.38773],[-108.64256,25.39388],[-108.64834,25.40272],[-108.65596,25.40387],[-108.66266,25.40912],[-108.66808,25.40715],[-108.66942,25.41129],[-108.67255,25.41031],[-108.6767,25.41526],[-108.67773,25.42093],[-108.68311,25.42102],[-108.68552,25.42813],[-108.68966,25.42678],[-108.68971,25.43116],[-108.69653,25.43023],[-108.70744,25.43761],[-108.70708,25.44146],[-108.71729,25.44085],[-108.71052,25.44692],[-108.72812,25.46777],[-108.72588,25.47365],[-108.72771,25.48217],[-108.72099,25.48515],[-108.72663,25.48652],[-108.72768,25.49117],[-108.72588,25.49616],[-108.70683,25.49959],[-108.7018,25.51083],[-108.70429,25.51409],[-108.69789,25.52235],[-108.6893,25.5271],[-108.68517,25.53527],[-108.69112,25.53549],[-108.69666,25.52722],[-108.70868,25.52149],[-108.71444,25.50177],[-108.72941,25.49686],[-108.73165,25.49072],[-108.74193,25.48702],[-108.73971,25.48415],[-108.73708,25.48862],[-108.72951,25.48438],[-108.7311,25.47515],[-108.74018,25.47439],[-108.75185,25.50209],[-108.75654,25.50165],[-108.75576,25.50537],[-108.76783,25.51172],[-108.77729,25.50621],[-108.78129,25.5118],[-108.78109,25.51488],[-108.77719,25.51122],[-108.77126,25.50998],[-108.76781,25.5125],[-108.75626,25.50859],[-108.75618,25.51322],[-108.75934,25.51108],[-108.76269,25.51345],[-108.75622,25.52608],[-108.76812,25.52639],[-108.77203,25.52967],[-108.77198,25.5325],[-108.76609,25.52919],[-108.76202,25.5344],[-108.77336,25.53458],[-108.77052,25.54251],[-108.77365,25.54976],[-108.78054,25.55269],[-108.77918,25.54958],[-108.78223,25.54564],[-108.79156,25.54733],[-108.80696,25.54241],[-108.80991,25.5359],[-108.81787,25.53473],[-108.81698,25.52932],[-108.82305,25.53069],[-108.82556,25.54076],[-108.83442,25.54475],[-108.83883,25.56746],[-108.84315,25.5643],[-108.85735,25.5631],[-108.86311,25.57373],[-108.86004,25.57934],[-108.86526,25.58096],[-108.87014,25.56135],[-108.87497,25.56091],[-108.88703,25.56867],[-108.89079,25.56435],[-108.89726,25.56753],[-108.90774,25.55997],[-108.90759,25.5525],[-108.90292,25.54395],[-108.90706,25.54195],[-108.90729,25.53706],[-108.90493,25.53433],[-108.89691,25.53872],[-108.89948,25.52949],[-108.8967,25.52637],[-108.89719,25.52277],[-108.90302,25.52157],[-108.89868,25.51868],[-108.89874,25.51508],[-108.90665,25.51673],[-108.90952,25.51497],[-108.90776,25.51032],[-108.88658,25.50538],[-108.8977,25.49371],[-108.89538,25.48853],[-108.89846,25.48214],[-108.90211,25.48425],[-108.91359,25.47618],[-108.91552,25.47081],[-108.91306,25.46589],[-108.9161,25.46181],[-108.93466,25.45384],[-108.9366,25.46493],[-108.9324,25.46989],[-108.94252,25.48302],[-108.94465,25.49978],[-108.95775,25.49597],[-108.97906,25.51029],[-108.97998,25.50593],[-108.99099,25.50852],[-108.99991,25.5008],[-109.01126,25.50018],[-109.01459,25.50434],[-109.01971,25.50325],[-109.0288,25.49373],[-109.02727,25.48342],[-109.03307,25.48401],[-109.03482,25.48043],[-109.04014,25.48488],[-109.05319,25.48389],[-109.05325,25.48042],[-109.03763,25.46465],[-109.03797,25.46131],[-109.04163,25.46251],[-109.07224,25.48942],[-109.07175,25.49327],[-109.07513,25.4946],[-109.077,25.48991],[-109.08054,25.49287],[-109.0803,25.49904],[-109.08638,25.50916],[-109.11731,25.54403],[-109.11486,25.54657],[-109.09728,25.54596],[-109.09818,25.54288],[-109.10529,25.54169],[-109.10318,25.53189],[-109.08757,25.52332],[-109.09473,25.53705],[-109.08769,25.53413],[-109.08803,25.53941],[-109.08211,25.53727],[-109.07412,25.52237],[-109.07497,25.53113],[-109.07282,25.53278],[-109.0678,25.52769],[-109.07011,25.5339],[-109.07777,25.54249],[-109.08342,25.54359],[-109.08007,25.54921],[-109.07221,25.54447],[-109.07312,25.5495],[-109.06774,25.5403],[-109.06084,25.53686],[-109.06083,25.52915],[-109.06797,25.51715],[-109.06287,25.51669],[-109.06039,25.51254],[-109.05848,25.51625],[-109.06176,25.52427],[-109.05728,25.52961],[-109.05699,25.53836],[-109.06284,25.55361],[-109.05344,25.54757],[-109.05522,25.54296],[-109.05097,25.53377],[-109.04574,25.54129],[-109.04761,25.54878],[-109.03315,25.54833],[-109.03424,25.55092],[-109.02801,25.5507],[-109.02483,25.55413],[-109.03216,25.55706],[-109.0475,25.55521],[-109.05109,25.56169],[-109.06205,25.56801],[-109.06257,25.57046],[-109.04594,25.56432],[-109.052,25.57547],[-109.046,25.57809],[-109.05305,25.58024],[-109.05061,25.59075],[-109.04747,25.59238],[-109.04254,25.59013],[-109.03849,25.57747],[-109.03638,25.58516],[-109.03356,25.58384],[-109.027,25.56883],[-109.01761,25.57102],[-109.01524,25.55992],[-109.00342,25.56272],[-108.99891,25.56922],[-109.00151,25.57491],[-108.99645,25.5724],[-108.99046,25.57463],[-108.98843,25.56856],[-108.99541,25.56685],[-108.99462,25.56298],[-108.9898,25.56292],[-108.98951,25.5552],[-108.99757,25.55621],[-108.99836,25.5512],[-108.98669,25.53689],[-108.98677,25.54049],[-108.97628,25.5491],[-108.97731,25.55529],[-108.97042,25.56831],[-108.97969,25.58233],[-108.97211,25.59458],[-108.96827,25.61202],[-108.964,25.6126],[-108.96236,25.60885],[-108.95351,25.61194],[-108.94711,25.60503],[-108.93709,25.60991],[-108.93541,25.61696],[-108.92778,25.61531],[-108.92304,25.61871],[-108.91827,25.63164],[-108.92419,25.66696],[-108.91007,25.66265],[-108.90924,25.65578],[-108.90595,25.65461],[-108.90914,25.65106],[-108.9044,25.65141],[-108.90677,25.67289],[-108.91708,25.66789],[-108.91702,25.67123],[-108.93146,25.6735],[-108.93347,25.68022],[-108.93795,25.67539],[-108.94765,25.6727],[-108.97372,25.67551],[-108.98604,25.66912],[-108.99643,25.65858],[-109.01575,25.65769],[-109.02526,25.64032],[-109.02857,25.63741],[-109.03623,25.63764],[-109.03061,25.63422],[-109.02971,25.62855],[-109.03438,25.62926],[-109.03331,25.62564],[-109.03032,25.62573],[-109.03143,25.6188],[-109.04379,25.60919],[-109.0385,25.6032],[-109.03956,25.59858],[-109.04535,25.60046],[-109.05923,25.59318],[-109.05958,25.58882],[-109.05622,25.58646],[-109.06183,25.58138],[-109.06447,25.58476],[-109.05739,25.60191],[-109.06262,25.60275],[-109.06199,25.60647],[-109.05774,25.60654],[-109.05766,25.61092],[-109.06787,25.61131],[-109.07078,25.60723],[-109.07618,25.60653],[-109.08343,25.61434],[-109.08191,25.62101],[-109.07028,25.62034],[-109.07247,25.62526],[-109.08483,25.62465],[-109.08677,25.61863],[-109.09103,25.6183],[-109.08655,25.60589],[-109.09323,25.60495],[-109.09522,25.59872],[-109.10835,25.60849],[-109.10221,25.61086],[-109.1019,25.61304],[-109.10616,25.61245],[-109.10295,25.62695],[-109.11715,25.62662],[-109.11373,25.6186],[-109.11826,25.61891],[-109.11832,25.61493],[-109.12257,25.61537],[-109.12081,25.61907],[-109.12315,25.62386],[-109.11985,25.62626],[-109.1283,25.6301],[-109.13712,25.61993],[-109.13587,25.62711],[-109.13851,25.63101],[-109.14841,25.63319],[-109.15131,25.63837],[-109.14556,25.64293],[-109.13415,25.63738],[-109.13727,25.64643],[-109.13467,25.64974],[-109.13859,25.65288],[-109.13653,25.658],[-109.14649,25.66533],[-109.14699,25.67871],[-109.1502,25.68235],[-109.15128,25.67671],[-109.15591,25.68037],[-109.15962,25.67913],[-109.15781,25.67679],[-109.15996,25.6754],[-109.16257,25.68122],[-109.17288,25.67544],[-109.17932,25.68118],[-109.17482,25.68755],[-109.17529,25.6945],[-109.18227,25.69253],[-109.18277,25.68765],[-109.19195,25.70037],[-109.2053,25.70041],[-109.20818,25.70726],[-109.21687,25.70492],[-109.21911,25.70727],[-109.22755,25.70313],[-109.22784,25.72165],[-109.22437,25.72624],[-109.22721,25.7358],[-109.23484,25.73846],[-109.23649,25.74208],[-109.24442,25.73369],[-109.2441,25.74578],[-109.24907,25.74584],[-109.24757,25.73193],[-109.25516,25.7279],[-109.26569,25.69715],[-109.25292,25.68671],[-109.25097,25.67485],[-109.25592,25.67568],[-109.25556,25.67156],[-109.24072,25.65749],[-109.23761,25.6469],[-109.23964,25.64358],[-109.24589,25.64327],[-109.28715,25.65572],[-109.28518,25.66445],[-109.29049,25.69076],[-109.29,25.70464],[-109.28257,25.7079],[-109.28631,25.72441],[-109.27906,25.72484],[-109.27738,25.73331],[-109.27958,25.748],[-109.28747,25.75273],[-109.2896,25.76279],[-109.30074,25.7588],[-109.29382,25.76541],[-109.29617,25.77032],[-109.30165,25.7745],[-109.3074,25.76968],[-109.3099,25.77396],[-109.3132,25.77155],[-109.31283,25.7574],[-109.31584,25.75537],[-109.32001,25.76185],[-109.31969,25.78449],[-109.32509,25.79484],[-109.32765,25.79513],[-109.32643,25.79049],[-109.33069,25.79054],[-109.32996,25.78216],[-109.33497,25.77952],[-109.33578,25.77233],[-109.34289,25.77151],[-109.33412,25.78955],[-109.3375,25.79164],[-109.33857,25.78625],[-109.34385,25.78425],[-109.34568,25.77527],[-109.34557,25.7835],[-109.36455,25.78783],[-109.36714,25.806],[-109.37142,25.80528],[-109.37447,25.81059],[-109.38073,25.80988],[-109.38438,25.81378],[-109.38304,25.81814],[-109.39042,25.822],[-109.39682,25.8183],[-109.4101,25.82462],[-109.39398,25.82856],[-109.40144,25.83468],[-109.40643,25.83332],[-109.39929,25.84611],[-109.40361,25.85285],[-109.39971,25.85756],[-109.37668,25.85731],[-109.3557,25.85244],[-109.36257,25.83901],[-109.36046,25.83744],[-109.34454,25.84755],[-109.34307,25.85063],[-109.34684,25.85556],[-109.3373,25.85673],[-109.33517,25.86649],[-109.32359,25.87124],[-109.32394,25.87639],[-109.3215,25.87829],[-109.31414,25.87589],[-109.30653,25.88056],[-109.3082,25.88341],[-109.31099,25.87727],[-109.32463,25.87794],[-109.32472,25.87151],[-109.33645,25.86676],[-109.33756,25.85854],[-109.34785,25.8548],[-109.34451,25.84936],[-109.35872,25.83948],[-109.36142,25.83977],[-109.35419,25.84895],[-109.35427,25.85307],[-109.37467,25.85832],[-109.41164,25.85834],[-109.41335,25.837],[-109.41713,25.83061],[-109.42757,25.82558],[-109.41893,25.87694],[-109.42242,25.89242],[-109.42012,25.89394],[-109.41849,25.88877],[-109.41325,25.88692],[-109.41408,25.87792],[-109.40902,25.87375],[-109.40482,25.8894],[-109.40663,25.8925],[-109.41801,25.89263],[-109.42243,25.92381],[-109.40354,25.93171],[-109.4092,25.93408],[-109.42091,25.93125],[-109.41999,25.93562],[-109.42906,25.9388],[-109.43041,25.94435],[-109.42125,25.94798],[-109.41714,25.95784],[-109.40545,25.95926],[-109.41673,25.95942],[-109.42268,25.948],[-109.42897,25.94536],[-109.43697,25.95407],[-109.42694,25.95885],[-109.42932,25.96171],[-109.43506,25.95868],[-109.4367,25.96333],[-109.44397,25.96289],[-109.43542,25.99548],[-109.43118,25.99337],[-109.42666,26.00181],[-109.42367,26.00152],[-109.42228,25.99366],[-109.4183,25.99825],[-109.40527,25.99386],[-109.40352,25.99693],[-109.42491,26.00488],[-109.43223,26.00007],[-109.43117,26.00495],[-109.41032,26.05206],[-109.41517,26.04054],[-109.40982,26.03611],[-109.40299,26.03603],[-109.39735,26.0424],[-109.40226,26.05841],[-109.39721,26.06311],[-109.39137,26.06292],[-109.40026,26.06893],[-109.39429,26.0789],[-109.38804,26.08797],[-109.37671,26.09337],[-109.37623,26.09735],[-109.36548,26.10148],[-109.36556,26.10585],[-109.36041,26.10772],[-109.35944,26.1162],[-109.34401,26.1186],[-109.33603,26.1086],[-109.34503,26.10716],[-109.34608,26.10306],[-109.34316,26.09826],[-109.33182,26.09402],[-109.32973,26.10107],[-109.33334,26.10754],[-109.32947,26.10604],[-109.32858,26.1116],[-109.32982,26.11445],[-109.33487,26.11013],[-109.33423,26.11527],[-109.33831,26.11866],[-109.34798,26.12044],[-109.35971,26.11698],[-109.36323,26.10968],[-109.36965,26.10899],[-109.32657,26.17281],[-109.30431,26.2132],[-109.29421,26.24087],[-109.28929,26.27528],[-109.24815,26.31582],[-109.23877,26.31365],[-109.24246,26.28681],[-109.24532,26.28581],[-109.24601,26.29714],[-109.25727,26.26949],[-109.26907,26.27221],[-109.27095,26.27995],[-109.27644,26.27539],[-109.28015,26.26591],[-109.28385,26.23714],[-109.28733,26.23358],[-109.28975,26.21457],[-109.30674,26.15354],[-109.3056,26.13423],[-109.3022,26.13278],[-109.28308,26.13448],[-109.28096,26.14294],[-109.27153,26.15389],[-109.2609,26.1885],[-109.25563,26.18792],[-109.25567,26.19487],[-109.2594,26.19324],[-109.26467,26.20321],[-109.27102,26.20792],[-109.2693,26.21793],[-109.26528,26.22032],[-109.25882,26.21343],[-109.24824,26.2151],[-109.25664,26.20671],[-109.25288,26.20075],[-109.24207,26.21786],[-109.24201,26.22171],[-109.24908,26.22566],[-109.25073,26.23931],[-109.24744,26.23979],[-109.23853,26.22527],[-109.23459,26.23114],[-109.2359,26.24839],[-109.23238,26.25478],[-109.22481,26.25559],[-109.21993,26.26646],[-109.22199,26.28167],[-109.21385,26.33765],[-109.2076,26.33577],[-109.21076,26.32526],[-109.20635,26.32379],[-109.19984,26.33876],[-109.20266,26.34124],[-109.19285,26.3406],[-109.1718,26.3117],[-109.15924,26.30635],[-109.15611,26.29704],[-109.16933,26.27303],[-109.16218,26.27371],[-109.16196,26.27847],[-109.14858,26.27662],[-109.14819,26.27405],[-109.15271,26.26831],[-109.16017,26.26584],[-109.16069,26.2688],[-109.16555,26.26848],[-109.17361,26.26382],[-109.17984,26.24847],[-109.16444,26.24776],[-109.15576,26.25562],[-109.15758,26.24895],[-109.16496,26.24236],[-109.16361,26.2372],[-109.14331,26.23153],[-109.13795,26.23635],[-109.13315,26.2332],[-109.1387,26.22504],[-109.12733,26.2137],[-109.12854,26.20948],[-109.12043,26.2086],[-109.12109,26.21169],[-109.11705,26.21434],[-109.11111,26.21156],[-109.10687,26.20019],[-109.11469,26.18383],[-109.1098,26.18646],[-109.10272,26.20991],[-109.09856,26.21191],[-109.10073,26.21863],[-109.10911,26.2208],[-109.10538,26.23053],[-109.1138,26.23938],[-109.11088,26.2432],[-109.1159,26.25073],[-109.10604,26.26038],[-109.10143,26.27189],[-109.0994,26.26492],[-109.09242,26.26483],[-109.08847,26.2703],[-109.09248,26.28721],[-109.11229,26.27949],[-109.11792,26.28458],[-109.1175,26.29268],[-109.12218,26.2858],[-109.12589,26.28585],[-109.13515,26.29574],[-109.1348,26.29947],[-109.12521,26.29703],[-109.11835,26.3037],[-109.12038,26.30867],[-109.13952,26.30828],[-109.14657,26.31339],[-109.15017,26.32912],[-109.14884,26.33207],[-109.13513,26.3324],[-109.13494,26.34411],[-109.15675,26.33744],[-109.15613,26.34978],[-109.15085,26.34971],[-109.15056,26.35897],[-109.15467,26.36082],[-109.16539,26.35067],[-109.16371,26.37612],[-109.16888,26.38313],[-109.18069,26.38585],[-109.18296,26.39617],[-109.19722,26.39764],[-109.20023,26.40565],[-109.20592,26.40753],[-109.20212,26.40362],[-109.20251,26.39719],[-109.18154,26.37686],[-109.185,26.37485],[-109.18981,26.35947],[-109.20085,26.36604],[-109.20401,26.3738],[-109.21463,26.38011],[-109.22299,26.39333],[-109.23038,26.39561],[-109.23175,26.39974],[-109.23576,26.39902],[-109.24276,26.4368],[-109.23621,26.45421],[-109.24199,26.45891],[-109.24749,26.47339],[-109.25147,26.47472],[-109.25721,26.47325],[-109.25799,26.46888],[-109.24858,26.42941],[-109.24821,26.37872],[-109.25547,26.33225],[-109.253,26.32604],[-109.26036,26.32021],[-109.25322,26.36849],[-109.25193,26.41607],[-109.25643,26.45857],[-109.26477,26.49366],[-109.27388,26.51538],[-109.28853,26.53974],[-109.31186,26.56729],[-109.33023,26.58294],[-109.35861,26.59961],[-109.38118,26.63293],[-109.40279,26.6535],[-109.4315,26.66861],[-109.4735,26.67576],[-109.47945,26.68019],[-109.47511,26.68349],[-109.4606,26.6769],[-109.42804,26.6705],[-109.43206,26.69061],[-109.44176,26.69329],[-109.43519,26.70248],[-109.43758,26.71271],[-109.44716,26.71715],[-109.47152,26.71664],[-109.48152,26.72974],[-109.48319,26.74391],[-109.49818,26.73738],[-109.50476,26.7269],[-109.50733,26.72796],[-109.51187,26.75296],[-109.52488,26.75528],[-109.52892,26.75301],[-109.55302,26.72869],[-109.55615,26.71868],[-109.55393,26.713],[-109.53843,26.7041],[-109.53205,26.71033],[-109.50978,26.70496],[-109.51882,26.70012],[-109.52555,26.70358],[-109.5296,26.70066],[-109.55047,26.70332],[-109.55536,26.7017],[-109.55483,26.69886],[-109.53961,26.70141],[-109.54084,26.69473],[-109.58287,26.70107],[-109.59199,26.70515],[-109.59566,26.70956],[-109.5942,26.71173],[-109.57989,26.71056],[-109.57511,26.71502],[-109.57631,26.72146],[-109.58395,26.72926],[-109.59796,26.73223],[-109.59423,26.72061],[-109.60069,26.71965],[-109.60082,26.70858],[-109.59628,26.70558],[-109.59381,26.70826],[-109.58744,26.70176],[-109.57316,26.69879],[-109.58379,26.69581],[-109.58153,26.69347],[-109.53661,26.69005],[-109.53462,26.68836],[-109.54122,26.68753],[-109.52291,26.68593],[-109.50871,26.6769],[-109.49266,26.67815],[-109.49289,26.6712],[-109.56496,26.69009],[-109.61588,26.69522],[-109.64283,26.6933],[-109.64366,26.69549],[-109.67895,26.69094],[-109.67786,26.68591],[-109.66322,26.68873],[-109.66236,26.67624],[-109.66884,26.67335],[-109.68971,26.67701],[-109.76985,26.70835],[-109.79142,26.72757],[-109.79283,26.72977],[-109.78594,26.73074],[-109.79424,26.7312],[-109.79677,26.73585],[-109.80107,26.73602],[-109.82011,26.75174],[-109.84093,26.77559],[-109.85235,26.7942],[-109.86077,26.82695],[-109.85847,26.82719],[-109.85795,26.82178],[-109.85218,26.82508],[-109.85711,26.83464],[-109.85444,26.84336],[-109.85639,26.84904],[-109.86325,26.85115],[-109.86416,26.84601],[-109.85823,26.83722],[-109.86026,26.83441],[-109.86758,26.84836],[-109.8726,26.87696],[-109.89136,26.92496],[-109.916,26.95989],[-109.92923,26.97208],[-109.94753,26.99666],[-109.94659,27.00463],[-109.93894,27.00882],[-109.94003,26.99918],[-109.9283,26.97953],[-109.91638,26.96439],[-109.91009,26.96216],[-109.91098,26.95908],[-109.90019,26.9469],[-109.89517,26.9466],[-109.89792,26.94405],[-109.8977,26.93659],[-109.89195,26.93796],[-109.89044,26.93061],[-109.88772,26.93008],[-109.88762,26.9405],[-109.89332,26.9444],[-109.89041,26.94901],[-109.89149,26.95584],[-109.89947,26.96117],[-109.89859,26.96361],[-109.8907,26.96278],[-109.89824,26.96978],[-109.89236,26.96974],[-109.89243,26.97694],[-109.88736,26.98153],[-109.89985,26.98189],[-109.90114,26.97559],[-109.90226,26.98885],[-109.89621,26.98855],[-109.8973,26.99258],[-109.91861,26.99586],[-109.91568,27.00387],[-109.91154,27.00362],[-109.90775,26.99662],[-109.89684,26.99563],[-109.89068,26.99997],[-109.9097,27.00154],[-109.9076,27.01166],[-109.90386,27.01202],[-109.90181,27.01638],[-109.90727,27.01604],[-109.91167,27.02135],[-109.91062,27.04115],[-109.91702,27.06307],[-109.92284,27.07032],[-109.96826,27.10011],[-109.97229,27.10014],[-109.98825,27.08358],[-109.97228,27.10105],[-109.97194,27.10651],[-109.98968,27.11687],[-109.99086,27.11302],[-110.00082,27.10871],[-110.01497,27.11807],[-110.01144,27.12654],[-110.02733,27.1179],[-110.03055,27.1277],[-110.04167,27.12212],[-110.04403,27.11519],[-110.05033,27.1187],[-110.04763,27.11496],[-110.03415,27.111],[-110.03895,27.1037],[-110.04467,27.10773],[-110.04538,27.09178],[-110.05632,27.0898],[-110.06356,27.08316],[-110.08269,27.09898],[-110.10102,27.10759],[-110.14465,27.11725],[-110.13974,27.12057],[-110.12205,27.1211],[-110.12045,27.12328],[-110.12588,27.12704],[-110.14285,27.12715],[-110.14809,27.11882],[-110.15568,27.12311],[-110.15699,27.12029],[-110.22216,27.13571],[-110.21496,27.13657],[-110.2022,27.13187],[-110.20589,27.13807],[-110.21076,27.13934],[-110.20781,27.14109],[-110.19056,27.13129],[-110.18811,27.13284],[-110.19079,27.13824],[-110.20283,27.14262],[-110.20295,27.14808],[-110.21204,27.14827],[-110.22201,27.15694],[-110.23696,27.15831],[-110.23463,27.16241],[-110.24128,27.15679],[-110.2548,27.15686],[-110.25073,27.1643],[-110.25473,27.16844],[-110.26424,27.16566],[-110.26196,27.16127],[-110.2699,27.15694],[-110.26437,27.14495],[-110.29684,27.15039],[-110.30229,27.15324],[-110.29949,27.16352],[-110.29016,27.16039],[-110.27403,27.16417],[-110.29038,27.17068],[-110.29867,27.17896],[-110.30015,27.17227],[-110.30303,27.17164],[-110.31493,27.17827],[-110.31506,27.18135],[-110.31995,27.18086],[-110.31992,27.18549],[-110.33792,27.18301],[-110.32774,27.17704],[-110.31833,27.16362],[-110.31129,27.16307],[-110.31002,27.15894],[-110.33395,27.17398],[-110.34107,27.18534],[-110.33728,27.18669],[-110.3377,27.19613],[-110.34632,27.19848],[-110.34715,27.20363],[-110.36551,27.21375],[-110.36728,27.231],[-110.36036,27.23303],[-110.36076,27.23869],[-110.3651,27.23588],[-110.36767,27.23821],[-110.36272,27.24822],[-110.36587,27.25235],[-110.36353,27.25851],[-110.38768,27.26505],[-110.39123,27.2733],[-110.39855,27.27719],[-110.39981,27.28363],[-110.41115,27.29191],[-110.41489,27.29193],[-110.41695,27.28293],[-110.41412,27.2734],[-110.40446,27.27722],[-110.40713,27.27063],[-110.40207,27.26563],[-110.39983,27.2543],[-110.39175,27.25658],[-110.40331,27.24865],[-110.38374,27.2487],[-110.38375,27.24587],[-110.39267,27.24784],[-110.39559,27.23897],[-110.35138,27.19439],[-110.34204,27.19255],[-110.34451,27.18741],[-110.38188,27.22026],[-110.41451,27.25436],[-110.43057,27.26626],[-110.47713,27.28561],[-110.52419,27.29157],[-110.52228,27.29903],[-110.49909,27.30075],[-110.50011,27.29715],[-110.47192,27.29035],[-110.47103,27.29537],[-110.45203,27.29491],[-110.44941,27.29927],[-110.44336,27.30079],[-110.44193,27.29847],[-110.44655,27.29502],[-110.45492,27.29222],[-110.44254,27.29114],[-110.43513,27.30411],[-110.43871,27.30875],[-110.42946,27.31399],[-110.44529,27.31753],[-110.45418,27.32464],[-110.45594,27.31975],[-110.45075,27.31909],[-110.44273,27.31134],[-110.45167,27.30829],[-110.4528,27.31421],[-110.44963,27.31433],[-110.45163,27.31781],[-110.46342,27.32094],[-110.46459,27.31657],[-110.46876,27.31967],[-110.46342,27.32171],[-110.46252,27.32763],[-110.47001,27.32791],[-110.4723,27.3323],[-110.46797,27.33434],[-110.47258,27.3341],[-110.47198,27.33757],[-110.4642,27.33934],[-110.46039,27.35283],[-110.46873,27.35441],[-110.47758,27.37271],[-110.48737,27.37545],[-110.50144,27.38643],[-110.51125,27.38467],[-110.51617,27.37877],[-110.53001,27.37804],[-110.52134,27.38342],[-110.52205,27.38754],[-110.51843,27.39125],[-110.51439,27.3906],[-110.51003,27.39907],[-110.51524,27.39575],[-110.52186,27.39808],[-110.51663,27.40643],[-110.51116,27.40499],[-110.51113,27.41168],[-110.52091,27.41609],[-110.5111,27.41889],[-110.50666,27.41141],[-110.50306,27.41217],[-110.50203,27.41654],[-110.51263,27.43227],[-110.5247,27.44029],[-110.52368,27.44427],[-110.51676,27.44361],[-110.51432,27.43948],[-110.51243,27.44359],[-110.52249,27.4516],[-110.51555,27.45621],[-110.51727,27.45776],[-110.52508,27.45341],[-110.52361,27.46061],[-110.5161,27.46239],[-110.51607,27.46882],[-110.52445,27.46589],[-110.52963,27.46835],[-110.52124,27.47373],[-110.52239,27.47553],[-110.53393,27.47493],[-110.53683,27.47133],[-110.54976,27.48308],[-110.56103,27.47849],[-110.56591,27.48571],[-110.57542,27.48638],[-110.57819,27.47906],[-110.56901,27.46565],[-110.5689,27.4587],[-110.57927,27.46054],[-110.57871,27.45667],[-110.58594,27.45232],[-110.58814,27.44126],[-110.59131,27.44127],[-110.58827,27.52411],[-110.58401,27.51663],[-110.58065,27.51674],[-110.58052,27.51097],[-110.57562,27.50967],[-110.5768,27.50478],[-110.56544,27.49368],[-110.54802,27.48617],[-110.54769,27.49478],[-110.55513,27.51037],[-110.56839,27.51518],[-110.5727,27.51995],[-110.5718,27.52934],[-110.56747,27.52971],[-110.56899,27.534],[-110.566,27.53614],[-110.57783,27.5372],[-110.57954,27.54158],[-110.58532,27.54147],[-110.58285,27.54545],[-110.58672,27.55293],[-110.59147,27.55526],[-110.58581,27.56424],[-110.58984,27.56786],[-110.5901,27.57352],[-110.5927,27.57378],[-110.59128,27.56786],[-110.59591,27.56479],[-110.59705,27.56942],[-110.60138,27.56995],[-110.60236,27.57767],[-110.59536,27.59592],[-110.60326,27.60958],[-110.61801,27.60267],[-110.62233,27.60629],[-110.61611,27.60884],[-110.61234,27.61475],[-110.60809,27.63017],[-110.61416,27.63096],[-110.62255,27.62507],[-110.61381,27.64704],[-110.60686,27.65037],[-110.60167,27.64791],[-110.60164,27.65563],[-110.58519,27.65185],[-110.58748,27.65713],[-110.58458,27.65918],[-110.57737,27.65723],[-110.56532,27.67044],[-110.57064,27.67921],[-110.57105,27.68358],[-110.567,27.68408],[-110.56828,27.68897],[-110.58416,27.69546],[-110.58939,27.68865],[-110.59298,27.69239],[-110.59308,27.70487],[-110.58671,27.70756],[-110.59074,27.714],[-110.57814,27.71834],[-110.57567,27.72322],[-110.56282,27.71752],[-110.55816,27.72625],[-110.54904,27.73059],[-110.55278,27.73472],[-110.55275,27.7409],[-110.56401,27.74749],[-110.5695,27.74712],[-110.57255,27.74302],[-110.5704,27.74018],[-110.57416,27.73865],[-110.57573,27.74406],[-110.5854,27.74769],[-110.58393,27.75514],[-110.59301,27.76418],[-110.59548,27.7611],[-110.60213,27.76137],[-110.60631,27.76524],[-110.60643,27.77013],[-110.6128,27.76835],[-110.61163,27.77272],[-110.60178,27.77629],[-110.59948,27.77333],[-110.59396,27.77987],[-110.58716,27.78191],[-110.5766,27.78111],[-110.57006,27.78984],[-110.54677,27.79015],[-110.54459,27.79284],[-110.54789,27.79928],[-110.54499,27.79979],[-110.54845,27.80315],[-110.54784,27.81086],[-110.55334,27.81114],[-110.55512,27.79879],[-110.5638,27.79972],[-110.56731,27.7906],[-110.5728,27.79113],[-110.57595,27.79886],[-110.58578,27.80095],[-110.58461,27.80532],[-110.5791,27.80826],[-110.58316,27.80686],[-110.58748,27.8097],[-110.59064,27.81691],[-110.56718,27.82237],[-110.5683,27.83087],[-110.56571,27.82751],[-110.54401,27.82706],[-110.54225,27.83245],[-110.52595,27.83197],[-110.52024,27.83624],[-110.52077,27.84615],[-110.50901,27.8555],[-110.51232,27.85988],[-110.52509,27.85118],[-110.53638,27.85276],[-110.55138,27.86362],[-110.5626,27.88218],[-110.57014,27.87821],[-110.60572,27.88809],[-110.63382,27.88315],[-110.64307,27.88807],[-110.64333,27.89682],[-110.63754,27.89783],[-110.64346,27.90325],[-110.65258,27.90224],[-110.65431,27.90469],[-110.65795,27.89943],[-110.67027,27.89367],[-110.63875,27.8833],[-110.62907,27.87645],[-110.62518,27.86924],[-110.61896,27.86896],[-110.62057,27.86485],[-110.62375,27.86486],[-110.65928,27.89094],[-110.67231,27.89213],[-110.67897,27.88957],[-110.70703,27.90288],[-110.74031,27.91131],[-110.77621,27.91729],[-110.80865,27.91863],[-110.83067,27.91583],[-110.84313,27.91018],[-110.85268,27.91392],[-110.85239,27.91624],[-110.8466,27.91327],[-110.83878,27.91403],[-110.81472,27.92249],[-110.81386,27.91928],[-110.79923,27.92003],[-110.8069,27.92338],[-110.81009,27.92159],[-110.82178,27.9499],[-110.82935,27.9542],[-110.84481,27.95238],[-110.85438,27.94634],[-110.85554,27.94107],[-110.86047,27.93914],[-110.85786,27.93682],[-110.86135,27.92551],[-110.86759,27.9232],[-110.86629,27.91548],[-110.87368,27.91626],[-110.87613,27.92372],[-110.88366,27.92476],[-110.89076,27.91962],[-110.89309,27.90933],[-110.89932,27.90753],[-110.89845,27.90303],[-110.90686,27.89776],[-110.90657,27.89287],[-110.90281,27.89274],[-110.89513,27.89415],[-110.88614,27.9034],[-110.87977,27.90263],[-110.88615,27.89955],[-110.88456,27.89633],[-110.86457,27.903],[-110.85588,27.9008],[-110.86603,27.89477],[-110.86255,27.89309],[-110.87096,27.88307],[-110.86401,27.88486],[-110.86329,27.88177],[-110.86923,27.87998],[-110.86634,27.87676],[-110.87112,27.87406],[-110.86866,27.87277],[-110.87127,27.8657],[-110.87504,27.86725],[-110.88112,27.86378],[-110.87548,27.86017],[-110.87563,27.85091],[-110.88258,27.84912],[-110.88303,27.84011],[-110.88722,27.8396],[-110.89039,27.8535],[-110.90226,27.85582],[-110.90558,27.86277],[-110.90269,27.86534],[-110.90543,27.86791],[-110.90775,27.86534],[-110.91499,27.86972],[-110.91875,27.86664],[-110.92512,27.8678],[-110.92439,27.87564],[-110.93293,27.88157],[-110.93988,27.87076],[-110.94973,27.86807],[-110.95088,27.88646],[-110.94871,27.88801],[-110.9613,27.89431],[-110.9639,27.90666],[-110.96014,27.90486],[-110.94739,27.91155],[-110.9458,27.91914],[-110.94941,27.92634],[-110.96361,27.92519],[-110.96998,27.92763],[-110.97895,27.94796],[-110.97171,27.95233],[-110.9704,27.96339],[-110.97315,27.96828],[-110.98417,27.9688],[-110.98185,27.9634],[-110.9762,27.96262],[-110.9775,27.95799],[-111.00503,27.96353],[-111.02589,27.96224],[-111.04009,27.95683],[-111.04023,27.95362],[-111.05052,27.94821],[-111.05051,27.94268],[-111.05848,27.94049],[-111.05747,27.94782],[-111.06211,27.95361],[-111.06616,27.95206],[-111.06485,27.94048],[-111.06007,27.93406],[-111.06224,27.92865],[-111.06558,27.94048],[-111.07803,27.93623],[-111.08846,27.9379],[-111.0902,27.94086],[-111.10294,27.93583],[-111.10107,27.94278],[-111.10353,27.94471],[-111.09107,27.9451],[-111.09166,27.94819],[-111.09949,27.96156],[-111.11398,27.96695],[-111.11979,27.97775],[-111.12559,27.97942],[-111.12993,27.97491],[-111.1369,27.98494],[-111.1482,27.9839],[-111.15023,27.98673],[-111.16531,27.98954],[-111.16705,27.99391],[-111.17546,27.99416],[-111.18812,28.02064],[-111.1958,28.02179],[-111.20625,28.03091],[-111.2112,28.04171],[-111.23036,28.04939],[-111.23674,28.04758],[-111.24227,28.05812],[-111.24778,28.0576],[-111.24719,28.05374],[-111.25095,28.05206],[-111.25502,28.05424],[-111.25097,28.05888],[-111.25185,28.06376],[-111.26639,28.07814],[-111.27655,28.08082],[-111.27714,28.0843],[-111.27221,28.08765],[-111.27454,28.09125],[-111.28063,28.08943],[-111.28357,28.10461],[-111.28706,28.10486],[-111.28534,28.11374],[-111.2894,28.11437],[-111.28942,28.11977],[-111.29494,28.12336],[-111.29525,28.13057],[-111.30164,28.13274],[-111.30092,28.13596],[-111.30746,28.1398],[-111.31443,28.14017],[-111.31241,28.14532],[-111.31446,28.14956],[-111.32944,28.16085],[-111.33325,28.17216],[-111.33244,28.19043],[-111.3342,28.19608],[-111.34191,28.20108],[-111.34061,28.20456],[-111.34455,28.21046],[-111.35327,28.21198],[-111.35823,28.21943],[-111.37682,28.21861],[-111.37887,28.22478],[-111.37323,28.23123],[-111.37953,28.24536],[-111.38825,28.24868],[-111.38524,28.25923],[-111.38774,28.26849],[-111.3962,28.27541],[-111.40723,28.27383],[-111.41513,28.28745],[-111.4253,28.2869],[-111.42708,28.29487],[-111.4326,28.29382],[-111.44136,28.30511],[-111.45009,28.30637],[-111.45099,28.31332],[-111.45506,28.31356],[-111.45667,28.31716],[-111.45264,28.32489],[-111.46041,28.3403],[-111.45709,28.34622],[-111.45699,28.35742],[-111.44593,28.35514],[-111.43287,28.36148],[-111.42443,28.36061],[-111.42242,28.3655],[-111.41834,28.36551],[-111.41309,28.36193],[-111.39564,28.35941],[-111.39416,28.35414],[-111.39067,28.35325],[-111.38341,28.35546],[-111.38414,28.35751],[-111.3971,28.36262],[-111.39595,28.36507],[-111.3878,28.36509],[-111.38578,28.36947],[-111.40527,28.36864],[-111.42537,28.37758],[-111.43001,28.37474],[-111.43468,28.3773],[-111.44136,28.37458],[-111.44907,28.37609],[-111.4566,28.36706],[-111.45556,28.36244],[-111.47832,28.37934],[-111.50398,28.39211],[-111.53808,28.4042],[-111.58265,28.41495],[-111.64568,28.44373],[-111.70892,28.45718],[-111.71454,28.49201],[-111.72574,28.51099],[-111.73688,28.52147],[-111.75322,28.5664],[-111.77155,28.6036],[-111.79694,28.62635],[-111.85876,28.66327],[-111.87814,28.67935],[-111.88699,28.69113],[-111.9078,28.70256],[-111.90742,28.70874],[-111.92515,28.71839],[-111.92423,28.72946],[-111.93262,28.73738],[-111.93384,28.74329],[-111.94647,28.75194],[-111.95032,28.75835],[-111.94453,28.76392],[-111.93021,28.7617],[-111.90383,28.78362],[-111.91032,28.77457],[-111.90984,28.77007],[-111.89962,28.76886],[-111.89207,28.77392],[-111.89088,28.75412],[-111.88181,28.73412],[-111.87583,28.73416],[-111.87586,28.73827],[-111.86305,28.7417],[-111.86008,28.75406],[-111.85395,28.75397],[-111.85414,28.77674],[-111.85099,28.78499],[-111.84429,28.78632],[-111.84416,28.8069],[-111.85674,28.809],[-111.86501,28.79785],[-111.87183,28.79798],[-111.86312,28.80421],[-111.86351,28.81629],[-111.86582,28.81319],[-111.86717,28.81678],[-111.86461,28.82503],[-111.88524,28.82914],[-111.88783,28.8254],[-111.90183,28.82247],[-111.90777,28.81729],[-111.90568,28.82823],[-111.91356,28.82767],[-111.92417,28.82206],[-111.92879,28.81586],[-111.92919,28.81226],[-111.91592,28.79768],[-111.91442,28.79306],[-111.91792,28.79227],[-111.93477,28.81556],[-111.95209,28.8247],[-111.96802,28.84131],[-111.99734,28.85293],[-112.03115,28.85987],[-112.03472,28.88042],[-112.04938,28.88571],[-112.05149,28.89161],[-112.04762,28.8991],[-112.06162,28.91057],[-112.07042,28.91333],[-112.07429,28.92024],[-112.08545,28.92478],[-112.0992,28.95348],[-112.1098,28.96008],[-112.15866,28.96185],[-112.17145,28.96779],[-112.17194,28.97254],[-112.16313,28.96966],[-112.15516,28.96253],[-112.13293,28.96284],[-112.16258,28.97301],[-112.15529,28.97487],[-112.15856,28.97896],[-112.15031,28.98752],[-112.15038,28.99318],[-112.15862,29.01059],[-112.1645,29.01389],[-112.1677,29.02492],[-112.16537,29.03883],[-112.17206,29.04777],[-112.16871,29.06246],[-112.17117,29.07299],[-112.17574,29.07539],[-112.18758,29.07387],[-112.16817,29.10542],[-112.16611,29.11727],[-112.18363,29.15133],[-112.19101,29.1555],[-112.1938,29.16924],[-112.20241,29.17868],[-112.22029,29.17865],[-112.21902,29.18316],[-112.21624,29.18319],[-112.21716,29.18691],[-112.22096,29.1861],[-112.221,29.18957],[-112.21641,29.1981],[-112.21377,29.19787],[-112.21368,29.20198],[-112.21807,29.20194],[-112.20891,29.24575],[-112.21176,29.26373],[-112.23252,29.30675],[-112.25077,29.32381],[-112.26552,29.32997],[-112.30192,29.32988],[-112.32998,29.32137],[-112.30369,29.33038],[-112.26379,29.33218],[-112.28714,29.34494],[-112.31583,29.33939],[-112.32333,29.35166],[-112.33279,29.35632],[-112.33423,29.35412],[-112.32636,29.34726],[-112.3257,29.33042],[-112.33454,29.33329],[-112.33649,29.32542],[-112.35886,29.33034],[-112.37494,29.32568],[-112.40269,29.33696],[-112.40894,29.34332],[-112.41436,29.36384],[-112.42127,29.37509],[-112.38945,29.43226],[-112.38093,29.45369],[-112.37867,29.48201],[-112.38875,29.49939],[-112.41236,29.5057],[-112.42752,29.51775],[-112.42812,29.52906],[-112.43125,29.53212],[-112.42928,29.54885],[-112.4353,29.55882],[-112.46019,29.58144],[-112.47754,29.59102],[-112.48406,29.6038],[-112.49206,29.60783],[-112.49511,29.61525],[-112.50636,29.61975],[-112.50844,29.63079],[-112.5221,29.64838],[-112.52377,29.66147],[-112.53681,29.67649],[-112.53854,29.68419],[-112.5517,29.69689],[-112.55934,29.6959],[-112.5805,29.71147],[-112.58608,29.73866],[-112.6002,29.75598],[-112.60633,29.77956],[-112.62943,29.80422],[-112.63073,29.81167],[-112.64176,29.81924],[-112.65162,29.83584],[-112.64994,29.85952],[-112.6537,29.87258],[-112.66628,29.89274],[-112.6827,29.90397],[-112.69093,29.9022],[-112.7073,29.91034],[-112.72519,29.90355],[-112.73789,29.90416],[-112.7474,29.91612],[-112.73993,29.93627],[-112.74142,29.96274],[-112.73385,29.98573],[-112.73294,30.00117],[-112.73774,30.00573],[-112.73792,30.01576],[-112.74676,30.03981],[-112.76069,30.06026],[-112.76074,30.07845],[-112.75325,30.11481],[-112.75207,30.16471],[-112.7613,30.20161],[-112.78062,30.23067],[-112.81676,30.26334],[-112.84267,30.27108],[-112.85007,30.27071],[-112.85419,30.26899],[-112.85703,30.26252],[-112.85913,30.26429],[-112.85577,30.26665],[-112.85604,30.27282],[-112.85088,30.28215],[-112.84618,30.30818],[-112.84877,30.36703],[-112.8561,30.39418],[-112.86694,30.41793],[-112.88917,30.44795],[-112.86345,30.42158],[-112.86959,30.44027],[-112.88537,30.45855],[-112.89937,30.46143],[-112.94507,30.5055],[-112.97945,30.53172],[-112.97924,30.54329],[-112.98485,30.53446],[-112.98846,30.53647],[-113.04813,30.62013],[-113.08902,30.68992],[-113.10351,30.75421],[-113.12676,30.80988],[-113.12719,30.81579],[-113.11544,30.83038],[-113.11057,30.84588],[-113.10031,30.89464],[-113.09618,30.96509],[-113.09443,30.91221],[-113.09233,30.95235],[-113.09838,30.98362],[-113.12683,31.05539],[-113.12456,31.06057],[-113.12047,31.05807],[-113.12275,31.04646],[-113.11049,31.02558],[-113.111,31.02146],[-113.10059,31.00942],[-113.09846,30.9939],[-113.0897,30.98222],[-113.08581,30.98391],[-113.06915,31.00491],[-113.05945,31.01175],[-113.0593,31.01895],[-113.05322,31.02059],[-113.05007,31.04095],[-113.051,31.08413],[-113.04831,31.08391],[-113.04703,31.09396],[-113.05149,31.11368],[-113.05568,31.11439],[-113.05783,31.13055],[-113.06705,31.14223],[-113.06809,31.14915],[-113.06159,31.15273],[-113.06234,31.15978],[-113.07256,31.16193],[-113.07845,31.15798],[-113.08711,31.16453],[-113.08366,31.17744],[-113.08786,31.1784],[-113.09166,31.18785],[-113.09958,31.1944],[-113.09984,31.19928],[-113.1328,31.21571],[-113.13091,31.21111],[-113.11539,31.19954],[-113.11986,31.19188],[-113.17849,31.2188],[-113.19819,31.2299],[-113.2051,31.23762],[-113.21443,31.25905],[-113.23472,31.2695],[-113.24666,31.26813],[-113.25003,31.27772],[-113.26166,31.28227],[-113.26813,31.2816],[-113.2578,31.27732],[-113.25338,31.26121],[-113.27702,31.26117],[-113.27635,31.2581],[-113.21959,31.24328],[-113.22623,31.23919],[-113.25886,31.2399],[-113.32963,31.25907],[-113.42553,31.27632],[-113.4351,31.28179],[-113.43265,31.28557],[-113.40738,31.28052],[-113.40248,31.27611],[-113.39471,31.27677],[-113.40255,31.27881],[-113.41294,31.28722],[-113.42611,31.28749],[-113.43408,31.29479],[-113.45497,31.29208],[-113.47015,31.29449],[-113.44618,31.28788],[-113.44101,31.29068],[-113.43635,31.28408],[-113.45377,31.28054],[-113.54577,31.29635],[-113.5524,31.30342],[-113.54507,31.30369],[-113.54337,31.30694],[-113.54889,31.30632],[-113.55407,31.31547],[-113.56648,31.32036],[-113.62385,31.32704],[-113.64374,31.34244],[-113.63606,31.34594],[-113.63082,31.34077],[-113.61614,31.34069],[-113.60761,31.33521],[-113.60636,31.33883],[-113.61172,31.34309],[-113.60917,31.36448],[-113.61493,31.37259],[-113.61192,31.37727],[-113.62104,31.40382],[-113.63652,31.43203],[-113.63211,31.4352],[-113.62903,31.44838],[-113.6333,31.46705],[-113.64832,31.48936],[-113.67826,31.51392],[-113.76242,31.54978],[-113.76441,31.55604],[-113.77761,31.56115],[-113.7756,31.56916],[-113.78396,31.56756],[-113.79079,31.57011],[-113.79018,31.56486],[-113.80308,31.56457],[-113.8311,31.57809],[-113.84614,31.58894],[-113.84497,31.59963],[-113.86982,31.58776],[-113.87435,31.58856],[-113.88013,31.60565],[-113.87678,31.60894],[-113.88507,31.60528],[-113.89776,31.60782],[-113.90533,31.61921],[-113.91903,31.62532],[-113.91627,31.6331],[-113.92204,31.63039],[-113.92164,31.62218],[-113.91678,31.62049],[-113.91286,31.61056],[-113.92234,31.60636],[-113.93017,31.60695],[-113.92979,31.61403],[-113.93257,31.60702],[-113.93739,31.60743],[-113.94662,31.61454],[-113.94719,31.62313],[-113.95195,31.62148],[-113.95365,31.61373],[-113.9605,31.61666],[-113.9613,31.62743],[-113.96574,31.62553],[-113.96993,31.63443],[-113.97173,31.62976],[-113.97431,31.63073],[-113.97201,31.63849],[-113.96349,31.6446],[-113.96714,31.64593],[-113.96941,31.64164],[-113.97802,31.63861],[-113.9794,31.61134],[-113.97449,31.59834],[-113.97979,31.59051],[-113.97751,31.58478],[-113.98133,31.58238],[-113.98823,31.58209],[-113.99315,31.59014],[-113.99032,31.58179],[-113.9834,31.57655],[-113.98543,31.56982],[-113.9922,31.56748],[-113.98124,31.57005],[-113.97248,31.57783],[-113.9632,31.55955],[-113.98424,31.54646],[-113.98299,31.54033],[-113.97847,31.53953],[-113.98625,31.52946],[-114.00593,31.52377],[-114.01126,31.52966],[-114.00933,31.53372],[-114.01461,31.53757],[-114.01661,31.53595],[-114.02523,31.51482],[-114.01868,31.52263],[-114.01846,31.51543],[-114.02371,31.50605],[-114.02303,31.49447],[-114.02536,31.49195],[-114.04042,31.48973],[-114.0673,31.49343],[-114.1444,31.49248],[-114.17033,31.49794],[-114.20976,31.51358],[-114.23537,31.53033],[-114.29118,31.55093],[-114.31452,31.57417],[-114.32723,31.58112],[-114.32934,31.59144],[-114.33516,31.59799],[-114.36667,31.60944],[-114.39084,31.62587],[-114.41497,31.63291],[-114.43595,31.6458],[-114.44882,31.64735],[-114.45382,31.66235],[-114.46593,31.67005],[-114.49315,31.67495],[-114.50817,31.68656],[-114.50605,31.69268],[-114.51001,31.69636],[-114.52987,31.70112],[-114.5354,31.71382],[-114.54412,31.71767],[-114.55704,31.73711],[-114.58876,31.75494],[-114.63157,31.76281],[-114.68369,31.75991],[-114.70339,31.76644],[-114.72654,31.77919],[-114.74263,31.80428],[-114.75903,31.81704],[-114.78509,31.82238],[-114.80353,31.81935],[-114.81369,31.82236],[-114.82502,31.83348],[-114.83421,31.85265],[-114.84489,31.86595],[-114.85987,31.86915],[-114.87291,31.86552],[-114.88318,31.87739],[-114.89401,31.87821],[-114.9129,31.86862],[-114.91248,31.87389],[-114.92009,31.88365],[-114.94024,31.89195],[-114.94046,31.90917],[-114.94621,31.91505],[-114.97135,31.92304],[-114.99224,31.91848],[-114.98135,31.9205],[-114.97826,31.91698],[-114.99402,31.90604],[-115.00092,31.90731],[-115.00116,31.91734],[-115.00578,31.92641],[-115.02828,31.93846],[-115.00729,31.92669],[-115.00181,31.91529],[-115.00449,31.90968],[-115.00065,31.90602],[-114.99191,31.90601],[-114.97596,31.91887],[-114.9466,31.91081],[-114.9468,31.8882],[-114.92471,31.87936],[-114.92157,31.86491],[-114.91578,31.86109],[-114.90311,31.86191],[-114.89357,31.871],[-114.87212,31.86062],[-114.85158,31.86323],[-114.84359,31.85693],[-114.82596,31.82527],[-114.80717,31.81158],[-114.8084,31.79155],[-114.81846,31.76036],[-114.81658,31.72486],[-114.79021,31.67659],[-114.78243,31.63739],[-114.7834,31.62789],[-114.79766,31.60937],[-114.80682,31.60953],[-114.80913,31.60674],[-114.81039,31.59803],[-114.81678,31.59454],[-114.81931,31.58276],[-114.82666,31.57658],[-114.83205,31.57693],[-114.83081,31.57216],[-114.84759,31.53465],[-114.85518,31.50445],[-114.85148,31.50233],[-114.85665,31.49907],[-114.85314,31.49516],[-114.85651,31.4857],[-114.85162,31.48305],[-114.85078,31.47404],[-114.85491,31.46383],[-114.85545,31.44636],[-114.85243,31.44091],[-114.85518,31.4389],[-114.85598,31.42336],[-114.85991,31.42175],[-114.86029,31.41816],[-114.85632,31.41501],[-114.8569,31.39587],[-114.8534,31.38514],[-114.85719,31.3834],[-114.8593,31.36956],[-114.86551,31.35989],[-114.86443,31.35473],[-114.86837,31.35274],[-114.86772,31.34836],[-114.87608,31.33616],[-114.88085,31.31722],[-114.88254,31.30156],[-114.87975,31.29278],[-114.883,31.28769],[-114.87646,31.27936],[-114.88458,31.28412],[-114.88215,31.27894],[-114.88579,31.27668],[-114.88603,31.27283],[-114.87835,31.26846],[-114.88544,31.21215],[-114.88203,31.21055],[-114.89028,31.1693],[-114.88995,31.14359],[-114.88311,31.11494],[-114.87102,31.09469],[-114.84984,31.07313],[-114.83224,31.06602],[-114.8231,31.05391],[-114.81626,31.05277],[-114.81238,31.04615],[-114.81214,31.04357],[-114.82432,31.03967],[-114.83262,31.02258],[-114.8348,31.00565],[-114.82781,30.99139],[-114.79989,30.97241],[-114.72006,30.93607],[-114.71002,30.90684],[-114.71096,30.8922],[-114.70316,30.86556],[-114.70997,30.84643],[-114.70152,30.81929],[-114.69641,30.81534],[-114.70039,30.77325],[-114.6989,30.76063],[-114.69415,30.75399],[-114.69806,30.75213],[-114.69957,30.74496],[-114.69339,30.74202],[-114.70532,30.71601],[-114.69389,30.67108],[-114.69897,30.63261],[-114.67802,30.58853],[-114.66549,30.57802],[-114.65292,30.55723],[-114.65002,30.52993],[-114.63138,30.49026],[-114.63187,30.47613],[-114.63934,30.4557],[-114.63741,30.43715],[-114.6316,30.41982],[-114.6371,30.4009],[-114.63545,30.39547],[-114.64361,30.37685],[-114.64045,30.36626],[-114.6359,30.36437],[-114.63564,30.34457],[-114.64077,30.34698],[-114.64744,30.3034],[-114.65618,30.28479],[-114.65604,30.2781],[-114.64252,30.26744],[-114.63903,30.25877],[-114.6505,30.24355],[-114.6508,30.22453],[-114.66842,30.19939],[-114.66785,30.19219],[-114.65229,30.17443],[-114.6353,30.1425],[-114.63535,30.13402],[-114.62713,30.11909],[-114.60314,30.10824],[-114.59668,30.08807],[-114.58842,30.08123],[-114.5829,30.07136],[-114.58307,30.05234],[-114.57734,30.04478],[-114.57614,30.03319],[-114.56873,30.02842],[-114.56411,30.01806],[-114.56487,30.01113],[-114.55121,30.00188],[-114.54958,29.99593],[-114.53966,29.98521],[-114.5403,29.97699],[-114.53417,29.96814],[-114.49409,29.9535],[-114.4851,29.94716],[-114.47032,29.91294],[-114.44654,29.90824],[-114.43439,29.90993],[-114.41334,29.89101],[-114.40912,29.8773],[-114.41467,29.85659],[-114.41314,29.84756],[-114.40284,29.83528],[-114.4017,29.82818],[-114.40941,29.8205],[-114.40955,29.81536],[-114.40165,29.80698],[-114.395,29.80787],[-114.3965,29.79556],[-114.38825,29.77843],[-114.37373,29.77018],[-114.35549,29.76891],[-114.34631,29.7596],[-114.34283,29.74642],[-114.3329,29.74301],[-114.29581,29.742],[-114.28739,29.74864],[-114.28831,29.75251],[-114.28237,29.75985],[-114.29188,29.75696],[-114.29278,29.76186],[-114.28414,29.76528],[-114.28027,29.77201],[-114.26535,29.76811],[-114.25881,29.75936],[-114.24369,29.76277],[-114.23032,29.7508],[-114.21856,29.74464],[-114.2074,29.74363],[-114.20033,29.72754],[-114.18159,29.70787],[-114.16647,29.70099],[-114.16027,29.69122],[-114.14813,29.69366],[-114.14322,29.69034],[-114.13271,29.67186],[-114.11796,29.66254],[-114.11103,29.65288],[-114.06892,29.63345],[-114.06276,29.62766],[-114.05915,29.61524],[-114.04718,29.59698],[-114.02954,29.5917],[-114.02176,29.58125],[-114.00852,29.57645],[-113.9939,29.57652],[-113.98023,29.56681],[-113.96541,29.5476],[-113.9571,29.53995],[-113.95074,29.53842],[-113.94343,29.5247],[-113.93021,29.51985],[-113.92734,29.51195],[-113.91673,29.50588],[-113.89674,29.48473],[-113.87978,29.47726],[-113.86232,29.46234],[-113.83555,29.45559],[-113.83124,29.44848],[-113.83177,29.43587],[-113.82543,29.42958],[-113.8055,29.42576],[-113.79675,29.41721],[-113.78735,29.41702],[-113.7846,29.41283],[-113.77217,29.40937],[-113.76169,29.39107],[-113.72582,29.36662],[-113.7164,29.34907],[-113.70378,29.33776],[-113.69491,29.32432],[-113.68408,29.31939],[-113.66978,29.30528],[-113.65868,29.30152],[-113.63753,29.2833],[-113.62531,29.25269],[-113.65484,29.22126],[-113.65613,29.20864],[-113.63916,29.19817],[-113.64653,29.17695],[-113.63794,29.1793],[-113.63903,29.17581],[-113.63567,29.17613],[-113.63334,29.17129],[-113.62729,29.17514],[-113.6227,29.16173],[-113.60748,29.16203],[-113.60502,29.14588],[-113.59186,29.1293],[-113.58183,29.12628],[-113.57725,29.11878],[-113.57119,29.11646],[-113.56282,29.08576],[-113.5555,29.07973],[-113.54857,29.06572],[-113.5398,29.05998],[-113.53825,29.03867],[-113.53455,29.03694],[-113.53429,29.03231],[-113.53807,29.03121],[-113.53702,29.03638],[-113.54016,29.03914],[-113.54896,29.04001],[-113.56137,29.02126],[-113.5629,29.00606],[-113.56038,28.99891],[-113.54717,28.98502],[-113.54405,28.95911],[-113.55534,28.95427],[-113.55735,28.94703],[-113.54753,28.93411],[-113.54507,28.9231],[-113.53909,28.91755],[-113.53504,28.90709],[-113.52684,28.9003],[-113.52578,28.89286],[-113.49532,28.8897],[-113.47793,28.89555],[-113.47868,28.90248],[-113.47521,28.90409],[-113.472,28.91649],[-113.4832,28.9204],[-113.48689,28.92804],[-113.48595,28.93166],[-113.48011,28.93177],[-113.48289,28.93814],[-113.48108,28.94165],[-113.47397,28.94396],[-113.47946,28.94733],[-113.45658,28.9439],[-113.44826,28.95073],[-113.45496,28.94354],[-113.45267,28.93921],[-113.4464,28.9401],[-113.44727,28.94612],[-113.44061,28.94843],[-113.43838,28.95927],[-113.43378,28.95652],[-113.43309,28.95191],[-113.42426,28.94963],[-113.42845,28.93477],[-113.42288,28.92767],[-113.4146,28.92357],[-113.40413,28.92582],[-113.40488,28.93313],[-113.38545,28.93965],[-113.38286,28.93532],[-113.39077,28.92978],[-113.39379,28.91456],[-113.36783,28.90396],[-113.37902,28.90119],[-113.38014,28.89295],[-113.37435,28.88893],[-113.36736,28.87672],[-113.3585,28.87263],[-113.36576,28.87057],[-113.3698,28.86202],[-113.3707,28.83732],[-113.36259,28.821],[-113.35111,28.81683],[-113.35654,28.81159],[-113.35335,28.79944],[-113.34511,28.79675],[-113.34401,28.79947],[-113.30879,28.80432],[-113.30166,28.81216],[-113.29456,28.81421],[-113.29479,28.81832],[-113.28533,28.81951],[-113.28634,28.82566],[-113.26995,28.83069],[-113.26108,28.83894],[-113.25233,28.83973],[-113.24471,28.83844],[-113.24345,28.83409],[-113.2334,28.83529],[-113.22988,28.82738],[-113.22078,28.82521],[-113.21369,28.81453],[-113.21153,28.80196],[-113.20004,28.79727],[-113.19626,28.7909],[-113.19866,28.78006],[-113.19372,28.77397],[-113.19194,28.75883],[-113.19412,28.74465],[-113.18244,28.71604],[-113.17583,28.71357],[-113.1765,28.70405],[-113.17297,28.6951],[-113.16868,28.69234],[-113.16265,28.66865],[-113.15494,28.65502],[-113.13427,28.64197],[-113.1279,28.62999],[-113.13084,28.60217],[-113.11453,28.55871],[-113.11376,28.5276],[-113.10416,28.50589],[-113.07915,28.49265],[-113.08027,28.49031],[-113.07507,28.48486],[-113.03805,28.4745],[-113.03588,28.46784],[-113.01516,28.45722],[-113.00202,28.45458],[-112.96976,28.45686],[-112.90402,28.47477],[-112.8849,28.46333],[-112.88783,28.45635],[-112.8831,28.45204],[-112.87404,28.44985],[-112.88244,28.43945],[-112.88002,28.43421],[-112.86805,28.43167],[-112.86619,28.42514],[-112.86259,28.42738],[-112.86601,28.43196],[-112.86051,28.43358],[-112.85888,28.44003],[-112.8458,28.44046],[-112.84722,28.43016],[-112.84388,28.42223],[-112.85224,28.41774],[-112.85955,28.40324],[-112.85482,28.39868],[-112.85301,28.38687],[-112.84885,28.38153],[-112.85383,28.37529],[-112.85342,28.36886],[-112.86859,28.33831],[-112.87379,28.31997],[-112.87532,28.30787],[-112.8682,28.29948],[-112.87315,28.28321],[-112.86344,28.26803],[-112.84389,28.25454],[-112.82399,28.22883],[-112.80172,28.20842],[-112.80134,28.20315],[-112.79319,28.20185],[-112.78627,28.19564],[-112.79445,28.19013],[-112.79724,28.17492],[-112.80503,28.1635],[-112.81028,28.14748],[-112.81193,28.11634],[-112.80238,28.08303],[-112.79317,28.07839],[-112.78877,28.06649],[-112.8025,28.0465],[-112.80435,28.02719],[-112.80219,28.01924],[-112.78701,28.00427],[-112.76844,28.00258],[-112.76257,27.99841],[-112.76162,27.98427],[-112.75585,27.96763],[-112.76694,27.93714],[-112.76163,27.91354],[-112.76507,27.90269],[-112.76107,27.89709],[-112.76691,27.8911],[-112.77167,27.872],[-112.77031,27.85993],[-112.75896,27.84708],[-112.74188,27.83766],[-112.73315,27.82542],[-112.7282,27.82304],[-112.72415,27.82322],[-112.72391,27.82656],[-112.7194,27.82482],[-112.7203,27.81735],[-112.71359,27.80457],[-112.71668,27.79862],[-112.7159,27.78628],[-112.70635,27.77637],[-112.70778,27.76632],[-112.70311,27.75403],[-112.6802,27.7309],[-112.67513,27.72067],[-112.66378,27.71528],[-112.6605,27.70915],[-112.6426,27.71],[-112.63791,27.70607],[-112.63356,27.69519],[-112.62319,27.68772],[-112.6232,27.67859],[-112.59757,27.66449],[-112.59976,27.65623],[-112.59724,27.65189],[-112.57111,27.64279],[-112.56103,27.64497],[-112.54158,27.63824],[-112.52829,27.63749],[-112.51749,27.6295],[-112.48647,27.62096],[-112.47424,27.61338],[-112.474,27.60643],[-112.46815,27.60032],[-112.46161,27.59717],[-112.4466,27.59797],[-112.4419,27.59198],[-112.43553,27.59024],[-112.41879,27.5908],[-112.41118,27.58265],[-112.40309,27.58209],[-112.39168,27.57062],[-112.37225,27.5631],[-112.35898,27.55204],[-112.35561,27.53612],[-112.33083,27.51553],[-112.32778,27.50141],[-112.32398,27.49733],[-112.32535,27.4793],[-112.31876,27.4593],[-112.32194,27.44718],[-112.31559,27.43528],[-112.31832,27.43409],[-112.31768,27.42844],[-112.3056,27.41929],[-112.29807,27.40341],[-112.3036,27.3959],[-112.30275,27.3851],[-112.29533,27.379],[-112.28622,27.36377],[-112.26957,27.35685],[-112.26978,27.3499],[-112.2621,27.33325],[-112.23923,27.32291],[-112.23057,27.2952],[-112.21732,27.28168],[-112.21327,27.26679],[-112.19871,27.25071],[-112.20197,27.24631],[-112.19979,27.24401],[-112.20294,27.22958],[-112.20668,27.2298],[-112.21473,27.21533],[-112.21215,27.20326],[-112.20293,27.20192],[-112.19077,27.19469],[-112.16621,27.17123],[-112.16703,27.16685],[-112.16427,27.16456],[-112.14295,27.16126],[-112.1226,27.15332],[-112.11376,27.14657],[-112.11139,27.13952],[-112.10503,27.13622],[-112.0906,27.13106],[-112.06905,27.1329],[-112.06294,27.12574],[-112.01774,27.11964],[-112.0088,27.11636],[-111.99051,27.09578],[-111.95314,27.09617],[-111.95377,27.08639],[-111.94723,27.07743],[-111.94918,27.07021],[-111.95891,27.065],[-111.95951,27.06757],[-111.97016,27.06968],[-111.97702,27.06564],[-111.98758,27.05708],[-112.00548,27.0338],[-112.01507,26.99796],[-112.01427,26.97327],[-112.00709,26.95698],[-111.98541,26.94015],[-111.97547,26.93624],[-111.96758,26.91931],[-111.95704,26.91269],[-111.95668,26.90356],[-111.96584,26.90015],[-111.95521,26.89945],[-111.93815,26.88349],[-111.91571,26.87707],[-111.91238,26.87208],[-111.91038,26.85614],[-111.90175,26.8531],[-111.8945,26.84286],[-111.87492,26.83346],[-111.87158,26.82808],[-111.87222,26.81804],[-111.8628,26.80446],[-111.86164,26.78362],[-111.87434,26.77583],[-111.87766,26.76037],[-111.87591,26.75601],[-111.87892,26.75624],[-111.883,26.76548],[-111.8913,26.76311],[-111.88956,26.76132],[-111.8947,26.7582],[-111.89665,26.75086],[-111.89047,26.74922],[-111.90088,26.74221],[-111.89956,26.73888],[-111.90723,26.73085],[-111.90549,26.72752],[-111.90886,26.71952],[-111.90237,26.71338],[-111.89809,26.7156],[-111.89234,26.71383],[-111.886,26.7086],[-111.88278,26.69974],[-111.87704,26.69875],[-111.87779,26.70247],[-111.87522,26.70352],[-111.8608,26.69048],[-111.85149,26.67201],[-111.85075,26.64938],[-111.84613,26.644],[-111.83537,26.64098],[-111.83592,26.63776],[-111.82015,26.63476],[-111.81322,26.62631],[-111.80592,26.62596],[-111.80326,26.61466],[-111.79373,26.6021],[-111.79178,26.59002],[-111.78675,26.5867],[-111.77959,26.56513],[-111.7638,26.55621],[-111.76519,26.55105],[-111.74825,26.5471],[-111.73875,26.53794],[-111.69936,26.56098],[-111.6801,26.58005],[-111.67686,26.58855],[-111.67963,26.59652],[-111.69139,26.60084],[-111.69431,26.61086],[-111.70753,26.61851],[-111.71418,26.63006],[-111.72999,26.64027],[-111.74096,26.65308],[-111.76251,26.66403],[-111.76488,26.67637],[-111.79418,26.68804],[-111.80624,26.71319],[-111.80841,26.71601],[-111.81385,26.71559],[-111.81604,26.72085],[-111.81326,26.73348],[-111.81709,26.74709],[-111.81551,26.76692],[-111.82308,26.78334],[-111.82228,26.79184],[-111.82668,26.80493],[-111.82363,26.82039],[-111.82598,26.82706],[-111.83621,26.83369],[-111.83804,26.84886],[-111.84323,26.85269],[-111.84545,26.86143],[-111.84319,26.86633],[-111.85114,26.87426],[-111.85103,26.87915],[-111.83184,26.88389],[-111.82117,26.89592],[-111.81658,26.89646],[-111.80819,26.88712],[-111.79569,26.8841],[-111.79565,26.8787],[-111.79117,26.87409],[-111.76612,26.86098],[-111.7599,26.85265],[-111.74766,26.84603],[-111.72409,26.81553],[-111.72131,26.80654],[-111.70405,26.79762],[-111.68215,26.77997],[-111.66667,26.78017],[-111.66677,26.77233],[-111.65942,26.76528],[-111.65535,26.75578],[-111.64889,26.75337],[-111.64784,26.74539],[-111.62544,26.73803],[-111.62541,26.73147],[-111.61005,26.72678],[-111.60671,26.71843],[-111.59696,26.71667],[-111.59263,26.71128],[-111.5826,26.7112],[-111.57943,26.70632],[-111.57198,26.70738],[-111.56922,26.69839],[-111.56162,26.69674],[-111.56732,26.66237],[-111.56745,26.63098],[-111.56325,26.62044],[-111.56843,26.59623],[-111.56741,26.56381],[-111.55518,26.55022],[-111.50474,26.53098],[-111.4767,26.53031],[-111.47186,26.53496],[-111.4597,26.53641],[-111.46283,26.53228],[-111.45622,26.52278],[-111.44175,26.51794],[-111.44374,26.51485],[-111.45147,26.51559],[-111.45615,26.50606],[-111.45465,26.48779],[-111.46219,26.47825],[-111.46591,26.47875],[-111.46985,26.46484],[-111.47182,26.45609],[-111.4673,26.43474],[-111.46835,26.41184],[-111.46102,26.40092],[-111.42293,26.37544],[-111.42091,26.37235],[-111.43433,26.36948],[-111.43417,26.36331],[-111.42169,26.34868],[-111.40497,26.34641],[-111.40381,26.3423],[-111.39538,26.34052],[-111.38603,26.32099],[-111.38743,26.31172],[-111.3824,26.30092],[-111.38319,26.27982],[-111.39175,26.28005],[-111.39488,26.27593],[-111.39385,26.26692],[-111.39723,26.25533],[-111.38777,26.24224],[-111.38285,26.21986],[-111.3777,26.21704],[-111.37675,26.18616],[-111.36944,26.1764],[-111.36402,26.17487],[-111.36072,26.16768],[-111.35376,26.12935],[-111.3489,26.12499],[-111.34387,26.11136],[-111.3236,26.10008],[-111.32513,26.08773],[-111.31825,26.07076],[-111.32122,26.0638],[-111.32776,26.05967],[-111.33142,26.04396],[-111.34463,26.03055],[-111.34518,26.02463],[-111.33729,26.00458],[-111.33795,25.98708],[-111.35555,25.96876],[-111.35808,25.95769],[-111.35291,25.942],[-111.35486,25.92836],[-111.3436,25.92002],[-111.33659,25.90807],[-111.33638,25.88491],[-111.34162,25.87666],[-111.33333,25.86253],[-111.3324,25.83499],[-111.32571,25.83102],[-111.3152,25.83683],[-111.31054,25.83153],[-111.31519,25.83091],[-111.31346,25.82448],[-111.31631,25.82448],[-111.31686,25.81804],[-111.30746,25.81266],[-111.31097,25.79361],[-111.30608,25.77354],[-111.29,25.76457],[-111.27931,25.75095],[-111.25442,25.74032],[-111.24574,25.73068],[-111.24601,25.72476],[-111.24273,25.72103],[-111.23449,25.72002],[-111.23166,25.72517],[-111.22598,25.72544],[-111.21929,25.71785],[-111.21643,25.70602],[-111.21287,25.70551],[-111.21187,25.70139],[-111.21583,25.69238],[-111.2107,25.68312],[-111.21126,25.67823],[-111.20927,25.67386],[-111.20444,25.67309],[-111.20613,25.66589],[-111.20029,25.65483],[-111.20097,25.63861],[-111.19271,25.62061],[-111.19355,25.61443],[-111.18089,25.5972],[-111.17209,25.59438],[-111.17265,25.5873],[-111.16071,25.57085],[-111.1607,25.56686],[-111.14509,25.56584],[-111.14224,25.54963],[-111.12478,25.53472],[-111.1225,25.52906],[-111.10221,25.52406],[-111.10165,25.52676],[-111.07584,25.52613],[-111.06875,25.53064],[-111.07456,25.52163],[-111.07101,25.51507],[-111.06619,25.51327],[-111.0598,25.5134],[-111.05825,25.51971],[-111.04265,25.51534],[-111.03584,25.51997],[-111.0347,25.51676],[-111.01712,25.51547],[-111.01513,25.50724],[-111.02194,25.50157],[-111.0225,25.49668],[-111.01343,25.47687],[-111.01938,25.47609],[-111.0191,25.46168],[-111.02533,25.45911],[-111.02632,25.45061],[-111.01314,25.42102],[-111.00364,25.41639],[-110.99883,25.38293],[-110.98565,25.3671],[-110.97957,25.34149],[-110.9647,25.32977],[-110.95564,25.32836],[-110.95762,25.3245],[-110.94644,25.31317],[-110.94376,25.30493],[-110.94758,25.30365],[-110.94659,25.29605],[-110.93442,25.28974],[-110.93881,25.28717],[-110.93429,25.2779],[-110.93755,25.27211],[-110.9432,25.2828],[-110.9466,25.27868],[-110.94094,25.27508],[-110.9459,25.26736],[-110.94619,25.25706],[-110.93869,25.24445],[-110.9411,25.23698],[-110.9339,25.21536],[-110.92287,25.20866],[-110.91581,25.19039],[-110.90648,25.18369],[-110.91228,25.1752],[-110.90778,25.14637],[-110.89266,25.13053],[-110.87995,25.12627],[-110.88094,25.12396],[-110.87571,25.12009],[-110.87515,25.11211],[-110.86908,25.10542],[-110.86937,25.09821],[-110.86472,25.09177],[-110.86289,25.08096],[-110.8475,25.06962],[-110.82971,25.06394],[-110.82491,25.05878],[-110.82648,25.04695],[-110.81365,25.0329],[-110.79868,25.02979],[-110.78963,25.03596],[-110.75916,25.01326],[-110.76158,25.0067],[-110.75763,25.00155],[-110.75807,24.99563],[-110.75045,24.99279],[-110.74848,24.98789],[-110.75117,24.98301],[-110.74951,24.96602],[-110.73839,24.95313],[-110.73345,24.95158],[-110.72966,24.94102],[-110.72149,24.93521],[-110.72052,24.92581],[-110.71362,24.92027],[-110.70487,24.92128],[-110.70247,24.91883],[-110.70786,24.90932],[-110.70363,24.90673],[-110.70365,24.90107],[-110.69224,24.89191],[-110.69042,24.88612],[-110.68548,24.88482],[-110.68818,24.87813],[-110.6837,24.86706],[-110.68428,24.85753],[-110.67445,24.84361],[-110.67308,24.82868],[-110.66409,24.81554],[-110.66466,24.81116],[-110.65749,24.80574],[-110.66478,24.76586],[-110.68387,24.74119],[-110.69041,24.71933],[-110.69002,24.70749],[-110.69412,24.70106],[-110.70568,24.69838],[-110.71838,24.68772],[-110.72842,24.66921],[-110.73157,24.64399],[-110.74007,24.61827],[-110.73986,24.58712],[-110.73315,24.56291],[-110.73768,24.55005],[-110.72791,24.51297],[-110.6878,24.46527],[-110.68868,24.45009],[-110.68462,24.44364],[-110.6921,24.43336],[-110.68961,24.41688],[-110.69273,24.40505],[-110.68277,24.39525],[-110.68464,24.38032],[-110.67917,24.37336],[-110.68216,24.35972],[-110.66298,24.33446],[-110.65401,24.32774],[-110.65458,24.32363],[-110.63986,24.31561],[-110.641,24.30712],[-110.63445,24.29089],[-110.62172,24.2731],[-110.61612,24.27025],[-110.61125,24.25557],[-110.58097,24.2403],[-110.57427,24.2305],[-110.57569,24.22561],[-110.56378,24.22017],[-110.56491,24.21632],[-110.5617,24.21257],[-110.52918,24.20128],[-110.42153,24.1771],[-110.37694,24.1728],[-110.33651,24.17778],[-110.32529,24.17619],[-110.32647,24.1668],[-110.33404,24.16632],[-110.33434,24.16246],[-110.33911,24.16261],[-110.33997,24.15939],[-110.34754,24.1611],[-110.34854,24.15634],[-110.36892,24.14922],[-110.38485,24.1619],[-110.40892,24.17242],[-110.42603,24.17454],[-110.43193,24.17238],[-110.43711,24.17523],[-110.43085,24.16311],[-110.42706,24.16386],[-110.4294,24.14302],[-110.41585,24.1292],[-110.42317,24.12395],[-110.42,24.11261],[-110.39341,24.10067],[-110.38162,24.10294],[-110.38119,24.10551],[-110.37193,24.10753],[-110.37079,24.11113],[-110.34833,24.1149],[-110.35056,24.11903],[-110.34662,24.12068],[-110.35026,24.12289],[-110.34743,24.12648],[-110.3468,24.14127],[-110.35101,24.13911],[-110.35184,24.14297],[-110.32147,24.15622],[-110.30284,24.17853],[-110.30025,24.21533],[-110.31215,24.22027],[-110.30632,24.23389],[-110.31456,24.24216],[-110.31397,24.24782],[-110.31607,24.24886],[-110.31848,24.24347],[-110.32409,24.24439],[-110.31363,24.25863],[-110.3097,24.25913],[-110.31053,24.26158],[-110.3229,24.25752],[-110.32061,24.26536],[-110.32982,24.27724],[-110.32972,24.26926],[-110.33211,24.26811],[-110.33019,24.25999],[-110.33189,24.25601],[-110.3361,24.2577],[-110.33699,24.27521],[-110.33346,24.27906],[-110.32812,24.27852],[-110.32768,24.28341],[-110.33646,24.29657],[-110.32943,24.2968],[-110.32744,24.30155],[-110.33363,24.30016],[-110.33178,24.30376],[-110.33755,24.30301],[-110.33777,24.31408],[-110.3202,24.31632],[-110.31756,24.31142],[-110.31458,24.31655],[-110.3161,24.32222],[-110.32423,24.32509],[-110.33042,24.32357],[-110.33263,24.32912],[-110.32417,24.33603],[-110.30589,24.33903],[-110.29996,24.34428],[-110.29739,24.35251],[-110.28869,24.35105],[-110.28334,24.3536],[-110.24882,24.34571],[-110.24613,24.3502],[-110.23366,24.34409],[-110.23007,24.33442],[-110.23486,24.33239],[-110.23523,24.31695],[-110.21689,24.3081],[-110.21622,24.30218],[-110.21063,24.29764],[-110.2008,24.29798],[-110.19311,24.29382],[-110.18421,24.27987],[-110.18456,24.26906],[-110.17731,24.26156],[-110.17414,24.25241],[-110.15226,24.2492],[-110.14191,24.24373],[-110.1373,24.23998],[-110.13733,24.23611],[-110.12238,24.2256],[-110.11592,24.22711],[-110.10111,24.21699],[-110.08891,24.21576],[-110.07607,24.20667],[-110.07261,24.20021],[-110.06378,24.19836],[-110.05781,24.1906],[-110.03715,24.17683],[-110.01756,24.16988],[-110.01255,24.16509],[-110.00768,24.15914],[-110.00198,24.13465],[-109.99754,24.12921],[-109.99905,24.11558],[-109.99349,24.10834],[-109.98861,24.05168],[-109.98433,24.04367],[-109.92755,24.02926],[-109.87589,24.04073],[-109.83001,24.06226],[-109.82681,24.06056],[-109.82462,24.03918],[-109.81039,24.032],[-109.8039,24.02178],[-109.80521,24.01613],[-109.81254,24.01129],[-109.81206,24.00305],[-109.81717,23.99512],[-109.8245,23.99067],[-109.82756,23.99326],[-109.83519,23.98573],[-109.83412,23.9798],[-109.83839,23.97186],[-109.8355,23.96694],[-109.83984,23.95153],[-109.83748,23.93298],[-109.82674,23.91308],[-109.80294,23.89849],[-109.80048,23.89165],[-109.79214,23.88553],[-109.7732,23.87573],[-109.75378,23.85717],[-109.74745,23.84605],[-109.73659,23.84133],[-109.734,23.83385],[-109.71173,23.80818],[-109.69937,23.79907],[-109.70939,23.77625],[-109.71288,23.73355],[-109.70053,23.7108],[-109.6965,23.69455],[-109.69709,23.66264],[-109.68658,23.65174],[-109.6695,23.6422],[-109.64082,23.63268],[-109.6353,23.6262],[-109.59186,23.61307],[-109.57608,23.5998],[-109.52595,23.58711],[-109.51777,23.58227],[-109.5151,23.57143],[-109.51081,23.5683],[-109.47516,23.56011],[-109.46839,23.55451],[-109.47808,23.53659],[-109.47886,23.51806],[-109.46024,23.48699],[-109.44557,23.4763],[-109.43891,23.46182],[-109.42919,23.45812],[-109.42544,23.4447],[-109.4318,23.41362],[-109.42799,23.4056],[-109.41617,23.40342],[-109.41699,23.39314],[-109.41303,23.38589],[-109.41587,23.38167],[-109.42311,23.38277],[-109.43181,23.37733],[-109.42628,23.36157],[-109.4276,23.34434],[-109.42406,23.33736],[-109.42787,23.32144],[-109.42486,23.30468],[-109.43903,23.27291],[-109.436,23.24611],[-109.43822,23.23455],[-109.44994,23.22102],[-109.45731,23.19767],[-109.47108,23.18597],[-109.47735,23.17367],[-109.49341,23.15607],[-109.49473,23.15016],[-109.50916,23.14155],[-109.51937,23.1244],[-109.52692,23.12112],[-109.53315,23.11063],[-109.56503,23.09638],[-109.57629,23.08374],[-109.60692,23.0808],[-109.62398,23.07258],[-109.66778,23.06021],[-109.68012,23.04964],[-109.6938,23.0446],[-109.71255,23.03188],[-109.71758,23.01494],[-109.71294,23.00589],[-109.72146,23.00184],[-109.73353,22.98894],[-109.75999,22.98374],[-109.76394,22.97747],[-109.79464,22.96406],[-109.80801,22.94614],[-109.80854,22.93302],[-109.82981,22.91516],[-109.84098,22.90957],[-109.84326,22.90213],[-109.89668,22.89311],[-109.90577,22.88558],[-109.90623,22.88095],[-109.91138,22.87944],[-109.89738,22.87509],[-109.9163,22.87188],[-109.96325,22.87155],[-109.98319,22.87991],[-110.02106,22.90744],[-110.04808,22.93798],[-110.05831,22.94499],[-110.07009,22.96978],[-110.08608,22.99072],[-110.08944,23.00747],[-110.09785,23.01808],[-110.1078,23.04902],[-110.10661,23.06009],[-110.11388,23.09745],[-110.13003,23.13925],[-110.14765,23.21451],[-110.15424,23.22845],[-110.15435,23.25574],[-110.16708,23.31501],[-110.17107,23.32301],[-110.18451,23.3357],[-110.19469,23.35789],[-110.20453,23.36746],[-110.2092,23.3792],[-110.21421,23.38141],[-110.21263,23.3899],[-110.21525,23.39481],[-110.22386,23.39948],[-110.22412,23.40412],[-110.22843,23.40491],[-110.22772,23.408],[-110.23272,23.4115],[-110.23088,23.41702],[-110.23307,23.42373],[-110.26263,23.47484],[-110.27928,23.49216],[-110.30335,23.53269],[-110.32681,23.55828],[-110.38554,23.59958],[-110.46696,23.63695],[-110.54732,23.66797],[-110.58861,23.69189],[-110.62376,23.71708],[-110.68208,23.76767],[-110.83235,23.92545],[-110.86313,23.95148],[-110.87405,23.95535],[-110.88636,23.97364],[-110.90568,23.98858],[-110.91618,24.00197],[-110.9561,24.03661],[-111.00571,24.07034],[-111.01202,24.08437],[-111.04497,24.10972],[-111.10895,24.15036],[-111.17604,24.1835],[-111.24375,24.22665],[-111.26876,24.23922],[-111.26401,24.25081],[-111.27018,24.249],[-111.27047,24.25428],[-111.27916,24.24512],[-111.4341,24.32276],[-111.38376,24.30243],[-111.35169,24.285],[-111.36183,24.29476],[-111.4029,24.31448],[-111.40629,24.32193],[-111.47324,24.34774],[-111.47495,24.35211],[-111.48057,24.3544],[-111.47187,24.35585],[-111.47273,24.36009],[-111.47867,24.37037],[-111.48513,24.37138],[-111.48572,24.37781],[-111.49051,24.38166],[-111.48856,24.38604],[-111.49587,24.38705],[-111.50632,24.39834],[-111.51251,24.3996],[-111.51506,24.405],[-111.52151,24.40318],[-111.52238,24.40832],[-111.53956,24.41765],[-111.54265,24.41571],[-111.54745,24.42007],[-111.55363,24.41979],[-111.55467,24.43189],[-111.56059,24.43701],[-111.56265,24.45708],[-111.56285,24.43752],[-111.55756,24.41849],[-111.57447,24.42769],[-111.5761,24.44545],[-111.58524,24.44657],[-111.59225,24.44307],[-111.59565,24.44769],[-111.60183,24.44715],[-111.60412,24.45499],[-111.61883,24.47256],[-111.61891,24.49007],[-111.63116,24.52039],[-111.64854,24.54493],[-111.63182,24.54085],[-111.62877,24.54974],[-111.63837,24.55536],[-111.63726,24.55897],[-111.64542,24.55971],[-111.65843,24.57072],[-111.67703,24.57578],[-111.6857,24.5864],[-111.6974,24.58774],[-111.69784,24.57183],[-111.69999,24.57],[-111.7059,24.57295],[-111.71358,24.56892],[-111.70896,24.56236],[-111.69836,24.55885],[-111.70266,24.56383],[-111.699,24.5649],[-111.69152,24.55794],[-111.70299,24.54498],[-111.70789,24.54591],[-111.70497,24.53924],[-111.70835,24.53909],[-111.70041,24.53802],[-111.73285,24.54219],[-111.72991,24.54607],[-111.72943,24.54221],[-111.7288,24.54788],[-111.7219,24.54546],[-111.72523,24.54546],[-111.72209,24.54244],[-111.71621,24.54269],[-111.71865,24.54848],[-111.71312,24.55129],[-111.70711,24.5464],[-111.70537,24.55214],[-111.71136,24.5558],[-111.71942,24.5559],[-111.72397,24.55245],[-111.72997,24.55555],[-111.73807,24.57022],[-111.74539,24.57019],[-111.74566,24.56774],[-111.74071,24.56416],[-111.74322,24.56054],[-111.73767,24.5495],[-111.74639,24.54817],[-111.75002,24.54352],[-111.77562,24.54339],[-111.77398,24.55035],[-111.77934,24.55264],[-111.78438,24.54888],[-111.78014,24.54594],[-111.7821,24.54503],[-111.79449,24.54561],[-111.8085,24.55866],[-111.80812,24.56484],[-111.77242,24.57198],[-111.8006,24.57698],[-111.80023,24.58599],[-111.80491,24.59189],[-111.79845,24.59398],[-111.80298,24.59807],[-111.80103,24.60027],[-111.81769,24.60906],[-111.81294,24.59922],[-111.81818,24.59748],[-111.81858,24.59413],[-111.81262,24.58644],[-111.81495,24.57716],[-111.81151,24.56714],[-111.81494,24.554],[-111.81171,24.55466],[-111.8111,24.5472],[-111.80275,24.53991],[-111.80541,24.53719],[-111.80285,24.53244],[-111.80621,24.53023],[-111.79689,24.52449],[-111.8168,24.51486],[-111.81664,24.511],[-111.82044,24.51279],[-111.82178,24.52307],[-111.81561,24.56918],[-111.83997,24.63596],[-111.85349,24.65622],[-111.90216,24.7087],[-111.93746,24.73782],[-111.94017,24.74295],[-111.93978,24.74707],[-111.93752,24.74632],[-111.92911,24.73951],[-111.92884,24.73505],[-111.91933,24.72455],[-111.91202,24.72794],[-111.9116,24.73326],[-111.91633,24.73898],[-111.92019,24.73982],[-111.92768,24.74972],[-111.95912,24.77011],[-111.96768,24.78241],[-111.96842,24.7873],[-111.9633,24.78793],[-111.96384,24.79659],[-111.9599,24.79713],[-111.97038,24.80324],[-111.97496,24.81248],[-111.97604,24.80629],[-111.98387,24.81551],[-111.98791,24.84611],[-111.98707,24.86439],[-111.99022,24.86977],[-112.00453,24.8783],[-112.00565,24.87649],[-111.98932,24.86283],[-111.99373,24.84967],[-111.98941,24.83889],[-111.99275,24.83372],[-111.99089,24.83039],[-111.99527,24.83113],[-111.99311,24.82574],[-111.99578,24.82444],[-111.99177,24.81623],[-111.99526,24.81183],[-112.00436,24.82232],[-112.00345,24.81435],[-111.98957,24.80569],[-111.97833,24.7929],[-111.96668,24.7626],[-111.96749,24.75822],[-111.97285,24.75922],[-111.98071,24.77332],[-111.98482,24.77612],[-111.98508,24.77252],[-111.9742,24.75149],[-111.96543,24.74691],[-111.95617,24.75212],[-111.95221,24.75073],[-111.96373,24.74589],[-111.96507,24.73765],[-111.97579,24.73848],[-111.98317,24.74577],[-111.98008,24.74694],[-111.98296,24.7549],[-112.00137,24.76521],[-112.00812,24.76374],[-112.00763,24.75487],[-111.995,24.74401],[-111.9975,24.73937],[-111.99015,24.73697],[-112.02931,24.73555],[-112.03144,24.73772],[-112.03092,24.74261],[-112.01836,24.74116],[-112.02593,24.75346],[-112.02488,24.76222],[-112.02921,24.7748],[-112.03673,24.78066],[-112.03027,24.78354],[-112.02981,24.77968],[-112.02702,24.78228],[-112.0323,24.7906],[-112.02768,24.79385],[-112.02831,24.80183],[-112.03597,24.80821],[-112.03723,24.82416],[-112.05207,24.82765],[-112.05181,24.83023],[-112.04138,24.8312],[-112.03971,24.83418],[-112.03275,24.82727],[-112.0314,24.81802],[-112.02333,24.81396],[-112.02312,24.82271],[-112.02742,24.83117],[-112.02735,24.83992],[-112.03527,24.84296],[-112.03985,24.85013],[-112.04375,24.8447],[-112.03937,24.84421],[-112.03636,24.83857],[-112.05527,24.83999],[-112.05751,24.82092],[-112.0614,24.81472],[-112.05049,24.79061],[-112.05185,24.78493],[-112.04242,24.75321],[-112.06407,24.74714],[-112.06242,24.75243],[-112.06015,24.74974],[-112.05312,24.75211],[-112.05515,24.75917],[-112.07132,24.77103],[-112.07039,24.7776],[-112.07528,24.77228],[-112.07755,24.77446],[-112.07908,24.77239],[-112.07551,24.76714],[-112.07959,24.77049],[-112.08804,24.78081],[-112.08567,24.78443],[-112.09395,24.79647],[-112.08972,24.7965],[-112.07732,24.78051],[-112.06986,24.78095],[-112.07162,24.78917],[-112.07915,24.79632],[-112.08061,24.80223],[-112.09152,24.80807],[-112.09103,24.80035],[-112.09819,24.81394],[-112.09057,24.82867],[-112.09162,24.83561],[-112.09926,24.83864],[-112.10042,24.84288],[-112.09632,24.84072],[-112.09596,24.84857],[-112.1014,24.85805],[-112.10735,24.86071],[-112.10373,24.8664],[-112.11091,24.86403],[-112.11184,24.85836],[-112.10457,24.84941],[-112.11033,24.84654],[-112.1157,24.84855],[-112.11967,24.86602],[-112.11106,24.88102],[-112.11632,24.88522],[-112.11041,24.88733],[-112.11059,24.89106],[-112.10509,24.89187],[-112.10682,24.89585],[-112.09775,24.89154],[-112.09043,24.89275],[-112.09919,24.89487],[-112.09513,24.89812],[-112.08733,24.89329],[-112.08423,24.89434],[-112.079,24.90905],[-112.08241,24.91172],[-112.09251,24.90547],[-112.09507,24.9079],[-112.09335,24.92001],[-112.1034,24.92367],[-112.09966,24.91636],[-112.10616,24.91657],[-112.11112,24.93455],[-112.10149,24.9314],[-112.0999,24.92717],[-112.09267,24.92362],[-112.08146,24.9318],[-112.07469,24.93275],[-112.07766,24.95023],[-112.08881,24.94964],[-112.09061,24.94525],[-112.10193,24.94903],[-112.10734,24.95465],[-112.10346,24.96227],[-112.0984,24.96436],[-112.09679,24.95859],[-112.08958,24.95735],[-112.09012,24.954],[-112.08632,24.95557],[-112.08622,24.96059],[-112.08932,24.95903],[-112.09274,24.96299],[-112.08739,24.96496],[-112.08756,24.96818],[-112.08389,24.96769],[-112.08154,24.97388],[-112.09223,24.96943],[-112.09136,24.96686],[-112.09571,24.964],[-112.10239,24.98454],[-112.09867,24.99537],[-112.09498,24.99309],[-112.0954,25.00852],[-112.10392,25.01361],[-112.1046,25.01051],[-112.11349,25.00993],[-112.11679,24.99987],[-112.12464,24.99415],[-112.1216,24.98594],[-112.1234,24.98155],[-112.11858,24.97978],[-112.11879,24.97206],[-112.12385,24.96906],[-112.12894,24.97018],[-112.1311,24.95987],[-112.13933,24.949],[-112.13615,24.94105],[-112.13699,24.92483],[-112.13413,24.92073],[-112.13781,24.92173],[-112.13996,24.90988],[-112.14429,24.9047],[-112.14294,24.89596],[-112.14746,24.89657],[-112.14868,24.89206],[-112.14622,24.88551],[-112.13847,24.8857],[-112.13843,24.88184],[-112.14364,24.88103],[-112.14682,24.8738],[-112.15656,24.87475],[-112.16111,24.8935],[-112.15645,24.89302],[-112.15587,24.90615],[-112.1589,24.91385],[-112.15552,24.91439],[-112.15646,24.92468],[-112.15395,24.92779],[-112.15414,24.93216],[-112.16138,24.93751],[-112.16058,24.9424],[-112.15266,24.94028],[-112.15,24.94274],[-112.15737,24.94629],[-112.16138,24.95244],[-112.16349,24.95113],[-112.1655,24.95549],[-112.15816,24.95555],[-112.15765,24.96108],[-112.14827,24.95447],[-112.1444,24.96299],[-112.14059,24.96263],[-112.14429,24.98113],[-112.13752,24.9817],[-112.14169,24.99042],[-112.13706,24.99406],[-112.12559,25.02117],[-112.12762,25.02656],[-112.1221,25.04049],[-112.12736,25.04483],[-112.11931,25.04515],[-112.12684,25.04998],[-112.1235,25.05515],[-112.11925,25.05364],[-112.11958,25.05904],[-112.11249,25.07145],[-112.11761,25.07501],[-112.12009,25.08374],[-112.12298,25.08055],[-112.13919,25.08617],[-112.13598,25.09083],[-112.13854,25.09235],[-112.13582,25.10447],[-112.12739,25.10968],[-112.13192,25.11068],[-112.13204,25.12303],[-112.1414,25.12682],[-112.13956,25.13155],[-112.13155,25.13178],[-112.13251,25.12869],[-112.12669,25.12603],[-112.12699,25.14288],[-112.13448,25.14308],[-112.13399,25.15081],[-112.13019,25.15238],[-112.12672,25.16],[-112.1229,25.15938],[-112.12723,25.16913],[-112.12114,25.16802],[-112.12003,25.17073],[-112.12939,25.17349],[-112.12991,25.18378],[-112.1196,25.18489],[-112.10905,25.17596],[-112.09727,25.18647],[-112.08121,25.19328],[-112.10913,25.18458],[-112.10888,25.18767],[-112.1225,25.19284],[-112.12213,25.19902],[-112.11464,25.19946],[-112.10663,25.20506],[-112.10746,25.21895],[-112.10422,25.22],[-112.09837,25.21516],[-112.09883,25.2185],[-112.09276,25.22021],[-112.09408,25.22574],[-112.08898,25.22423],[-112.08858,25.22771],[-112.08434,25.22735],[-112.08162,25.22429],[-112.07698,25.24311],[-112.07974,25.25119],[-112.0765,25.25263],[-112.07795,25.25674],[-112.07529,25.25997],[-112.07459,25.30888],[-112.0701,25.31328],[-112.0738,25.3157],[-112.07174,25.32292],[-112.07404,25.32651],[-112.06956,25.33297],[-112.07658,25.34257],[-112.06983,25.34725],[-112.07278,25.3767],[-112.06916,25.38342],[-112.07215,25.3852],[-112.07493,25.38016],[-112.08146,25.38178],[-112.08056,25.37587],[-112.08624,25.37789],[-112.08447,25.38536],[-112.08712,25.39667],[-112.08634,25.40388],[-112.0831,25.40635],[-112.08011,25.4047],[-112.08058,25.39414],[-112.07238,25.39575],[-112.08218,25.41446],[-112.08151,25.41897],[-112.07862,25.41269],[-112.07266,25.4108],[-112.06802,25.41534],[-112.07062,25.42124],[-112.06741,25.42705],[-112.06705,25.45008],[-112.07559,25.45453],[-112.03521,25.47231],[-112.02048,25.47293],[-112.01052,25.48574],[-112.01367,25.48984],[-112.01601,25.48133],[-112.02165,25.47807],[-112.02309,25.48025],[-112.06841,25.47555],[-112.06999,25.47811],[-112.07149,25.48762],[-112.06401,25.49077],[-112.06361,25.49437],[-112.06849,25.5166],[-112.06268,25.51728],[-112.06246,25.52423],[-112.06705,25.53037],[-112.06322,25.53015],[-112.06353,25.53297],[-112.06737,25.53449],[-112.06292,25.54379],[-112.06609,25.54968],[-112.06512,25.56796],[-112.0727,25.57498],[-112.06268,25.58162],[-112.06367,25.59731],[-112.06105,25.6053],[-112.06287,25.6188],[-112.07255,25.62207],[-112.06746,25.62481],[-112.06317,25.62086],[-112.06208,25.62614],[-112.06778,25.62867],[-112.06695,25.63125],[-112.06113,25.63129],[-112.065,25.63538],[-112.06419,25.64002],[-112.06704,25.64077],[-112.06145,25.65136],[-112.06772,25.65338],[-112.06959,25.65645],[-112.06721,25.66033],[-112.07395,25.66774],[-112.07038,25.68115],[-112.06699,25.68375],[-112.06858,25.68605],[-112.07622,25.68368],[-112.07388,25.67611],[-112.0815,25.68673],[-112.08096,25.68956],[-112.07198,25.68577],[-112.07508,25.69836],[-112.07201,25.70481],[-112.07558,25.70736],[-112.07506,25.72795],[-112.07894,25.73333],[-112.08472,25.72788],[-112.08094,25.7189],[-112.08087,25.71092],[-112.08327,25.70975],[-112.08731,25.71654],[-112.08725,25.72554],[-112.09333,25.72267],[-112.0958,25.74349],[-112.0985,25.74424],[-112.09508,25.71185],[-112.09887,25.69175],[-112.10113,25.75194],[-112.10738,25.78226],[-112.11291,25.7956],[-112.12886,25.81452],[-112.137,25.84791],[-112.16108,25.89635],[-112.17405,25.94282],[-112.19157,25.98694],[-112.23179,26.03472],[-112.26076,26.0539],[-112.27791,26.05928],[-112.27879,26.06171],[-112.27076,26.07015],[-112.26831,26.08046],[-112.27157,26.09201],[-112.26897,26.10168],[-112.24287,26.08634],[-112.26471,26.10288],[-112.27239,26.10178],[-112.27631,26.06933],[-112.28283,26.06644],[-112.28559,26.05767],[-112.28926,26.05506],[-112.29585,26.05809],[-112.30251,26.06832],[-112.30825,26.07161],[-112.30859,26.08936],[-112.31689,26.11836],[-112.34364,26.17678],[-112.38729,26.22706],[-112.40747,26.24436],[-112.4502,26.26194],[-112.46219,26.26246],[-112.47073,26.26057],[-112.47736,26.25472],[-112.47537,26.2438],[-112.47984,26.23617],[-112.49803,26.23148],[-112.51815,26.24271],[-112.53605,26.25899],[-112.56423,26.27515],[-112.57684,26.279],[-112.58814,26.29136],[-112.60996,26.30037],[-112.62529,26.31525],[-112.63795,26.32218],[-112.65341,26.32522],[-112.65962,26.32013],[-112.67417,26.31919],[-112.67868,26.31567],[-112.71069,26.35658],[-112.73408,26.37456],[-112.78665,26.40603],[-112.78645,26.40845],[-112.78258,26.40793],[-112.76817,26.39974],[-112.76778,26.40219],[-112.78322,26.41229],[-112.78769,26.42446],[-112.8089,26.42856],[-112.81678,26.43699],[-112.81493,26.4308],[-112.80288,26.41822],[-112.79023,26.41214],[-112.78848,26.40986],[-112.79203,26.40922],[-112.89331,26.48857],[-112.96112,26.52521],[-112.95892,26.53051],[-112.94431,26.52917],[-112.92384,26.51928],[-112.92002,26.51303],[-112.87859,26.49712],[-112.87968,26.49415],[-112.89145,26.49695],[-112.88764,26.49147],[-112.87009,26.48424],[-112.8684,26.48581],[-112.87766,26.49263],[-112.87426,26.49473],[-112.86879,26.49236],[-112.84772,26.47965],[-112.84878,26.47462],[-112.83538,26.46797],[-112.83889,26.46407],[-112.85929,26.47075],[-112.86424,26.47634],[-112.86579,26.47478],[-112.82487,26.44495],[-112.82193,26.44859],[-112.81693,26.44866],[-112.82798,26.46086],[-112.8317,26.46082],[-112.8272,26.46537],[-112.81667,26.45972],[-112.81748,26.46537],[-112.8566,26.49882],[-112.87943,26.51345],[-112.88919,26.51576],[-112.89995,26.52681],[-112.93507,26.54074],[-112.95899,26.54299],[-112.95978,26.54761],[-112.97452,26.55628],[-112.98338,26.55628],[-112.99323,26.56335],[-113.02109,26.56939],[-113.00687,26.55775],[-112.9951,26.55548],[-112.9871,26.548],[-112.98165,26.53856],[-112.98479,26.53851],[-113.06034,26.59686],[-113.06197,26.60816],[-113.05769,26.60848],[-113.05895,26.61515],[-113.07221,26.6363],[-113.06785,26.64035],[-113.06269,26.6403],[-113.05441,26.63322],[-113.05152,26.63956],[-113.0785,26.66734],[-113.08121,26.67501],[-113.09361,26.68769],[-113.0934,26.69194],[-113.10268,26.69836],[-113.10832,26.70882],[-113.12486,26.72028],[-113.15,26.75527],[-113.14159,26.75745],[-113.14122,26.76029],[-113.1491,26.77599],[-113.1431,26.77646],[-113.14048,26.78216],[-113.14826,26.79208],[-113.14659,26.7948],[-113.13822,26.79158],[-113.12477,26.79269],[-113.1289,26.7988],[-113.13835,26.79827],[-113.14645,26.80239],[-113.15482,26.79043],[-113.16641,26.79707],[-113.17236,26.79325],[-113.17395,26.78654],[-113.1702,26.78544],[-113.17072,26.78222],[-113.17651,26.77776],[-113.1781,26.7713],[-113.17463,26.76955],[-113.175,26.7662],[-113.19876,26.76545],[-113.20851,26.77048],[-113.2169,26.76954],[-113.22793,26.77721],[-113.22703,26.78983],[-113.23071,26.79466],[-113.21799,26.79627],[-113.21501,26.7904],[-113.1983,26.78578],[-113.19897,26.79104],[-113.1926,26.79525],[-113.19297,26.80682],[-113.19859,26.80082],[-113.2004,26.80594],[-113.18687,26.81026],[-113.18036,26.82181],[-113.16827,26.82701],[-113.16833,26.83009],[-113.14544,26.84768],[-113.13789,26.85782],[-113.13622,26.8756],[-113.13063,26.89111],[-113.13328,26.91011],[-113.13696,26.91494],[-113.13834,26.94295],[-113.14968,26.97339],[-113.1647,26.99322],[-113.1756,26.99228],[-113.17493,26.98753],[-113.16976,26.98723],[-113.16858,26.97824],[-113.17238,26.97407],[-113.1793,26.97563],[-113.18609,26.97051],[-113.20033,26.92811],[-113.20109,26.9155],[-113.19594,26.89397],[-113.19715,26.88958],[-113.19975,26.89082],[-113.20329,26.87354],[-113.20384,26.85012],[-113.21007,26.84591],[-113.21411,26.84739],[-113.23108,26.83555],[-113.23428,26.83781],[-113.24055,26.83578],[-113.24962,26.8449],[-113.25447,26.84392],[-113.26021,26.83689],[-113.26713,26.81736],[-113.26884,26.79508],[-113.27474,26.79627],[-113.27517,26.78919],[-113.28176,26.78934],[-113.28742,26.78552],[-113.27192,26.78423],[-113.26877,26.77974],[-113.26708,26.78585],[-113.26346,26.78411],[-113.26899,26.77373],[-113.26926,26.76575],[-113.26505,26.76325],[-113.26645,26.75448],[-113.27184,26.75169],[-113.28967,26.75514],[-113.32921,26.78212],[-113.36085,26.79578],[-113.41493,26.80629],[-113.45591,26.80578],[-113.45947,26.81101],[-113.41234,26.80674],[-113.4191,26.81051],[-113.40839,26.81396],[-113.40049,26.81003],[-113.39041,26.81196],[-113.38638,26.817],[-113.3916,26.8197],[-113.39481,26.82685],[-113.40916,26.82606],[-113.41754,26.83257],[-113.45684,26.83125],[-113.48552,26.82104],[-113.48932,26.81394],[-113.48092,26.81219],[-113.48619,26.80846],[-113.48354,26.80608],[-113.46701,26.80824],[-113.46359,26.81227],[-113.46372,26.8079],[-113.46626,26.80462],[-113.48787,26.80028],[-113.51053,26.79004],[-113.52183,26.75305],[-113.54054,26.74503],[-113.54964,26.73754],[-113.54522,26.72741],[-113.54731,26.71975],[-113.5686,26.71628],[-113.57608,26.70554],[-113.60987,26.71457],[-113.63888,26.73069],[-113.66289,26.76133],[-113.68188,26.77772],[-113.70021,26.78766],[-113.69894,26.79187],[-113.66564,26.77502],[-113.6642,26.76547],[-113.65977,26.76023],[-113.64336,26.75341],[-113.6453,26.74086],[-113.64127,26.73691],[-113.6268,26.73233],[-113.6199,26.72381],[-113.5828,26.71032],[-113.57882,26.70959],[-113.5781,26.71458],[-113.59941,26.7246],[-113.59766,26.72559],[-113.60393,26.7314],[-113.62012,26.73564],[-113.61975,26.73846],[-113.63225,26.74184],[-113.63492,26.73856],[-113.64288,26.76009],[-113.65084,26.76195],[-113.65453,26.7727],[-113.66768,26.78355],[-113.68596,26.79503],[-113.70116,26.79449],[-113.70558,26.79009],[-113.71533,26.78968],[-113.72279,26.79949],[-113.72933,26.80106],[-113.73341,26.79871],[-113.73766,26.80523],[-113.74162,26.82718],[-113.76149,26.87391],[-113.78274,26.91321],[-113.8026,26.93577],[-113.85524,26.97166],[-113.91775,26.99438],[-113.95321,26.99914],[-113.97604,26.99333],[-113.98289,26.97317],[-114.00303,26.97128],[-114.01734,26.98342],[-114.03952,27.01294],[-114.05141,27.01936],[-114.05236,27.03249],[-114.06106,27.05144],[-114.08079,27.07114],[-114.09101,27.08678],[-114.12768,27.11324],[-114.15547,27.12769],[-114.19791,27.14307],[-114.25691,27.15144],[-114.27536,27.14949],[-114.28841,27.1446],[-114.29546,27.13818],[-114.294,27.12748],[-114.29751,27.12484],[-114.30897,27.13843],[-114.32656,27.14816],[-114.33325,27.15664],[-114.36242,27.16324],[-114.37536,27.17544],[-114.38959,27.18174],[-114.39736,27.18125],[-114.39835,27.17574],[-114.41459,27.16974],[-114.43485,27.17667],[-114.42739,27.18849],[-114.42818,27.19802],[-114.43355,27.2084],[-114.45514,27.22011],[-114.47993,27.21773],[-114.4818,27.22432],[-114.48804,27.22816],[-114.48516,27.2348],[-114.48764,27.24616],[-114.48502,27.26643],[-114.48788,27.28011],[-114.48556,27.29369],[-114.48965,27.35497],[-114.49894,27.38985],[-114.51317,27.41685],[-114.52617,27.42866],[-114.54673,27.43725],[-114.54892,27.44217],[-114.56431,27.45054],[-114.5761,27.45165],[-114.60146,27.47858],[-114.62984,27.48627],[-114.65348,27.50042],[-114.69106,27.51005],[-114.71331,27.52174],[-114.73549,27.52364],[-114.73822,27.53076],[-114.75177,27.54564],[-114.75836,27.5478],[-114.76765,27.58062],[-114.77879,27.6006],[-114.78827,27.61052],[-114.80333,27.62234],[-114.82569,27.63079],[-114.8416,27.62924],[-114.84586,27.62557],[-114.84457,27.61784],[-114.85131,27.62],[-114.86099,27.62684],[-114.86252,27.63741],[-114.87424,27.64376],[-114.87096,27.64898],[-114.86181,27.64395],[-114.8579,27.63733],[-114.85238,27.63918],[-114.84745,27.64746],[-114.84632,27.67548],[-114.85518,27.68796],[-114.86745,27.69599],[-114.87983,27.69837],[-114.87959,27.69554],[-114.89356,27.69035],[-114.8949,27.68072],[-114.90311,27.67455],[-114.90013,27.66396],[-114.9102,27.66642],[-114.91272,27.67058],[-114.92911,27.67442],[-114.9335,27.67886],[-114.93661,27.6982],[-114.94376,27.70962],[-114.95346,27.71619],[-114.98849,27.72867],[-114.99752,27.72533],[-114.99894,27.7184],[-115.00832,27.71905],[-115.01282,27.73403],[-115.01862,27.7408],[-115.02356,27.73946],[-115.02579,27.75197],[-115.03418,27.76006],[-115.03184,27.76929],[-115.03592,27.78375],[-115.04875,27.80219],[-115.05206,27.81947],[-115.08253,27.8469],[-115.07313,27.85474],[-115.05756,27.85954],[-115.0417,27.85636],[-115.03633,27.8496],[-115.02501,27.84352],[-115.0164,27.83143],[-115.00922,27.8285],[-114.97544,27.82492],[-114.91422,27.83404],[-114.88223,27.8279],[-114.86484,27.82956],[-114.85304,27.82629],[-114.85087,27.81906],[-114.83833,27.80973],[-114.82388,27.80899],[-114.78645,27.81508],[-114.75888,27.8055],[-114.74298,27.80525],[-114.738,27.80825],[-114.71901,27.80331],[-114.71888,27.79559],[-114.70227,27.78799],[-114.67016,27.78848],[-114.65963,27.78058],[-114.64256,27.78132],[-114.63803,27.77662],[-114.60021,27.77416],[-114.57052,27.78329],[-114.54973,27.78202],[-114.53259,27.7857],[-114.50022,27.77213],[-114.45119,27.79194],[-114.39992,27.82017],[-114.39589,27.81945],[-114.39888,27.81539],[-114.3898,27.80828],[-114.37443,27.80979],[-114.35867,27.81578],[-114.34699,27.80849],[-114.33746,27.80805],[-114.34202,27.81662],[-114.34839,27.81623],[-114.34698,27.82083],[-114.34134,27.82098],[-114.33101,27.80587],[-114.33347,27.82944],[-114.32816,27.8395],[-114.33363,27.84629],[-114.32712,27.84642],[-114.33132,27.85807],[-114.33505,27.85917],[-114.35265,27.84935],[-114.36141,27.84014],[-114.37051,27.84057],[-114.38184,27.83452],[-114.38119,27.82946],[-114.38476,27.82515],[-114.37969,27.82583],[-114.38006,27.82249],[-114.38695,27.81851],[-114.39132,27.82322],[-114.38399,27.83337],[-114.35508,27.85673],[-114.33042,27.87129],[-114.31501,27.87408],[-114.3012,27.87111],[-114.29467,27.8661],[-114.29331,27.85656],[-114.29541,27.85377],[-114.30413,27.8578],[-114.30171,27.85055],[-114.2964,27.8489],[-114.29749,27.83993],[-114.3036,27.84416],[-114.29956,27.83817],[-114.30291,27.83708],[-114.30655,27.84177],[-114.31118,27.84199],[-114.29959,27.82531],[-114.30762,27.81596],[-114.30654,27.81285],[-114.30974,27.81214],[-114.3058,27.80769],[-114.30961,27.80597],[-114.30925,27.803],[-114.31286,27.8032],[-114.30886,27.79515],[-114.31236,27.79383],[-114.31114,27.78491],[-114.31603,27.78578],[-114.32081,27.77763],[-114.31713,27.77485],[-114.31507,27.77928],[-114.31209,27.77567],[-114.31157,27.76744],[-114.29284,27.74174],[-114.28264,27.73344],[-114.26492,27.72564],[-114.23388,27.69622],[-114.22501,27.69257],[-114.21686,27.69498],[-114.19992,27.69117],[-114.19343,27.68525],[-114.17393,27.67984],[-114.16055,27.67211],[-114.14268,27.64321],[-114.13834,27.62692],[-114.12462,27.62175],[-114.11967,27.61239],[-114.12855,27.61489],[-114.12204,27.60987],[-114.12387,27.60631],[-114.11673,27.59228],[-114.09024,27.59005],[-114.08112,27.59667],[-114.07482,27.59474],[-114.07529,27.59886],[-114.09131,27.60949],[-114.09037,27.61255],[-114.06541,27.63401],[-114.04501,27.6409],[-114.02695,27.65761],[-114.01965,27.6608],[-113.95752,27.65752],[-113.95447,27.6685],[-113.94283,27.67699],[-113.9425,27.68341],[-113.91858,27.70756],[-113.92069,27.71969],[-113.93872,27.74142],[-113.93874,27.7458],[-113.9296,27.75228],[-113.94218,27.75718],[-113.94121,27.75048],[-113.94929,27.75066],[-113.94921,27.7432],[-113.95635,27.74104],[-113.97914,27.75812],[-113.99065,27.75979],[-113.99406,27.75151],[-114.03185,27.7432],[-114.03974,27.75622],[-114.0428,27.78174],[-114.04615,27.78104],[-114.0452,27.78925],[-114.05507,27.79293],[-114.05674,27.80081],[-114.06254,27.80568],[-114.06633,27.80435],[-114.07077,27.81152],[-114.07688,27.80997],[-114.08134,27.80544],[-114.07334,27.80193],[-114.07389,27.79731],[-114.06476,27.78735],[-114.05577,27.76711],[-114.05234,27.76575],[-114.04094,27.73851],[-114.04189,27.73544],[-114.05444,27.73057],[-114.05313,27.72553],[-114.06267,27.72547],[-114.07062,27.73078],[-114.07755,27.73093],[-114.08182,27.72254],[-114.09348,27.71854],[-114.0959,27.71435],[-114.10022,27.71483],[-114.09986,27.70672],[-114.10332,27.70705],[-114.11155,27.71249],[-114.13056,27.71482],[-114.14559,27.72554],[-114.14896,27.73461],[-114.14776,27.7477],[-114.15552,27.76045],[-114.15912,27.7775],[-114.17682,27.7974],[-114.17555,27.8128],[-114.16495,27.8257],[-114.1666,27.82882],[-114.17444,27.82229],[-114.17628,27.82361],[-114.16623,27.83215],[-114.17007,27.83454],[-114.16806,27.83964],[-114.14056,27.86787],[-114.13774,27.8763],[-114.13422,27.87237],[-114.12744,27.87737],[-114.13233,27.87824],[-114.12919,27.88229],[-114.12956,27.89001],[-114.1434,27.89737],[-114.13242,27.89688],[-114.15431,27.90068],[-114.13134,27.89956],[-114.13819,27.90844],[-114.12358,27.91945],[-114.12851,27.92984],[-114.12695,27.94498],[-114.13201,27.95614],[-114.12681,27.95577],[-114.11975,27.9492],[-114.11071,27.93512],[-114.11182,27.92062],[-114.10029,27.93516],[-114.09413,27.95431],[-114.07859,27.97249],[-114.08325,27.97671],[-114.09203,28.01096],[-114.10769,28.02131],[-114.11703,28.01855],[-114.11769,28.01548],[-114.12358,28.01766],[-114.1138,28.02568],[-114.1185,28.03401],[-114.11263,28.02617],[-114.10687,28.03042],[-114.10262,28.02673],[-114.10639,28.02643],[-114.10739,28.02169],[-114.09018,28.00976],[-114.08272,27.97653],[-114.07915,27.97302],[-114.07521,27.97422],[-114.06621,27.99125],[-114.04982,28.00787],[-114.0406,28.02207],[-114.03617,28.03586],[-114.03547,28.04021],[-114.04221,28.0428],[-114.04838,28.03959],[-114.06023,28.04589],[-114.06854,28.05468],[-114.09404,28.0547],[-114.10078,28.05755],[-114.10206,28.10694],[-114.11496,28.11775],[-114.11178,28.12822],[-114.08114,28.16742],[-114.06568,28.20231],[-114.05896,28.20397],[-114.06396,28.18556],[-114.06119,28.17034],[-114.06635,28.15656],[-114.07401,28.15223],[-114.07305,28.15542],[-114.07692,28.1573],[-114.07638,28.11307],[-114.06477,28.08686],[-114.05378,28.08572],[-114.04845,28.09011],[-114.04503,28.08798],[-114.04514,28.08387],[-114.03845,28.08475],[-114.04625,28.10137],[-114.0458,28.10728],[-114.05261,28.11822],[-114.05375,28.1347],[-114.05827,28.14431],[-114.05763,28.14674],[-114.05349,28.1442],[-114.04966,28.14644],[-114.05245,28.15575],[-114.042,28.15578],[-114.03823,28.16136],[-114.03896,28.1714],[-114.04349,28.17561],[-114.04791,28.17313],[-114.05512,28.17458],[-114.05202,28.18184],[-114.05442,28.18262],[-114.04945,28.19091],[-114.04314,28.1882],[-114.03953,28.18247],[-114.03608,28.18136],[-114.03611,28.18548],[-114.05083,28.19891],[-114.05228,28.22542],[-114.06373,28.24186],[-114.0596,28.24948],[-114.06385,28.25343],[-114.06494,28.26117],[-114.06839,28.2624],[-114.07932,28.25556],[-114.07722,28.25269],[-114.08632,28.25455],[-114.08621,28.24787],[-114.10242,28.23883],[-114.11406,28.24319],[-114.11715,28.25225],[-114.12385,28.25702],[-114.0884,28.32722],[-114.06054,28.39475],[-114.04968,28.42974],[-114.04522,28.4646],[-114.05007,28.47319],[-114.06747,28.48578],[-114.069,28.51473],[-114.07928,28.52189],[-114.08538,28.52228],[-114.09523,28.54537],[-114.11582,28.55892],[-114.1326,28.56301],[-114.14987,28.55964],[-114.159,28.56652],[-114.16096,28.56965],[-114.1553,28.59061],[-114.15442,28.61218],[-114.16512,28.64223],[-114.1805,28.65566],[-114.22394,28.6662],[-114.24055,28.66641],[-114.24804,28.6586],[-114.24598,28.65393],[-114.25959,28.66269],[-114.26752,28.6604],[-114.27068,28.6624],[-114.26956,28.6886],[-114.27107,28.69223],[-114.2783,28.69469],[-114.28356,28.70533],[-114.29613,28.70404],[-114.30113,28.70654],[-114.30819,28.72305],[-114.31465,28.72678],[-114.34532,28.73098],[-114.3472,28.73719],[-114.34347,28.74046],[-114.34251,28.75561],[-114.35062,28.76374],[-114.3478,28.7714],[-114.35756,28.7775],[-114.36088,28.79659],[-114.3729,28.81174],[-114.37942,28.81367],[-114.38573,28.80659],[-114.39756,28.81787],[-114.39751,28.83176],[-114.40343,28.83418],[-114.40592,28.86329],[-114.41692,28.87918],[-114.42703,28.88374],[-114.43606,28.87903],[-114.44642,28.90314],[-114.45212,28.90903],[-114.46201,28.91089],[-114.49013,28.93237],[-114.50907,28.93478],[-114.51236,28.93163],[-114.52315,28.93273],[-114.52815,28.93115],[-114.52895,28.92216],[-114.53206,28.92042],[-114.53812,28.92979],[-114.54476,28.93325],[-114.54541,28.9492],[-114.56031,28.96837],[-114.56777,28.97404],[-114.57681,28.97536],[-114.58361,28.97201],[-114.58609,28.96614],[-114.59655,28.97507],[-114.60187,28.99162],[-114.59933,28.99389],[-114.60176,28.9965],[-114.59909,28.99825],[-114.60195,29.00101],[-114.60042,29.01036],[-114.60591,29.01933],[-114.60406,29.02354],[-114.59002,29.02342],[-114.58997,29.02547],[-114.60284,29.02558],[-114.60991,29.06157],[-114.61822,29.06288],[-114.62316,29.08379],[-114.63169,29.09448],[-114.63572,29.09751],[-114.65445,29.09784],[-114.66708,29.10899],[-114.67783,29.11265],[-114.68348,29.10889],[-114.69781,29.10952],[-114.69972,29.10287],[-114.70354,29.1019],[-114.71007,29.11114],[-114.71387,29.11134],[-114.72448,29.13517],[-114.73671,29.13821],[-114.73411,29.14331],[-114.73532,29.16158],[-114.74511,29.18258],[-114.7597,29.18552],[-114.77116,29.19728],[-114.77739,29.19392],[-114.78697,29.19819],[-114.79725,29.21096],[-114.80607,29.20943],[-114.8107,29.21208],[-114.8244,29.23686],[-114.83325,29.24124],[-114.83567,29.23768],[-114.84519,29.24491],[-114.85159,29.26147],[-114.85711,29.26387],[-114.86318,29.27503],[-114.87311,29.28418],[-114.8781,29.28413],[-114.8875,29.29765],[-114.90026,29.30467],[-114.90393,29.3118],[-114.91092,29.31422],[-114.96433,29.37278],[-114.98323,29.38219],[-115.01223,29.3852],[-115.02729,29.39635],[-115.04452,29.40136],[-115.07302,29.41618],[-115.09474,29.41675],[-115.1064,29.42129],[-115.13026,29.41777],[-115.1384,29.42225],[-115.15312,29.42066],[-115.16708,29.42844],[-115.18083,29.43132],[-115.18766,29.4273],[-115.19114,29.42954],[-115.19883,29.45201],[-115.21369,29.47561],[-115.22952,29.48624],[-115.2382,29.50294],[-115.25049,29.51442],[-115.2663,29.51861],[-115.29857,29.54063],[-115.31588,29.54265],[-115.34126,29.55583],[-115.3706,29.56018],[-115.37901,29.55848],[-115.39347,29.57435],[-115.40621,29.57797],[-115.41293,29.59001],[-115.42821,29.60073],[-115.43455,29.60955],[-115.45903,29.6254],[-115.47873,29.62665],[-115.49242,29.61691],[-115.50479,29.61641],[-115.52438,29.63501],[-115.5406,29.64317],[-115.55829,29.66226],[-115.56387,29.66322],[-115.57436,29.6816],[-115.587,29.69356],[-115.60285,29.69797],[-115.62055,29.69559],[-115.66074,29.73059],[-115.67883,29.74389],[-115.69466,29.75086],[-115.69828,29.75591],[-115.69788,29.76362],[-115.68641,29.80723],[-115.68462,29.83087],[-115.70216,29.90022],[-115.72393,29.92872],[-115.74347,29.94781],[-115.79029,29.95905],[-115.80359,29.95815],[-115.81166,29.95012],[-115.81237,29.95244],[-115.80938,29.9555],[-115.80958,29.96347],[-115.79228,30.02684],[-115.78147,30.08897],[-115.78964,30.11014],[-115.78866,30.11758],[-115.80149,30.13262],[-115.80275,30.15115],[-115.79529,30.193],[-115.79559,30.24083],[-115.8037,30.28102],[-115.81147,30.29961],[-115.82681,30.31801],[-115.835,30.33994],[-115.85168,30.3586],[-115.91188,30.39846],[-115.93289,30.40391],[-115.94713,30.40377],[-115.97391,30.39639],[-115.98794,30.38776],[-115.98594,30.39494],[-115.97497,30.40849],[-115.94826,30.40917],[-115.94081,30.4122],[-115.94384,30.41981],[-115.94198,30.44088],[-115.93261,30.45675],[-115.94978,30.46101],[-115.9669,30.48377],[-115.97833,30.48412],[-115.98253,30.49418],[-115.97717,30.49543],[-115.97834,30.49749],[-115.99185,30.49798],[-115.99448,30.50173],[-115.99044,30.50479],[-115.99713,30.50394],[-115.99988,30.49689],[-115.98806,30.49101],[-115.97959,30.47757],[-115.975,30.47638],[-115.97489,30.47278],[-115.97875,30.47204],[-115.97508,30.46841],[-115.96928,30.46913],[-115.96327,30.46266],[-115.96323,30.45237],[-115.9582,30.45079],[-115.95722,30.44564],[-115.96125,30.44284],[-115.95951,30.43922],[-115.96788,30.43338],[-115.96763,30.42926],[-115.98041,30.42756],[-115.99333,30.44026],[-115.9956,30.45108],[-116.00388,30.45384],[-116.01875,30.45126],[-116.02167,30.45526],[-116.02634,30.45354],[-116.01513,30.44171],[-116.01495,30.43065],[-115.99501,30.40684],[-115.99627,30.38525],[-115.98936,30.3798],[-115.98912,30.37362],[-115.98047,30.3643],[-115.98439,30.3579],[-116.00098,30.35957],[-116.0067,30.36553],[-116.00665,30.39973],[-116.01544,30.42551],[-116.01894,30.43171],[-116.03048,30.43514],[-116.03575,30.45755],[-116.04736,30.46973],[-116.04847,30.49262],[-116.04152,30.50492],[-116.02927,30.60255],[-116.02832,30.66734],[-116.03307,30.69849],[-116.04686,30.71814],[-116.05048,30.77397],[-116.06005,30.80001],[-116.07849,30.81892],[-116.08622,30.82141],[-116.09637,30.81866],[-116.10735,30.82336],[-116.14134,30.85432],[-116.15618,30.86226],[-116.17526,30.86161],[-116.19152,30.87805],[-116.20132,30.88222],[-116.21435,30.91162],[-116.23313,30.93153],[-116.23878,30.93426],[-116.24565,30.93263],[-116.27074,30.96723],[-116.28565,30.96925],[-116.29794,30.96134],[-116.31768,30.95579],[-116.32722,30.95674],[-116.3361,30.96784],[-116.33852,30.98457],[-116.33028,31.0105],[-116.31387,31.09168],[-116.3093,31.1454],[-116.31145,31.15775],[-116.33545,31.19002],[-116.34071,31.20779],[-116.35264,31.21325],[-116.35507,31.22998],[-116.36482,31.24828],[-116.38342,31.26432],[-116.39214,31.28236],[-116.40006,31.28419],[-116.4072,31.2913],[-116.41498,31.29249],[-116.41732,31.30202],[-116.43313,31.31186],[-116.43905,31.3232],[-116.44565,31.32271],[-116.4486,31.33018],[-116.45654,31.32945],[-116.45787,31.33228],[-116.45428,31.33227],[-116.45351,31.33535],[-116.45689,31.34706],[-116.46617,31.34903],[-116.46999,31.36087],[-116.47838,31.36271],[-116.48777,31.37097],[-116.48683,31.37869],[-116.50153,31.4042],[-116.5009,31.41037],[-116.51167,31.41414],[-116.52475,31.43643],[-116.5481,31.44654],[-116.55167,31.45247],[-116.57021,31.46411],[-116.5831,31.46582],[-116.59572,31.46097],[-116.60351,31.46344],[-116.60391,31.47759],[-116.60937,31.49715],[-116.62045,31.50335],[-116.62253,31.50978],[-116.6384,31.51767],[-116.64562,31.51474],[-116.65968,31.52737],[-116.66085,31.53535],[-116.66609,31.53922],[-116.66487,31.54642],[-116.6683,31.55157],[-116.6758,31.55403],[-116.68542,31.55058],[-116.69141,31.55394],[-116.68824,31.55959],[-116.69046,31.57104],[-116.68175,31.57076],[-116.67587,31.5773],[-116.6673,31.57934],[-116.65364,31.5793],[-116.65091,31.58546],[-116.65493,31.5937],[-116.66512,31.6017],[-116.66762,31.61739],[-116.65765,31.63228],[-116.65127,31.65078],[-116.65106,31.66646],[-116.67682,31.69353],[-116.67695,31.69944],[-116.68972,31.70346],[-116.69045,31.70899],[-116.69689,31.71621],[-116.70442,31.71571],[-116.70533,31.71288],[-116.71555,31.71471],[-116.71582,31.72512],[-116.72455,31.72295],[-116.72498,31.73093],[-116.74044,31.74189],[-116.74193,31.74883],[-116.72658,31.74816],[-116.69775,31.73202],[-116.68211,31.72838],[-116.67192,31.71833],[-116.6653,31.71805],[-116.64948,31.72663],[-116.64313,31.73407],[-116.62719,31.77027],[-116.61905,31.77411],[-116.62586,31.7641],[-116.62393,31.75818],[-116.62696,31.75279],[-116.63178,31.75152],[-116.63849,31.72968],[-116.64121,31.72583],[-116.65748,31.71958],[-116.65057,31.71583],[-116.64834,31.70939],[-116.64068,31.70616],[-116.6365,31.69856],[-116.6275,31.69429],[-116.62583,31.69776],[-116.63615,31.71193],[-116.63731,31.72196],[-116.63099,31.72349],[-116.61996,31.73657],[-116.62099,31.74017],[-116.61586,31.74479],[-116.61579,31.76073],[-116.61279,31.76059],[-116.60973,31.77202],[-116.61272,31.77615],[-116.61964,31.77771],[-116.61032,31.81059],[-116.6126,31.84171],[-116.62054,31.85125],[-116.61932,31.85407],[-116.62984,31.86053],[-116.63257,31.85591],[-116.63004,31.84845],[-116.63949,31.85979],[-116.66166,31.86336],[-116.66901,31.86116],[-116.66989,31.86527],[-116.67802,31.86941],[-116.69873,31.89388],[-116.70852,31.89416],[-116.7195,31.90165],[-116.74662,31.90196],[-116.75519,31.91123],[-116.7572,31.94929],[-116.7677,31.96962],[-116.7805,31.97749],[-116.78805,31.97699],[-116.7992,31.98189],[-116.82454,31.97794],[-116.8345,31.97924],[-116.83931,31.98465],[-116.85107,31.98723],[-116.88045,32.01812],[-116.88677,32.03304],[-116.88464,32.04306],[-116.88675,32.04898],[-116.87859,32.05566],[-116.88191,32.05695],[-116.88188,32.07803],[-116.8864,32.08652],[-116.88368,32.08995],[-116.88816,32.13229],[-116.89961,32.16006],[-116.90716,32.16701],[-116.90745,32.17653],[-116.91273,32.18604],[-116.91528,32.20687],[-116.92132,32.22359],[-116.93098,32.23748],[-116.94263,32.24571],[-116.97499,32.25755],[-117.00556,32.26424],[-117.00888,32.26758],[-117.02432,32.26835],[-117.03219,32.28094],[-117.03855,32.28351],[-117.05507,32.33133],[-117.09057,32.39738],[-117.10183,32.43903],[-117.1123,32.45007],[-117.1199,32.46832],[-117.12342,32.48503],[-117.12409,32.53434],[-115.8793,32.63608],[-114.71957,32.71873],[-114.74452,32.67848],[-114.74822,32.66369],[-114.76457,32.64984],[-114.76381,32.64341],[-114.7806,32.63215],[-114.78275,32.62435],[-114.79072,32.62212],[-114.79977,32.6253],[-114.80671,32.62209],[-114.80946,32.616],[-114.80785,32.60323],[-114.80178,32.59937],[-114.79943,32.59263],[-114.80394,32.58178],[-114.80158,32.57642],[-114.81268,32.56913],[-114.81411,32.56289],[-114.80651,32.55925],[-114.79185,32.56879],[-114.79143,32.55647],[-114.80569,32.54568],[-114.80196,32.53652],[-114.81301,32.52525],[-114.81038,32.51862],[-114.802,32.51405],[-114.80335,32.51087],[-114.816,32.50698],[-114.81238,32.50001],[-114.8136,32.49404],[-114.12969,32.28669],[-113.15533,31.98251],[-112.26813,31.71073],[-111.07498,31.33234],[-108.20851,31.33338],[-108.20849,31.7837],[-106.52796,31.7839],[-106.52133,31.77413],[-106.51253,31.76937],[-106.51103,31.76311],[-106.48985,31.74854],[-106.47355,31.75033],[-106.46636,31.75994],[-106.45012,31.76402],[-106.43258,31.75429],[-106.41728,31.75163],[-106.38215,31.73277],[-106.3739,31.71455],[-106.34933,31.69636],[-106.33435,31.66324],[-106.30335,31.62214],[-106.30231,31.60971],[-106.2893,31.58824],[-106.28033,31.56162],[-106.24697,31.54229],[-106.23737,31.51404],[-106.22378,31.49867],[-106.21947,31.48111],[-106.20493,31.46497],[-106.1735,31.45434],[-106.15633,31.43705],[-106.13177,31.42474],[-106.10793,31.42247],[-106.08084,31.39876],[-106.00538,31.39265],[-105.97068,31.36631],[-105.95344,31.36439],[-105.94594,31.3533],[-105.94794,31.33986],[-105.93822,31.31831],[-105.93081,31.31267],[-105.90849,31.31274],[-105.89481,31.29111],[-105.86952,31.28914],[-105.83521,31.24647],[-105.79425,31.20229],[-105.78349,31.19832],[-105.77241,31.16634],[-105.74124,31.16419],[-105.71997,31.14948],[-105.71646,31.14075],[-105.70819,31.13587],[-105.64876,31.11587],[-105.64044,31.09769],[-105.62672,31.09824],[-105.606,31.085],[-105.59646,31.06627],[-105.58514,31.05735],[-105.57956,31.03609],[-105.58119,31.02657],[-105.5775,31.0197],[-105.57115,31.0187],[-105.56998,31.00799],[-105.55744,30.98993],[-105.54348,30.98474],[-105.53377,30.98503],[-105.51419,30.9662],[-105.50198,30.96783],[-105.49386,30.9563],[-105.499,30.95081],[-105.48197,30.94093],[-105.47625,30.93414],[-105.4708,30.93366],[-105.46748,30.92599],[-105.45253,30.92504],[-105.45322,30.91619],[-105.44672,30.91953],[-105.44227,30.90923],[-105.42925,30.90509],[-105.42602,30.90047],[-105.4135,30.8993],[-105.41076,30.89144],[-105.40803,30.88938],[-105.40391,30.89211],[-105.39943,30.88837],[-105.39888,30.88479],[-105.40427,30.88003],[-105.39134,30.8739],[-105.39435,30.87192],[-105.39471,30.85839],[-105.39907,30.85746],[-105.3999,30.85231],[-105.39568,30.84943],[-105.38713,30.85367],[-105.37203,30.84764],[-105.36186,30.85062],[-105.35124,30.83569],[-105.34584,30.84054],[-105.33932,30.84038],[-105.33734,30.83421],[-105.32769,30.83031],[-105.33021,30.82623],[-105.31793,30.82728],[-105.31608,30.81072],[-105.31171,30.81356],[-105.30515,30.81156],[-105.29991,30.82496],[-105.29047,30.82574],[-105.28781,30.81775],[-105.2793,30.81544],[-105.27593,30.80706],[-105.26661,30.80817],[-105.26407,30.80017],[-105.25746,30.79424],[-105.23815,30.80367],[-105.23032,30.80391],[-105.22657,30.79931],[-105.215,30.80589],[-105.20966,30.79749],[-105.21314,30.79318],[-105.21718,30.79344],[-105.21905,30.78558],[-105.20887,30.78272],[-105.196,30.79202],[-105.186,30.7846],[-105.18516,30.77796],[-105.17681,30.76806],[-105.17387,30.7677],[-105.16883,30.77587],[-105.15619,30.7697],[-105.1612,30.75206],[-105.1563,30.75389],[-105.15245,30.7515],[-105.14462,30.75488],[-105.12833,30.74831],[-105.12013,30.75018],[-105.12006,30.74333],[-105.11389,30.74607],[-105.11088,30.74347],[-105.11162,30.73277],[-105.10322,30.72906],[-105.10537,30.72352],[-105.09976,30.72204],[-105.09831,30.71656],[-105.08694,30.71466],[-105.08741,30.70986],[-105.08297,30.70989],[-105.07919,30.70476],[-105.08101,30.70002],[-105.06981,30.70201],[-105.06291,30.69864],[-105.06338,30.68942],[-105.06112,30.68578],[-105.05672,30.68789],[-105.05545,30.68248],[-105.04613,30.67991],[-105.04121,30.68892],[-105.02661,30.67932],[-105.01791,30.685],[-105.01601,30.68292],[-105.00773,30.68615],[-105.00235,30.68139],[-105.0014,30.67269],[-104.98632,30.66291],[-104.98389,30.63493],[-104.97972,30.62928],[-104.98012,30.62203],[-104.97183,30.61024],[-104.96683,30.60794],[-104.95978,30.61066],[-104.94284,30.60394],[-104.93617,30.60633],[-104.93417,30.5998],[-104.9295,30.59934],[-104.92643,30.60524],[-104.9225,30.6035],[-104.91867,30.59515],[-104.92126,30.59002],[-104.91874,30.58541],[-104.90955,30.58516],[-104.89891,30.5707],[-104.89587,30.56236],[-104.89805,30.55464],[-104.8874,30.5447],[-104.89069,30.54086],[-104.88882,30.53486],[-104.88037,30.53003],[-104.88563,30.51814],[-104.87913,30.51588],[-104.8766,30.51117],[-104.87315,30.51327],[-104.87323,30.49469],[-104.86622,30.49269],[-104.86703,30.48521],[-104.87167,30.48013],[-104.86628,30.46893],[-104.86947,30.4599],[-104.86436,30.45003],[-104.86719,30.44391],[-104.85833,30.43769],[-104.86158,30.42664],[-104.84899,30.41791],[-104.84767,30.41389],[-104.85655,30.40996],[-104.85556,30.39635],[-104.85946,30.3906],[-104.837,30.37363],[-104.81608,30.37418],[-104.81968,30.36895],[-104.81125,30.36645],[-104.81088,30.36299],[-104.81402,30.3538],[-104.82254,30.3504],[-104.81047,30.34195],[-104.81179,30.33314],[-104.79723,30.33033],[-104.78897,30.32198],[-104.78927,30.31879],[-104.77673,30.31018],[-104.77349,30.30282],[-104.76782,30.30506],[-104.7636,30.30281],[-104.75822,30.28667],[-104.76049,30.27708],[-104.75831,30.27138],[-104.75336,30.27349],[-104.74862,30.27152],[-104.75188,30.26385],[-104.74927,30.26098],[-104.73388,30.26164],[-104.71306,30.2375],[-104.70599,30.23401],[-104.71036,30.22138],[-104.70239,30.2127],[-104.70504,30.20848],[-104.70023,30.20494],[-104.6972,30.19233],[-104.68716,30.1795],[-104.68961,30.15424],[-104.68697,30.1527],[-104.68981,30.15001],[-104.68663,30.1431],[-104.68906,30.13794],[-104.69442,30.13568],[-104.69563,30.12549],[-104.69128,30.11113],[-104.6857,30.11057],[-104.68711,30.10588],[-104.69431,30.1022],[-104.69229,30.09647],[-104.68662,30.09804],[-104.68564,30.09313],[-104.68994,30.0896],[-104.68515,30.08544],[-104.69084,30.07795],[-104.68828,30.07363],[-104.69268,30.07418],[-104.69531,30.06685],[-104.70375,30.06413],[-104.70226,30.06049],[-104.7074,30.05],[-104.69571,30.03782],[-104.70088,30.03578],[-104.70392,30.02376],[-104.68975,30.01525],[-104.6941,30.003],[-104.68914,30.002],[-104.6874,29.99646],[-104.69033,29.99076],[-104.68556,29.99026],[-104.69192,29.97403],[-104.68288,29.97694],[-104.67954,29.97521],[-104.6857,29.96995],[-104.68333,29.96668],[-104.68522,29.9572],[-104.67325,29.95464],[-104.67841,29.95126],[-104.68087,29.9456],[-104.67794,29.94082],[-104.68312,29.93486],[-104.67942,29.93313],[-104.67976,29.92044],[-104.67484,29.9109],[-104.66556,29.90855],[-104.66625,29.90245],[-104.65585,29.90609],[-104.65487,29.9034],[-104.65908,29.90159],[-104.65865,29.89182],[-104.64684,29.88405],[-104.64634,29.87887],[-104.64152,29.87412],[-104.63334,29.8706],[-104.62931,29.8522],[-104.62163,29.84968],[-104.62473,29.84264],[-104.61634,29.84624],[-104.60945,29.83971],[-104.6105,29.83619],[-104.62007,29.83316],[-104.61981,29.83041],[-104.60845,29.82784],[-104.60957,29.81876],[-104.60096,29.81592],[-104.59499,29.80532],[-104.59194,29.81025],[-104.58609,29.80268],[-104.59082,29.79931],[-104.5893,29.79574],[-104.58143,29.79499],[-104.5789,29.78268],[-104.5744,29.78154],[-104.56584,29.77132],[-104.56808,29.76708],[-104.56529,29.76144],[-104.57019,29.75423],[-104.55528,29.74179],[-104.55197,29.74219],[-104.55232,29.7384],[-104.55892,29.73809],[-104.56056,29.73533],[-104.54931,29.73051],[-104.5523,29.71729],[-104.54565,29.7171],[-104.54347,29.70423],[-104.54602,29.69977],[-104.53016,29.6899],[-104.54389,29.68213],[-104.5359,29.67447],[-104.53556,29.66653],[-104.53082,29.67086],[-104.52632,29.66803],[-104.52528,29.66188],[-104.51709,29.65313],[-104.51721,29.64708],[-104.51226,29.64648],[-104.51442,29.64],[-104.50832,29.63253],[-104.49806,29.63968],[-104.49493,29.63375],[-104.48796,29.634],[-104.48614,29.62857],[-104.47608,29.62803],[-104.4738,29.61837],[-104.46536,29.618],[-104.4668,29.60939],[-104.4573,29.60919],[-104.39855,29.57164],[-104.39297,29.55298],[-104.38031,29.54206],[-104.37004,29.54291],[-104.33753,29.51969],[-104.33061,29.52279],[-104.32135,29.52184],[-104.32109,29.52922],[-104.31313,29.53176],[-104.3111,29.52311],[-104.29718,29.52413],[-104.29171,29.51938],[-104.26225,29.51361],[-104.26048,29.50656],[-104.2544,29.5068],[-104.23498,29.49574],[-104.23099,29.47896],[-104.21448,29.48481],[-104.20884,29.48096],[-104.21271,29.46241],[-104.21839,29.45838],[-104.21091,29.44922],[-104.19405,29.44165],[-104.19289,29.4352],[-104.18077,29.42654],[-104.18377,29.41643],[-104.18011,29.41055],[-104.1698,29.4084],[-104.17101,29.40297],[-104.16543,29.40201],[-104.16808,29.39622],[-104.16542,29.39298],[-104.15857,29.38994],[-104.1541,29.39391],[-104.14189,29.37823],[-104.13801,29.37856],[-104.13746,29.38418],[-104.13491,29.38429],[-104.13009,29.37792],[-104.12316,29.3799],[-104.12178,29.37193],[-104.10853,29.37388],[-104.09799,29.36663],[-104.09816,29.36196],[-104.0906,29.35972],[-104.09113,29.35355],[-104.08081,29.34548],[-104.07234,29.34615],[-104.05628,29.33769],[-104.05529,29.33051],[-104.0384,29.32026],[-103.97598,29.29638],[-103.96791,29.29991],[-103.93781,29.29279],[-103.92592,29.29444],[-103.91968,29.29116],[-103.91736,29.28434],[-103.90152,29.28773],[-103.88933,29.27877],[-103.8842,29.28474],[-103.8797,29.28512],[-103.86305,29.27925],[-103.85286,29.28111],[-103.83764,29.27821],[-103.83543,29.27258],[-103.82638,29.26921],[-103.81374,29.27406],[-103.80751,29.26999],[-103.8092,29.26594],[-103.80573,29.26055],[-103.79989,29.25849],[-103.78394,29.26548],[-103.77522,29.24838],[-103.77668,29.2433],[-103.78167,29.24149],[-103.78209,29.2271],[-103.77715,29.22063],[-103.76952,29.22072],[-103.76838,29.22765],[-103.75872,29.23315],[-103.75415,29.22684],[-103.75732,29.22079],[-103.74265,29.22205],[-103.74266,29.20909],[-103.72516,29.19207],[-103.71835,29.18084],[-103.71225,29.1854],[-103.70583,29.18498],[-103.69588,29.17704],[-103.68958,29.17858],[-103.65962,29.17064],[-103.65076,29.16043],[-103.65191,29.1577],[-103.64802,29.15694],[-103.64027,29.16137],[-103.6343,29.15843],[-103.62695,29.16325],[-103.60961,29.16562],[-103.5929,29.15035],[-103.5766,29.15003],[-103.57235,29.15474],[-103.56343,29.15423],[-103.55376,29.15812],[-103.55069,29.15601],[-103.5531,29.14828],[-103.55113,29.14412],[-103.54145,29.14627],[-103.5246,29.13727],[-103.52404,29.12145],[-103.51103,29.12086],[-103.50508,29.1151],[-103.49995,29.11538],[-103.50016,29.10837],[-103.49294,29.10741],[-103.48367,29.09356],[-103.47574,29.09113],[-103.47003,29.08521],[-103.47231,29.06751],[-103.4662,29.06619],[-103.45896,29.06801],[-103.46186,29.07254],[-103.45083,29.07263],[-103.44991,29.06538],[-103.44059,29.05773],[-103.43449,29.05759],[-103.43492,29.05385],[-103.42949,29.0503],[-103.43299,29.04419],[-103.41734,29.04184],[-103.41552,29.0379],[-103.40458,29.03909],[-103.39945,29.03122],[-103.39182,29.03502],[-103.38765,29.03328],[-103.38828,29.02442],[-103.36048,29.01824],[-103.35246,29.02375],[-103.34406,29.04473],[-103.33031,29.04296],[-103.32709,29.03847],[-103.32767,29.032],[-103.3366,29.02725],[-103.34202,29.02837],[-103.34049,29.02302],[-103.33566,29.01777],[-103.32617,29.0163],[-103.31426,29.02611],[-103.3099,29.02575],[-103.30676,29.02291],[-103.31096,29.01412],[-103.31567,29.01216],[-103.31446,29.00766],[-103.30734,29.00378],[-103.29869,29.00781],[-103.286,29.00027],[-103.28169,28.98563],[-103.28834,28.98104],[-103.28605,28.97672],[-103.28035,28.97683],[-103.27394,28.98223],[-103.26644,28.99603],[-103.25403,28.98782],[-103.24892,28.98064],[-103.23811,28.98166],[-103.22769,28.99175],[-103.22096,28.98375],[-103.21445,28.98781],[-103.18149,28.98307],[-103.17429,28.97842],[-103.17271,28.98057],[-103.16613,28.97833],[-103.16407,28.97217],[-103.15265,28.97201],[-103.13588,28.98305],[-103.11568,28.98461],[-103.11737,29.00027],[-103.09825,29.0256],[-103.10661,29.0382],[-103.101,29.04956],[-103.1006,29.06027],[-103.09231,29.06447],[-103.09194,29.05636],[-103.08597,29.05378],[-103.08745,29.06662],[-103.07718,29.07532],[-103.08018,29.08706],[-103.07781,29.09077],[-103.06327,29.09214],[-103.05445,29.10075],[-103.04501,29.09536],[-103.03421,29.10075],[-103.03317,29.1075],[-103.03778,29.11324],[-103.02745,29.11599],[-103.02049,29.12611],[-103.01591,29.12726],[-103.01581,29.13498],[-103.00911,29.1374],[-103.00802,29.14808],[-103.0023,29.1502],[-102.99599,29.16095],[-102.99651,29.17848],[-102.98996,29.18355],[-102.97738,29.1865],[-102.95555,29.17835],[-102.95056,29.1734],[-102.9509,29.17789],[-102.94425,29.1858],[-102.94474,29.19093],[-102.9398,29.18838],[-102.93296,29.19446],[-102.9186,29.19038],[-102.91921,29.19936],[-102.91435,29.20032],[-102.91297,29.20762],[-102.91635,29.2137],[-102.91221,29.21945],[-102.90929,29.22],[-102.89638,29.20848],[-102.88614,29.2099],[-102.86801,29.22302],[-102.86646,29.22716],[-102.87148,29.23223],[-102.8711,29.24048],[-102.88028,29.24612],[-102.88753,29.24578],[-102.89638,29.25387],[-102.90302,29.25431],[-102.90627,29.25914],[-102.89948,29.26882],[-102.90308,29.27949],[-102.88792,29.29287],[-102.89308,29.3082],[-102.88742,29.31164],[-102.87989,29.33918],[-102.8841,29.34804],[-102.8771,29.35475],[-102.86038,29.35141],[-102.83957,29.35889],[-102.84529,29.36492],[-102.84494,29.3746],[-102.83386,29.37926],[-102.83313,29.3878],[-102.82593,29.39663],[-102.81365,29.39858],[-102.81229,29.40151],[-102.81916,29.40385],[-102.82573,29.4023],[-102.82671,29.40759],[-102.83341,29.41093],[-102.82696,29.41749],[-102.83244,29.43339],[-102.83091,29.4446],[-102.81967,29.45085],[-102.82391,29.45235],[-102.82568,29.45785],[-102.81416,29.47233],[-102.8146,29.48156],[-102.80086,29.48636],[-102.80736,29.49417],[-102.80461,29.50161],[-102.80747,29.50419],[-102.80908,29.52116],[-102.79213,29.53309],[-102.79299,29.54103],[-102.79027,29.54376],[-102.78349,29.5419],[-102.77186,29.54785],[-102.77752,29.55518],[-102.77767,29.5614],[-102.77363,29.56647],[-102.7742,29.57293],[-102.76449,29.57381],[-102.76236,29.58044],[-102.76836,29.59527],[-102.75767,29.59805],[-102.74672,29.59276],[-102.74051,29.59779],[-102.7389,29.62469],[-102.74193,29.63335],[-102.73523,29.64208],[-102.73027,29.6407],[-102.7257,29.64349],[-102.72359,29.65109],[-102.71293,29.65829],[-102.70846,29.6671],[-102.6937,29.67651],[-102.69967,29.68599],[-102.69801,29.69839],[-102.68986,29.70408],[-102.69095,29.7223],[-102.68163,29.72827],[-102.6751,29.744],[-102.66776,29.74546],[-102.6676,29.73996],[-102.65953,29.73548],[-102.63048,29.73413],[-102.62301,29.73622],[-102.61229,29.74827],[-102.59763,29.75157],[-102.58991,29.74912],[-102.5799,29.75488],[-102.57437,29.75459],[-102.57195,29.75666],[-102.57366,29.768],[-102.56702,29.77146],[-102.5544,29.75418],[-102.5549,29.74914],[-102.54828,29.74466],[-102.51352,29.76543],[-102.51044,29.77324],[-102.51814,29.77828],[-102.51756,29.78362],[-102.49869,29.78094],[-102.48744,29.78661],[-102.48145,29.78222],[-102.48061,29.77597],[-102.4732,29.776],[-102.4652,29.78343],[-102.45778,29.7746],[-102.44982,29.77744],[-102.43955,29.77327],[-102.43535,29.77675],[-102.42326,29.76999],[-102.41202,29.76812],[-102.40893,29.76447],[-102.39914,29.76952],[-102.39418,29.76892],[-102.38686,29.7616],[-102.38492,29.77083],[-102.3901,29.78193],[-102.37722,29.78988],[-102.37726,29.80067],[-102.36309,29.83105],[-102.3647,29.84515],[-102.35079,29.85491],[-102.3496,29.86281],[-102.34097,29.86945],[-102.3331,29.86788],[-102.33176,29.86279],[-102.3248,29.86313],[-102.32449,29.87346],[-102.32086,29.87896],[-102.31603,29.88005],[-102.31241,29.87723],[-102.30132,29.87784],[-102.28719,29.87142],[-102.2813,29.86297],[-102.26382,29.86698],[-102.26243,29.85358],[-102.25258,29.85357],[-102.24906,29.86417],[-102.24554,29.86355],[-102.24388,29.84821],[-102.23037,29.84754],[-102.22389,29.84067],[-102.21037,29.84446],[-102.19652,29.83632],[-102.19251,29.84518],[-102.18718,29.8487],[-102.17876,29.84036],[-102.18029,29.82655],[-102.16703,29.82577],[-102.16002,29.81453],[-102.14919,29.81047],[-102.14436,29.80384],[-102.12937,29.79846],[-102.12094,29.80246],[-102.11594,29.79238],[-102.10192,29.79369],[-102.09576,29.79138],[-102.08388,29.79507],[-102.07315,29.78651],[-102.04942,29.78539],[-102.04678,29.78984],[-102.03852,29.79198],[-102.04124,29.79901],[-102.03577,29.80421],[-102.0241,29.80301],[-102.01513,29.79747],[-101.99709,29.80623],[-101.98756,29.79673],[-101.98172,29.80614],[-101.9817,29.81479],[-101.97646,29.81598],[-101.96521,29.81099],[-101.96078,29.7975],[-101.95536,29.79537],[-101.94577,29.80192],[-101.93558,29.79963],[-101.9323,29.79237],[-101.93375,29.78552],[-101.92937,29.78268],[-101.92129,29.78686],[-101.9118,29.79807],[-101.87556,29.79401],[-101.85557,29.80745],[-101.84976,29.80723],[-101.83733,29.79321],[-101.82499,29.78752],[-101.81871,29.7915],[-101.82482,29.80832],[-101.8183,29.81172],[-101.80355,29.80333],[-101.81397,29.79079],[-101.80948,29.78256],[-101.80242,29.77976],[-101.78857,29.7795],[-101.78357,29.78938],[-101.77582,29.78943],[-101.75426,29.77746],[-101.74418,29.77923],[-101.7336,29.77135],[-101.72064,29.7761],[-101.70937,29.7618],[-101.68932,29.77104],[-101.68171,29.76126],[-101.67564,29.76092],[-101.67091,29.7689],[-101.66174,29.77113],[-101.64659,29.7545],[-101.63543,29.75846],[-101.62964,29.76942],[-101.62559,29.77094],[-101.61695,29.76967],[-101.60457,29.77434],[-101.57509,29.76938],[-101.57227,29.77492],[-101.57459,29.78774],[-101.56824,29.79828],[-101.55082,29.80545],[-101.5446,29.81213],[-101.53523,29.79876],[-101.53895,29.78628],[-101.53973,29.76257],[-101.53643,29.75815],[-101.51651,29.76524],[-101.50373,29.76382],[-101.48528,29.77476],[-101.47988,29.78435],[-101.46263,29.78981],[-101.4537,29.78665],[-101.45604,29.77155],[-101.45102,29.75211],[-101.44786,29.74997],[-101.43758,29.75062],[-101.40465,29.77219],[-101.39899,29.76952],[-101.39778,29.76319],[-101.40488,29.75618],[-101.41504,29.75325],[-101.41592,29.74581],[-101.39724,29.73627],[-101.39879,29.71693],[-101.39606,29.71281],[-101.37363,29.69991],[-101.37311,29.67907],[-101.36591,29.66806],[-101.36172,29.65071],[-101.35659,29.64981],[-101.34664,29.66219],[-101.31594,29.65935],[-101.30312,29.65147],[-101.30068,29.63891],[-101.31335,29.60416],[-101.31057,29.58837],[-101.30397,29.57706],[-101.29452,29.57272],[-101.28109,29.58482],[-101.27733,29.60012],[-101.28,29.61776],[-101.26679,29.63053],[-101.25544,29.62776],[-101.2475,29.61819],[-101.2524,29.60452],[-101.24161,29.56498],[-101.24887,29.55906],[-101.26103,29.53758],[-101.26117,29.53032],[-101.25502,29.52019],[-101.23646,29.52395],[-101.18114,29.51696],[-101.17436,29.51458],[-101.17174,29.50401],[-101.15209,29.47853],[-101.14167,29.47312],[-101.12987,29.47888],[-101.11545,29.46845],[-101.08832,29.46971],[-101.06036,29.45855],[-101.05743,29.44126],[-101.04303,29.42909],[-101.03714,29.40654],[-101.01704,29.38767],[-101.01418,29.37391],[-101.01002,29.36849],[-100.97316,29.35489],[-100.96462,29.34751],[-100.94708,29.34612],[-100.94043,29.3333],[-100.91974,29.32602],[-100.9172,29.31949],[-100.90882,29.31744],[-100.90562,29.31278],[-100.88613,29.30727],[-100.87838,29.28113],[-100.87473,29.27912],[-100.85573,29.27587],[-100.83404,29.26126],[-100.81419,29.26396],[-100.81631,29.25359],[-100.79777,29.2473],[-100.79437,29.24171],[-100.79691,29.23317],[-100.79435,29.22675],[-100.78489,29.22753],[-100.77366,29.21108],[-100.77679,29.2035],[-100.77518,29.19914],[-100.76851,29.19847],[-100.76557,29.18741],[-100.77532,29.17455],[-100.77262,29.16836],[-100.76355,29.16488],[-100.76019,29.15743],[-100.73802,29.14929],[-100.73804,29.13942],[-100.7252,29.1277],[-100.68543,29.11157],[-100.67503,29.10112],[-100.66356,29.07462],[-100.66193,29.03812],[-100.64612,28.98984],[-100.64867,28.97603],[-100.64674,28.9661],[-100.65028,28.96089],[-100.64755,28.96024],[-100.64717,28.95528],[-100.65148,28.94326],[-100.64533,28.93982],[-100.63918,28.92813],[-100.62982,28.92319],[-100.63067,28.9171],[-100.64072,28.9155],[-100.63975,28.91294],[-100.63294,28.90402],[-100.62698,28.9032],[-100.62264,28.91038],[-100.61746,28.90835],[-100.61431,28.90146],[-100.60058,28.90123],[-100.60409,28.88908],[-100.60211,28.88592],[-100.59088,28.8893],[-100.58924,28.88485],[-100.59798,28.88056],[-100.59788,28.87322],[-100.59033,28.87284],[-100.59127,28.86461],[-100.58818,28.86028],[-100.5726,28.84812],[-100.57712,28.83565],[-100.57495,28.82903],[-100.5707,28.82582],[-100.56202,28.82919],[-100.54633,28.82516],[-100.54611,28.81335],[-100.53558,28.80569],[-100.53335,28.80045],[-100.53246,28.79308],[-100.53785,28.77984],[-100.52969,28.7698],[-100.53351,28.75903],[-100.52897,28.75574],[-100.52163,28.75788],[-100.51489,28.75221],[-100.51544,28.74374],[-100.50745,28.74049],[-100.50698,28.71603],[-100.51197,28.70561],[-100.50041,28.66196],[-100.47961,28.65551],[-100.47558,28.64832],[-100.46251,28.64133],[-100.44732,28.64245],[-100.44751,28.60997],[-100.43412,28.60683],[-100.43216,28.59817],[-100.42866,28.59594],[-100.39866,28.5854],[-100.39761,28.5743],[-100.41098,28.5495],[-100.40508,28.53598],[-100.39435,28.52782],[-100.38859,28.51539],[-100.33373,28.49878],[-100.34419,28.48636],[-100.36594,28.48103],[-100.36835,28.47632],[-100.33749,28.44242],[-100.33603,28.43055],[-100.34233,28.41328],[-100.34967,28.4031],[-100.34176,28.38489],[-100.32097,28.3628],[-100.31439,28.34621],[-100.28657,28.31306],[-100.29421,28.28389],[-100.29314,28.27786],[-100.28046,28.26804],[-100.25423,28.23766],[-100.24507,28.23427],[-100.22699,28.2359],[-100.21974,28.23143],[-100.21259,28.19678],[-100.20768,28.19052],[-100.19531,28.1897],[-100.18321,28.18449],[-100.16686,28.17068],[-100.15893,28.16774],[-100.14036,28.16786],[-100.12047,28.15608],[-100.08768,28.1474],[-100.06766,28.1138],[-100.05595,28.10327],[-100.05691,28.0943],[-100.0524,28.08427],[-100.01762,28.06466],[-100.00858,28.02401],[-99.98993,27.99318],[-99.96024,27.98343],[-99.93158,27.98099],[-99.93203,27.96929],[-99.9387,27.95327],[-99.93679,27.94023],[-99.92717,27.93648],[-99.92416,27.93165],[-99.92529,27.92629],[-99.91706,27.91792],[-99.90008,27.91223],[-99.89343,27.89906],[-99.90442,27.87465],[-99.90047,27.86326],[-99.88201,27.84986],[-99.87715,27.84219],[-99.87808,27.82617],[-99.87421,27.8156],[-99.87799,27.80126],[-99.87554,27.79683],[-99.85007,27.79304],[-99.84344,27.76963],[-99.83691,27.76332],[-99.82273,27.7673],[-99.81928,27.7758],[-99.8136,27.77453],[-99.80148,27.74153],[-99.79617,27.73551],[-99.78706,27.73044],[-99.7747,27.7336],[-99.7674,27.72921],[-99.7314,27.68399],[-99.72321,27.66813],[-99.71044,27.65767],[-99.69908,27.65586],[-99.69385,27.6668],[-99.6896,27.66876],[-99.68742,27.66189],[-99.66422,27.65782],[-99.65836,27.6501],[-99.66631,27.63615],[-99.65549,27.62916],[-99.64763,27.63037],[-99.63922,27.62678],[-99.62577,27.63074],[-99.62299,27.63537],[-99.62764,27.64014],[-99.62571,27.64367],[-99.61944,27.64271],[-99.61553,27.6374],[-99.6086,27.64127],[-99.599,27.64111],[-99.59466,27.63888],[-99.59248,27.62922],[-99.57725,27.61865],[-99.57678,27.61184],[-99.58283,27.60249],[-99.56296,27.60684],[-99.55567,27.61452],[-99.53874,27.6019],[-99.52842,27.57856],[-99.51524,27.57139],[-99.51172,27.5661],[-99.52195,27.54459],[-99.52818,27.49843],[-99.52023,27.49691],[-99.50286,27.50033],[-99.49249,27.49726],[-99.48136,27.48913],[-99.47878,27.47946],[-99.49539,27.44596],[-99.48767,27.41123],[-99.4928,27.39158],[-99.49247,27.38029],[-99.50549,27.35897],[-99.50769,27.34884],[-99.50466,27.3386],[-99.5225,27.32446],[-99.5318,27.32383],[-99.53811,27.31687],[-99.52873,27.3051],[-99.4986,27.30584],[-99.49437,27.30353],[-99.48744,27.2906],[-99.49633,27.27389],[-99.49073,27.26262],[-99.48118,27.2599],[-99.46132,27.26833],[-99.45379,27.26507],[-99.44169,27.25038],[-99.4417,27.23504],[-99.44526,27.22359],[-99.43288,27.20946],[-99.4263,27.17734],[-99.42978,27.15983],[-99.43973,27.1519],[-99.43874,27.14525],[-99.43108,27.13692],[-99.43111,27.12378],[-99.44209,27.10852],[-99.44169,27.10484],[-99.42854,27.09199],[-99.43637,27.07795],[-99.44644,27.07162],[-99.4528,27.06317],[-99.44548,27.04417],[-99.44567,27.02106],[-99.43548,27.01197],[-99.42985,27.01069],[-99.41588,27.01729],[-99.39911,26.99262],[-99.3869,26.98228],[-99.37842,26.98005],[-99.37728,26.97371],[-99.39019,26.9663],[-99.39378,26.96059],[-99.3882,26.94396],[-99.37335,26.93131],[-99.3373,26.92285],[-99.32482,26.91608],[-99.32177,26.90686],[-99.32901,26.87999],[-99.31665,26.86573],[-99.29524,26.86548],[-99.28035,26.85803],[-99.26867,26.84335],[-99.26224,26.8158],[-99.2424,26.78796],[-99.23998,26.74582],[-99.20876,26.72479],[-99.20986,26.69391],[-99.20017,26.65583],[-99.17808,26.62054],[-99.1671,26.55934],[-99.17165,26.54359],[-99.16314,26.534],[-99.12991,26.52584],[-99.10389,26.49861],[-99.09208,26.4772],[-99.09239,26.47126],[-99.10078,26.45697],[-99.10284,26.44214],[-99.11363,26.43454],[-99.11325,26.43159],[-99.09651,26.41223],[-99.08984,26.40856],[-99.08519,26.39857],[-99.06151,26.3977],[-99.04486,26.41037],[-99.03548,26.4134],[-99.02069,26.40632],[-99.01208,26.39271],[-98.98955,26.39146],[-98.9739,26.40122],[-98.95401,26.39379],[-98.9561,26.37716],[-98.9444,26.36945],[-98.93608,26.37148],[-98.93589,26.38364],[-98.92756,26.39441],[-98.92358,26.39226],[-98.92388,26.38116],[-98.91799,26.37504],[-98.90178,26.37155],[-98.90064,26.3589],[-98.89612,26.35321],[-98.85997,26.36628],[-98.85176,26.36475],[-98.84539,26.35818],[-98.83493,26.36207],[-98.82368,26.37114],[-98.81236,26.36581],[-98.80468,26.36773],[-98.78885,26.33897],[-98.78832,26.33013],[-98.76851,26.32508],[-98.75183,26.33173],[-98.74636,26.31712],[-98.7378,26.31318],[-98.73581,26.308],[-98.74005,26.30289],[-98.75526,26.30755],[-98.75653,26.30372],[-98.74994,26.29531],[-98.73931,26.29437],[-98.72907,26.29916],[-98.72116,26.29426],[-98.71662,26.28614],[-98.70741,26.28931],[-98.70156,26.2861],[-98.70136,26.27774],[-98.71819,26.27774],[-98.71862,26.27167],[-98.68027,26.26229],[-98.67773,26.25677],[-98.6786,26.24436],[-98.67064,26.23705],[-98.65666,26.23581],[-98.63576,26.24208],[-98.63255,26.25177],[-98.62513,26.25908],[-98.62155,26.25937],[-98.61584,26.24624],[-98.61062,26.25369],[-98.5999,26.2576],[-98.58644,26.25783],[-98.58005,26.25416],[-98.57932,26.25101],[-98.58499,26.24399],[-98.57971,26.23484],[-98.57646,26.234],[-98.57285,26.23978],[-98.5657,26.24143],[-98.56334,26.22496],[-98.56017,26.22438],[-98.55547,26.23227],[-98.54569,26.23713],[-98.54753,26.2422],[-98.5583,26.24451],[-98.55664,26.24814],[-98.54589,26.24507],[-98.53682,26.22731],[-98.53384,26.2254],[-98.52428,26.23553],[-98.52139,26.23461],[-98.52712,26.22685],[-98.52312,26.22058],[-98.51097,26.22696],[-98.50075,26.22164],[-98.50727,26.21],[-98.48493,26.21262],[-98.48201,26.20939],[-98.4828,26.20083],[-98.47748,26.20355],[-98.48209,26.21345],[-98.48085,26.2201],[-98.45871,26.22584],[-98.45367,26.21701],[-98.4481,26.22409],[-98.44326,26.22386],[-98.43881,26.21207],[-98.44421,26.20469],[-98.44217,26.19874],[-98.42982,26.19436],[-98.41498,26.1833],[-98.40221,26.18109],[-98.40085,26.1701],[-98.39221,26.16663],[-98.38559,26.15732],[-98.36503,26.15821],[-98.36353,26.16067],[-98.3675,26.1681],[-98.36143,26.17222],[-98.35751,26.1694],[-98.35812,26.15803],[-98.35245,26.15119],[-98.34924,26.15262],[-98.34599,26.16611],[-98.33466,26.1651],[-98.33352,26.15832],[-98.33786,26.14921],[-98.32767,26.14433],[-98.33544,26.13957],[-98.3204,26.11772],[-98.30919,26.11301],[-98.30496,26.10268],[-98.29734,26.10415],[-98.3033,26.11134],[-98.2958,26.12058],[-98.27499,26.11581],[-98.26581,26.12062],[-98.26569,26.11723],[-98.27194,26.11353],[-98.27131,26.1062],[-98.28246,26.10778],[-98.28833,26.10462],[-98.26691,26.09192],[-98.2655,26.08647],[-98.25337,26.08005],[-98.24895,26.072],[-98.23138,26.077],[-98.21884,26.07571],[-98.21262,26.06882],[-98.2056,26.06713],[-98.1951,26.05343],[-98.19223,26.05331],[-98.18858,26.06351],[-98.17657,26.06151],[-98.18064,26.06613],[-98.17995,26.07295],[-98.17589,26.07502],[-98.16831,26.06332],[-98.15769,26.06283],[-98.16214,26.0544],[-98.1502,26.05742],[-98.14694,26.04913],[-98.13775,26.06038],[-98.1363,26.07134],[-98.13152,26.07442],[-98.12863,26.07367],[-98.13051,26.06353],[-98.12633,26.06192],[-98.10422,26.06745],[-98.09644,26.05938],[-98.09175,26.05882],[-98.08324,26.06295],[-98.08107,26.06597],[-98.08506,26.06815],[-98.08438,26.07114],[-98.08135,26.07128],[-98.07574,26.06581],[-98.0701,26.04951],[-98.07344,26.04325],[-98.08022,26.04134],[-98.07751,26.0367],[-98.07208,26.0366],[-98.06174,26.04635],[-98.03844,26.04181],[-98.0324,26.06318],[-98.02816,26.06701],[-98.02045,26.0587],[-98.01443,26.06608],[-98.0111,26.06491],[-98.00968,26.05819],[-98.00205,26.06517],[-97.99828,26.06518],[-97.99181,26.05827],[-97.98641,26.06656],[-97.98114,26.0675],[-97.97908,26.05935],[-97.96704,26.05179],[-97.955,26.06151],[-97.94813,26.06176],[-97.936,26.05265],[-97.93199,26.05406],[-97.93138,26.05779],[-97.93696,26.06335],[-97.93409,26.06549],[-97.93047,26.06421],[-97.92669,26.0549],[-97.90222,26.06109],[-97.89078,26.06045],[-97.8867,26.06664],[-97.87727,26.06491],[-97.86886,26.05687],[-97.8618,26.07019],[-97.85947,26.06515],[-97.86191,26.06226],[-97.86103,26.05314],[-97.84237,26.05374],[-97.8366,26.05171],[-97.83357,26.04571],[-97.82561,26.05615],[-97.81877,26.05667],[-97.8149,26.05402],[-97.81521,26.04434],[-97.81099,26.04555],[-97.81212,26.05324],[-97.80817,26.05811],[-97.80024,26.05964],[-97.79953,26.05388],[-97.79326,26.05341],[-97.78876,26.04818],[-97.79547,26.04724],[-97.79764,26.04002],[-97.7919,26.034],[-97.78176,26.0339],[-97.77884,26.02986],[-97.77007,26.03507],[-97.77699,26.04297],[-97.77586,26.04536],[-97.76758,26.04728],[-97.76247,26.04043],[-97.7642,26.02885],[-97.7606,26.02568],[-97.75376,26.03097],[-97.75002,26.03138],[-97.74774,26.02635],[-97.7311,26.0318],[-97.71914,26.03074],[-97.72096,26.02322],[-97.70949,26.02623],[-97.70726,26.03788],[-97.70249,26.03111],[-97.69717,26.03105],[-97.6969,26.02323],[-97.69048,26.01952],[-97.69239,26.03261],[-97.68766,26.02743],[-97.67387,26.0267],[-97.67497,26.0328],[-97.67061,26.03383],[-97.66734,26.02887],[-97.66227,26.03774],[-97.66084,26.03051],[-97.66783,26.02344],[-97.66742,26.01905],[-97.65635,26.01951],[-97.6519,26.0159],[-97.65053,26.02356],[-97.6453,26.02791],[-97.6387,26.02279],[-97.63663,26.01608],[-97.6387,26.0128],[-97.64953,26.01097],[-97.6359,26.00032],[-97.62688,26.00611],[-97.62837,25.99807],[-97.6254,25.99649],[-97.62005,26.00265],[-97.61768,26.00103],[-97.62073,25.9922],[-97.63204,25.99613],[-97.63426,25.98959],[-97.62041,25.98848],[-97.61596,25.97873],[-97.60747,25.976],[-97.61049,25.96718],[-97.60239,25.95776],[-97.58278,25.96262],[-97.58315,25.95505],[-97.5776,25.94219],[-97.57345,25.94494],[-97.57415,25.95412],[-97.56792,25.95246],[-97.56609,25.94521],[-97.5819,25.93881],[-97.58398,25.93422],[-97.56642,25.93344],[-97.56792,25.92755],[-97.56416,25.92584],[-97.55997,25.92602],[-97.55489,25.9374],[-97.54679,25.93487],[-97.54533,25.92523],[-97.5423,25.92397],[-97.53855,25.93029],[-97.5375,25.92685],[-97.54305,25.92005],[-97.53075,25.92047],[-97.53327,25.90809],[-97.52829,25.90628],[-97.52373,25.89907],[-97.52276,25.88774],[-97.51953,25.88608],[-97.51105,25.88737],[-97.49924,25.89847],[-97.49639,25.89617],[-97.49755,25.88058],[-97.49464,25.87979],[-97.48828,25.88532],[-97.48765,25.879],[-97.48261,25.87945],[-97.47069,25.88859],[-97.46786,25.88741],[-97.46851,25.88379],[-97.47477,25.87943],[-97.46974,25.87551],[-97.46543,25.881],[-97.45551,25.8841],[-97.45694,25.86901],[-97.4532,25.86749],[-97.45008,25.87203],[-97.44468,25.86803],[-97.44819,25.85932],[-97.45406,25.85455],[-97.44431,25.8559],[-97.44339,25.84811],[-97.43532,25.84966],[-97.42627,25.84096],[-97.41351,25.84074],[-97.41162,25.8611],[-97.40766,25.86085],[-97.41073,25.84986],[-97.40801,25.84519],[-97.40134,25.8524],[-97.39879,25.84986],[-97.40379,25.83774],[-97.39369,25.83719],[-97.38757,25.84375],[-97.38156,25.83954],[-97.37329,25.83976],[-97.36969,25.85054],[-97.3639,25.85004],[-97.36559,25.85319],[-97.37533,25.85395],[-97.37423,25.85708],[-97.36847,25.85893],[-97.35864,25.87056],[-97.35876,25.87892],[-97.37242,25.87821],[-97.37375,25.88092],[-97.35644,25.88801],[-97.36651,25.89066],[-97.36665,25.90312],[-97.37523,25.90766],[-97.3681,25.91057],[-97.36932,25.91488],[-97.35493,25.91958],[-97.34717,25.93114],[-97.33626,25.92893],[-97.33833,25.92208],[-97.33446,25.91998],[-97.33248,25.92556],[-97.33027,25.91769],[-97.32531,25.9178],[-97.32463,25.92504],[-97.31906,25.93078],[-97.30596,25.92727],[-97.30365,25.93697],[-97.29458,25.93386],[-97.29203,25.93641],[-97.27632,25.93658],[-97.28069,25.94365],[-97.27942,25.948],[-97.2887,25.95342],[-97.28507,25.95853],[-97.27748,25.95175],[-97.24738,25.94765],[-97.24074,25.95426],[-97.22787,25.95848],[-97.22078,25.95659],[-97.20872,25.96339],[-97.20341,25.95715],[-97.18681,25.95398],[-97.18646,25.95835],[-97.1786,25.96044],[-97.17597,25.9653],[-97.16609,25.95951],[-97.15866,25.96147],[-97.1607,25.94954],[-97.15774,25.9477],[-97.14585,25.95295],[-97.145,25.88013],[-97.15127,25.82464],[-97.16751,25.7294],[-97.18603,25.66943],[-97.20212,25.6282],[-97.37464,25.33587],[-97.41382,25.26245],[-97.42362,25.23733],[-97.44674,25.24375],[-97.44553,25.24992],[-97.43996,25.2541],[-97.44131,25.25939],[-97.43389,25.2642],[-97.4308,25.27369],[-97.42615,25.2721],[-97.42933,25.27754],[-97.42391,25.28108],[-97.41706,25.29606],[-97.4123,25.29241],[-97.41383,25.3049],[-97.40284,25.3125],[-97.40205,25.31867],[-97.40543,25.31999],[-97.3977,25.32634],[-97.39959,25.33331],[-97.40248,25.32922],[-97.40595,25.33389],[-97.40294,25.33721],[-97.3909,25.33785],[-97.39162,25.34738],[-97.38807,25.34824],[-97.38226,25.35872],[-97.37662,25.35763],[-97.37615,25.36084],[-97.37833,25.36679],[-97.38542,25.36609],[-97.38694,25.36945],[-97.39037,25.36705],[-97.40168,25.36858],[-97.4016,25.36369],[-97.41401,25.35688],[-97.41452,25.3502],[-97.41038,25.35247],[-97.41027,25.35015],[-97.42247,25.33742],[-97.41696,25.34739],[-97.41701,25.3546],[-97.42052,25.35669],[-97.41547,25.36436],[-97.41665,25.37132],[-97.4247,25.36189],[-97.42852,25.3627],[-97.42456,25.37321],[-97.43547,25.36123],[-97.45055,25.35624],[-97.45104,25.36217],[-97.42928,25.37982],[-97.40974,25.37999],[-97.4115,25.38645],[-97.39286,25.40323],[-97.39352,25.40709],[-97.39748,25.40752],[-97.40918,25.42296],[-97.41464,25.4171],[-97.42202,25.41576],[-97.43615,25.41862],[-97.43637,25.42376],[-97.44002,25.42612],[-97.44579,25.41833],[-97.45311,25.42137],[-97.45079,25.42546],[-97.45317,25.42832],[-97.44765,25.42761],[-97.44853,25.43624],[-97.44329,25.447],[-97.4474,25.4473],[-97.4523,25.4404],[-97.46053,25.43972],[-97.46084,25.43753],[-97.45179,25.43628],[-97.45156,25.43242],[-97.45784,25.42875],[-97.45962,25.42247],[-97.46703,25.41894],[-97.46495,25.42638],[-97.46727,25.43361],[-97.4618,25.44024],[-97.46641,25.44544],[-97.46386,25.45648],[-97.47048,25.45989],[-97.4837,25.49013],[-97.48878,25.49199],[-97.49313,25.50747],[-97.49095,25.51105],[-97.49797,25.52862],[-97.51461,25.53612],[-97.52255,25.53607],[-97.52675,25.54023],[-97.53757,25.53725],[-97.53903,25.53341],[-97.52779,25.5369],[-97.52285,25.53453],[-97.52633,25.52865],[-97.52439,25.52438],[-97.51985,25.52498],[-97.51237,25.53353],[-97.49939,25.52786],[-97.49291,25.51364],[-97.4909,25.49304],[-97.48263,25.48523],[-97.47232,25.45991],[-97.46571,25.45585],[-97.46768,25.44597],[-97.46377,25.44104],[-97.47338,25.43213],[-97.47231,25.42697],[-97.47545,25.42508],[-97.47813,25.42652],[-97.47819,25.4327],[-97.47243,25.43997],[-97.47522,25.44373],[-97.48767,25.44476],[-97.49667,25.45077],[-97.51061,25.44654],[-97.51242,25.44874],[-97.50599,25.45292],[-97.51959,25.45319],[-97.52525,25.4656],[-97.53848,25.46161],[-97.53431,25.46697],[-97.53653,25.47034],[-97.52757,25.47347],[-97.52578,25.4692],[-97.52265,25.46943],[-97.53179,25.47608],[-97.54177,25.47065],[-97.54785,25.46016],[-97.55354,25.4588],[-97.57351,25.43571],[-97.57171,25.43183],[-97.56181,25.43084],[-97.53874,25.44039],[-97.53553,25.43637],[-97.53921,25.42508],[-97.53645,25.41888],[-97.53249,25.41807],[-97.51293,25.39574],[-97.50812,25.40701],[-97.50546,25.4039],[-97.51216,25.38956],[-97.50423,25.38909],[-97.49962,25.38403],[-97.50159,25.37375],[-97.50589,25.36968],[-97.49923,25.36961],[-97.49646,25.3764],[-97.49459,25.36725],[-97.49762,25.36213],[-97.49424,25.36107],[-97.4935,25.36364],[-97.48237,25.35863],[-97.48627,25.35275],[-97.49252,25.35114],[-97.49301,25.35694],[-97.51508,25.35909],[-97.51504,25.36192],[-97.50514,25.36118],[-97.511,25.3687],[-97.52709,25.37285],[-97.54327,25.37005],[-97.54277,25.36387],[-97.5495,25.35828],[-97.54572,25.354],[-97.54899,25.35364],[-97.55126,25.34106],[-97.54876,25.33717],[-97.55517,25.33389],[-97.54939,25.3319],[-97.54096,25.33838],[-97.54221,25.32836],[-97.54694,25.32352],[-97.54018,25.32023],[-97.54844,25.31633],[-97.55117,25.31275],[-97.54965,25.30939],[-97.52674,25.30813],[-97.52567,25.3143],[-97.52285,25.3135],[-97.5346,25.28629],[-97.54774,25.28042],[-97.56526,25.28227],[-97.56747,25.2873],[-97.56348,25.28907],[-97.566,25.29167],[-97.56407,25.29898],[-97.56503,25.30208],[-97.57041,25.30136],[-97.57005,25.30856],[-97.56635,25.30981],[-97.56714,25.31471],[-97.5745,25.31529],[-97.57118,25.32066],[-97.57298,25.32377],[-97.58415,25.31256],[-97.58864,25.31672],[-97.59831,25.31269],[-97.59664,25.30997],[-97.58996,25.31261],[-97.59013,25.30953],[-97.602,25.31131],[-97.61138,25.30793],[-97.61494,25.31902],[-97.60817,25.31639],[-97.61137,25.30947],[-97.60598,25.31019],[-97.60366,25.31531],[-97.60755,25.32153],[-97.6121,25.32003],[-97.62027,25.32319],[-97.61821,25.33012],[-97.63659,25.33261],[-97.63452,25.34005],[-97.62372,25.3433],[-97.62483,25.34562],[-97.62141,25.34765],[-97.62095,25.36308],[-97.61662,25.37025],[-97.62201,25.36965],[-97.63799,25.35874],[-97.64507,25.35893],[-97.64587,25.36306],[-97.63655,25.36143],[-97.63764,25.36478],[-97.64276,25.36329],[-97.64042,25.3697],[-97.64689,25.37387],[-97.64627,25.37824],[-97.64882,25.37852],[-97.64906,25.36978],[-97.65604,25.36547],[-97.66537,25.36735],[-97.67771,25.37853],[-97.68569,25.3741],[-97.69301,25.37789],[-97.70008,25.36638],[-97.70787,25.36619],[-97.7082,25.36156],[-97.70482,25.35973],[-97.69195,25.37119],[-97.68962,25.36423],[-97.70661,25.35074],[-97.71171,25.35078],[-97.72001,25.34288],[-97.7255,25.33173],[-97.71398,25.32404],[-97.7159,25.31659],[-97.70648,25.31008],[-97.69948,25.32932],[-97.69337,25.33158],[-97.69996,25.31105],[-97.71977,25.28446],[-97.71803,25.26154],[-97.72035,25.25642],[-97.73027,25.25444],[-97.73405,25.25885],[-97.72904,25.26421],[-97.73014,25.26705],[-97.74343,25.26794],[-97.76397,25.28059],[-97.76922,25.27845],[-97.77398,25.26948],[-97.78391,25.26725],[-97.79846,25.25591],[-97.78803,25.25132],[-97.78715,25.25466],[-97.79219,25.25985],[-97.78622,25.26315],[-97.77437,25.25932],[-97.77151,25.26238],[-97.76643,25.26054],[-97.76117,25.26345],[-97.74706,25.24571],[-97.73718,25.24318],[-97.73419,25.23119],[-97.72883,25.22985],[-97.72392,25.23998],[-97.71399,25.24246],[-97.70519,25.24037],[-97.69917,25.22561],[-97.70677,25.20277],[-97.70529,25.19555],[-97.68888,25.18318],[-97.67185,25.17544],[-97.67048,25.17131],[-97.6769,25.16597],[-97.67511,25.16183],[-97.69033,25.1527],[-97.7034,25.13352],[-97.70696,25.11759],[-97.70119,25.10185],[-97.70022,25.08691],[-97.70776,25.08157],[-97.70807,25.07855],[-97.70382,25.08051],[-97.7046,25.07331],[-97.72273,25.05545],[-97.72664,25.04622],[-97.72007,25.03922],[-97.73818,25.03616],[-97.73471,25.03059],[-97.72292,25.03628],[-97.72132,25.02713],[-97.72561,25.02228],[-97.71538,25.01447],[-97.73881,25.00206],[-97.74846,24.98336],[-97.74853,24.97667],[-97.74175,24.97713],[-97.74291,24.97353],[-97.7359,24.9691],[-97.73554,24.97682],[-97.72908,24.97367],[-97.72523,24.97699],[-97.72905,24.99027],[-97.72113,24.99123],[-97.71063,24.98304],[-97.70746,24.97555],[-97.70267,24.97486],[-97.70299,24.97126],[-97.69384,24.96874],[-97.69083,24.9727],[-97.68353,24.96916],[-97.68012,24.94455],[-97.67453,24.93974],[-97.6429,24.92891],[-97.64166,24.92529],[-97.63814,24.92526],[-97.63819,24.92089],[-97.63437,24.92162],[-97.63825,24.91471],[-97.64145,24.91911],[-97.64585,24.90397],[-97.64897,24.90194],[-97.65383,24.90996],[-97.65735,24.91025],[-97.65769,24.90459],[-97.66298,24.91133],[-97.66834,24.91164],[-97.6688,24.90804],[-97.6612,24.90668],[-97.66068,24.9023],[-97.6555,24.8984],[-97.67898,24.8932],[-97.67356,24.88492],[-97.67618,24.87774],[-97.68048,24.87511],[-97.67584,24.87014],[-97.69507,24.86504],[-97.68856,24.86755],[-97.68722,24.87449],[-97.68085,24.87572],[-97.68817,24.8772],[-97.69416,24.87095],[-97.69363,24.86785],[-97.70185,24.86394],[-97.70466,24.86563],[-97.70813,24.85743],[-97.71066,24.85745],[-97.71165,24.88448],[-97.71805,24.89303],[-97.71547,24.8979],[-97.719,24.89715],[-97.72065,24.90154],[-97.73104,24.90575],[-97.7367,24.90464],[-97.72405,24.89977],[-97.72415,24.89051],[-97.73827,24.88895],[-97.72243,24.87865],[-97.72238,24.87068],[-97.73513,24.86461],[-97.73817,24.87055],[-97.73966,24.86336],[-97.7442,24.86018],[-97.73266,24.85815],[-97.73783,24.86257],[-97.73513,24.86435],[-97.73306,24.86073],[-97.72542,24.86247],[-97.72363,24.85859],[-97.72817,24.85567],[-97.73144,24.8578],[-97.7327,24.85404],[-97.75275,24.8515],[-97.74571,24.85093],[-97.74546,24.84694],[-97.73898,24.84624],[-97.73613,24.84969],[-97.73277,24.84683],[-97.7374,24.83593],[-97.74256,24.84177],[-97.74755,24.83538],[-97.73995,24.83402],[-97.74033,24.82451],[-97.73326,24.82676],[-97.73405,24.82274],[-97.72839,24.8208],[-97.73932,24.81343],[-97.73652,24.81109],[-97.73059,24.81246],[-97.72176,24.82087],[-97.71882,24.8184],[-97.72169,24.81405],[-97.71823,24.80759],[-97.71565,24.81156],[-97.71005,24.80803],[-97.71885,24.80193],[-97.71918,24.7973],[-97.73901,24.78847],[-97.74499,24.78208],[-97.74906,24.77002],[-97.74268,24.77383],[-97.74375,24.77898],[-97.73861,24.78563],[-97.72968,24.79032],[-97.72265,24.78884],[-97.71705,24.78493],[-97.72672,24.77704],[-97.72109,24.77583],[-97.71599,24.77862],[-97.71531,24.77617],[-97.72876,24.77023],[-97.7304,24.77501],[-97.73496,24.77042],[-97.70901,24.77264],[-97.73109,24.76266],[-97.72831,24.75916],[-97.71537,24.75648],[-97.71027,24.75914],[-97.70797,24.75037],[-97.71763,24.75637],[-97.72668,24.75285],[-97.72685,24.75002],[-97.71981,24.74996],[-97.71895,24.72421],[-97.72923,24.69599],[-97.71935,24.69848],[-97.73871,24.67819],[-97.74772,24.67813],[-97.74962,24.68561],[-97.75664,24.68811],[-97.76639,24.67057],[-97.76244,24.67118],[-97.75658,24.66572],[-97.75389,24.66738],[-97.75425,24.67355],[-97.76186,24.67259],[-97.76254,24.67491],[-97.75665,24.68644],[-97.75132,24.68485],[-97.74942,24.67686],[-97.74436,24.67592],[-97.73337,24.67724],[-97.73277,24.68071],[-97.72657,24.68091],[-97.72513,24.6845],[-97.71838,24.68265],[-97.70946,24.68733],[-97.717,24.6807],[-97.71563,24.67658],[-97.73286,24.67157],[-97.74037,24.65298],[-97.72622,24.67383],[-97.72007,24.66915],[-97.71624,24.67208],[-97.71049,24.66984],[-97.71055,24.67743],[-97.70012,24.69163],[-97.70732,24.66312],[-97.71125,24.66406],[-97.70784,24.66686],[-97.71772,24.66527],[-97.71558,24.65431],[-97.71231,24.65699],[-97.71437,24.66241],[-97.70779,24.65824],[-97.70921,24.64358],[-97.72263,24.59763],[-97.74153,24.59315],[-97.7376,24.59196],[-97.7356,24.59529],[-97.72395,24.59275],[-97.73245,24.55833],[-97.74243,24.48944],[-97.76451,24.48834],[-97.76118,24.49861],[-97.77458,24.50901],[-97.7712,24.52365],[-97.77357,24.54066],[-97.76991,24.5405],[-97.77283,24.544],[-97.76862,24.55786],[-97.77395,24.55945],[-97.77481,24.57207],[-97.77834,24.57081],[-97.77591,24.56075],[-97.79679,24.55449],[-97.78682,24.56702],[-97.79441,24.56772],[-97.79737,24.56684],[-97.79844,24.55836],[-97.80323,24.5575],[-97.80187,24.55272],[-97.82894,24.54689],[-97.83423,24.55221],[-97.82648,24.5542],[-97.82898,24.55731],[-97.82754,24.56142],[-97.83605,24.56843],[-97.84049,24.56555],[-97.83271,24.56481],[-97.8319,24.56068],[-97.83895,24.55945],[-97.8424,24.55124],[-97.83729,24.53688],[-97.83891,24.53345],[-97.84735,24.53378],[-97.84424,24.5353],[-97.84434,24.53993],[-97.85109,24.55491],[-97.85529,24.55764],[-97.86024,24.55472],[-97.8538,24.53588],[-97.85665,24.53205],[-97.8512,24.52737],[-97.85251,24.52236],[-97.85492,24.52577],[-97.85954,24.52332],[-97.86485,24.52748],[-97.86754,24.52492],[-97.86686,24.52196],[-97.86094,24.52423],[-97.86098,24.51921],[-97.85524,24.51608],[-97.85726,24.51095],[-97.84759,24.50675],[-97.84178,24.49603],[-97.83641,24.49972],[-97.83778,24.50282],[-97.82225,24.51003],[-97.85378,24.4754],[-97.85711,24.46462],[-97.85266,24.44425],[-97.84276,24.43491],[-97.83267,24.41716],[-97.79588,24.41357],[-97.82599,24.41007],[-97.83325,24.41528],[-97.83566,24.41298],[-97.82629,24.40737],[-97.83452,24.39894],[-97.82919,24.39762],[-97.8274,24.39361],[-97.8318,24.3894],[-97.82902,24.38616],[-97.8183,24.38994],[-97.81622,24.38761],[-97.82078,24.38095],[-97.80998,24.37855],[-97.81007,24.36903],[-97.81682,24.36805],[-97.8192,24.35392],[-97.81554,24.35479],[-97.81347,24.35104],[-97.8091,24.35242],[-97.80311,24.34761],[-97.80301,24.34324],[-97.80834,24.34328],[-97.80849,24.32745],[-97.81522,24.3284],[-97.81836,24.32354],[-97.81242,24.32748],[-97.80682,24.32576],[-97.80532,24.33631],[-97.79995,24.33948],[-97.79687,24.33855],[-97.79717,24.32131],[-97.79223,24.32385],[-97.79432,24.32644],[-97.79029,24.33644],[-97.78897,24.35754],[-97.79267,24.36722],[-97.78523,24.38119],[-97.78866,24.38919],[-97.78594,24.39509],[-97.79057,24.39564],[-97.78478,24.39894],[-97.77827,24.41819],[-97.7824,24.41282],[-97.7849,24.4158],[-97.78996,24.41507],[-97.77352,24.42604],[-97.76852,24.44197],[-97.74781,24.45145],[-97.74485,24.44314],[-97.75037,24.43984],[-97.7493,24.43443],[-97.75912,24.42215],[-97.75467,24.41723],[-97.75492,24.40539],[-97.75762,24.4031],[-97.75525,24.4005],[-97.75182,24.40639],[-97.75368,24.41748],[-97.7521,24.42055],[-97.75015,24.41899],[-97.75301,24.35725],[-97.746,24.32733],[-97.74811,24.32632],[-97.74535,24.30751],[-97.74715,24.30984],[-97.74985,24.30729],[-97.75398,24.25739],[-97.75649,24.25947],[-97.75538,24.27233],[-97.75731,24.26205],[-97.75425,24.25465],[-97.75035,24.27049],[-97.74672,24.26789],[-97.75718,24.24661],[-97.75706,24.23014],[-97.76147,24.22323],[-97.7653,24.19057],[-97.76873,24.1978],[-97.77141,24.19705],[-97.77145,24.19268],[-97.76449,24.18645],[-97.76654,24.17823],[-97.76187,24.16764],[-97.76334,24.1607],[-97.7677,24.15945],[-97.77142,24.13709],[-97.76924,24.13012],[-97.77447,24.11137],[-97.7716,24.0887],[-97.77707,24.08823],[-97.78415,24.08056],[-97.78817,24.07056],[-97.79657,24.07191],[-97.79483,24.07808],[-97.79204,24.07664],[-97.78695,24.08162],[-97.78748,24.08394],[-97.79678,24.07963],[-97.79702,24.0835],[-97.7854,24.09743],[-97.78914,24.10171],[-97.78603,24.10452],[-97.79008,24.10648],[-97.80107,24.10026],[-97.80396,24.0905],[-97.80635,24.09052],[-97.80459,24.08304],[-97.80852,24.08256],[-97.80872,24.07638],[-97.80255,24.07711],[-97.80155,24.06371],[-97.80452,24.06026],[-97.79023,24.04535],[-97.79809,24.02933],[-97.79393,24.02466],[-97.78661,24.04275],[-97.79096,24.05668],[-97.78543,24.06449],[-97.77463,24.06453],[-97.77233,23.98267],[-97.77278,23.97881],[-97.78173,23.98081],[-97.77141,23.97597],[-97.77501,23.96519],[-97.77285,23.92785],[-97.76675,23.89202],[-97.76621,23.85959],[-97.76053,23.84401],[-97.76434,23.83589],[-97.7677,23.83566],[-97.76832,23.8439],[-97.77057,23.84289],[-97.77138,23.78679],[-97.78636,23.78511],[-97.78632,23.78948],[-97.77946,23.7902],[-97.7794,23.79586],[-97.78882,23.82142],[-97.79777,23.82136],[-97.80217,23.83027],[-97.80992,23.82896],[-97.81446,23.83178],[-97.81774,23.82576],[-97.8129,23.81916],[-97.80167,23.8237],[-97.80114,23.81971],[-97.80639,23.81152],[-97.81185,23.8113],[-97.81432,23.81672],[-97.83201,23.8094],[-97.83252,23.79988],[-97.82682,23.79584],[-97.80777,23.79866],[-97.80215,23.79149],[-97.79358,23.79005],[-97.7881,23.7931],[-97.78678,23.78485],[-97.78063,23.78455],[-97.7825,23.77864],[-97.79229,23.77846],[-97.80308,23.79154],[-97.83504,23.78381],[-97.88501,23.79499],[-97.90933,23.79722],[-97.9438,23.78922],[-97.95442,23.79058],[-97.95962,23.78714],[-97.96346,23.77842],[-97.96766,23.77793],[-97.97653,23.78829],[-97.98604,23.78899],[-97.99362,23.78492],[-98.0044,23.76479],[-98.01252,23.76407],[-98.01781,23.76706],[-98.02286,23.7649],[-98.03142,23.74205],[-98.05049,23.73393],[-98.06034,23.72563],[-98.06633,23.72862],[-98.07391,23.76393],[-98.08124,23.7753],[-98.1006,23.76679],[-98.11507,23.77704],[-98.13906,23.78683],[-98.14497,23.78236],[-98.14624,23.75881],[-98.1514,23.76103],[-98.15745,23.77702],[-98.15196,23.76026],[-98.14848,23.75754],[-98.14414,23.75945],[-98.14429,23.77901],[-98.13907,23.78554],[-98.11871,23.77732],[-98.09921,23.76498],[-98.08377,23.7739],[-98.07972,23.7722],[-98.06939,23.73096],[-98.06649,23.72566],[-98.05951,23.72408],[-98.04714,23.73417],[-98.03031,23.74037],[-98.01867,23.76449],[-98.00974,23.76135],[-98.00176,23.76374],[-97.99267,23.78118],[-97.98466,23.78641],[-97.97712,23.78533],[-97.9745,23.78004],[-97.96629,23.77496],[-97.96265,23.77558],[-97.95585,23.78673],[-97.94354,23.78665],[-97.91187,23.79389],[-97.88532,23.79164],[-97.83926,23.78075],[-97.82555,23.78116],[-97.80899,23.78721],[-97.80174,23.78497],[-97.79776,23.7767],[-97.79096,23.77163],[-97.77976,23.77321],[-97.77607,23.77898],[-97.76602,23.77684],[-97.76314,23.77102],[-97.75173,23.76424],[-97.76167,23.74913],[-97.76695,23.72215],[-97.76364,23.70282],[-97.76772,23.70028],[-97.76799,23.68612],[-97.76179,23.67629],[-97.76867,23.67352],[-97.76885,23.66863],[-97.76096,23.6611],[-97.76831,23.65241],[-97.77137,23.65307],[-97.77177,23.64034],[-97.7652,23.62613],[-97.77086,23.61768],[-97.7719,23.59632],[-97.76772,23.58008],[-97.76276,23.5736],[-97.77123,23.56363],[-97.7721,23.51525],[-97.76816,23.51817],[-97.76203,23.51697],[-97.76229,23.5337],[-97.75859,23.54191],[-97.75204,23.58458],[-97.75828,23.59004],[-97.75797,23.59274],[-97.75111,23.59487],[-97.75256,23.61831],[-97.74875,23.63784],[-97.74877,23.64942],[-97.75546,23.65153],[-97.75695,23.65669],[-97.74766,23.66357],[-97.74548,23.67307],[-97.74754,23.69111],[-97.7422,23.70908],[-97.74453,23.71348],[-97.74124,23.73584],[-97.74801,23.74413],[-97.74685,23.74901],[-97.75521,23.75165],[-97.75473,23.75809],[-97.75273,23.7627],[-97.73861,23.76259],[-97.73871,23.76619],[-97.74512,23.76856],[-97.74396,23.7728],[-97.73809,23.77224],[-97.73534,23.76745],[-97.76987,23.34843],[-97.76915,23.24547],[-97.76141,23.0575],[-97.77098,23.05963],[-97.77798,23.05544],[-97.78798,23.05603],[-97.79413,23.05273],[-97.79663,23.05391],[-97.79858,23.06937],[-97.80536,23.07315],[-97.80899,23.07125],[-97.81495,23.05843],[-97.8206,23.06465],[-97.82001,23.0685],[-97.80904,23.08206],[-97.83304,23.08932],[-97.81029,23.08207],[-97.82335,23.06724],[-97.81718,23.05754],[-97.81412,23.05752],[-97.80621,23.07097],[-97.80121,23.07094],[-97.7997,23.05213],[-97.762,23.0539],[-97.76078,23.00447],[-97.76861,22.87685],[-97.7871,22.79591],[-97.83698,22.67658],[-97.8396,22.6784],[-97.83644,22.69125],[-97.82534,22.70738],[-97.82848,22.71384],[-97.82232,22.72036],[-97.82419,22.72874],[-97.81752,22.72934],[-97.81184,22.74538],[-97.81389,22.74797],[-97.80312,22.7587],[-97.80097,22.7659],[-97.80331,22.76771],[-97.79897,22.77232],[-97.79534,22.79044],[-97.79021,22.79053],[-97.79054,22.80005],[-97.78649,22.80208],[-97.77974,22.82751],[-97.77655,22.84268],[-97.77884,22.85145],[-97.77432,22.85991],[-97.76736,22.89203],[-97.76783,22.90104],[-97.77046,22.90287],[-97.76695,22.90696],[-97.77063,22.92938],[-97.76672,22.93167],[-97.77169,22.93557],[-97.76688,22.9448],[-97.77021,22.94585],[-97.77545,22.93457],[-97.77234,22.92476],[-97.77343,22.9119],[-97.77679,22.90909],[-97.76986,22.89154],[-97.77304,22.87792],[-97.77792,22.87641],[-97.77883,22.86702],[-97.78302,22.86474],[-97.78267,22.85766],[-97.78844,22.84869],[-97.7872,22.83246],[-97.79159,22.82297],[-97.78913,22.8178],[-97.79416,22.81424],[-97.79424,22.80523],[-97.80425,22.78754],[-97.80266,22.77929],[-97.81323,22.77615],[-97.83251,22.76227],[-97.83462,22.75816],[-97.83158,22.75686],[-97.84661,22.73586],[-97.85329,22.71634],[-97.86037,22.71588],[-97.86748,22.72893],[-97.88484,22.72634],[-97.8814,22.72387],[-97.87598,22.72448],[-97.87303,22.72845],[-97.8675,22.72648],[-97.86123,22.71292],[-97.85263,22.71222],[-97.85113,22.70912],[-97.86582,22.6948],[-97.86085,22.69207],[-97.86201,22.68525],[-97.87652,22.67557],[-97.87682,22.67274],[-97.87335,22.67272],[-97.89189,22.64453],[-97.8986,22.60184],[-97.89701,22.59359],[-97.89002,22.58351],[-97.87471,22.57413],[-97.87487,22.57105],[-97.87261,22.57352],[-97.86318,22.54367],[-97.8615,22.54547],[-97.86423,22.56711],[-97.85488,22.62496],[-97.85788,22.63116],[-97.84957,22.64655],[-97.85592,22.65046],[-97.84883,22.65298],[-97.85173,22.65429],[-97.84796,22.65735],[-97.84653,22.67845],[-97.84105,22.67094],[-97.85381,22.62084],[-97.85887,22.57814],[-97.85912,22.51404],[-97.85417,22.4929],[-97.87193,22.48903],[-97.88605,22.49093],[-97.88897,22.48876],[-97.88848,22.48104],[-97.88458,22.46608],[-97.88612,22.48179],[-97.88221,22.48524],[-97.85826,22.48443],[-97.85493,22.45146],[-97.83189,22.3581],[-97.81186,22.30492],[-97.78551,22.26457],[-97.7977,22.26208],[-97.83162,22.24148],[-97.8384,22.23092],[-97.84128,22.20988],[-97.84682,22.20825],[-97.86834,22.2138],[-97.89659,22.22546],[-97.89722,22.23293],[-97.8917,22.23237],[-97.89203,22.24293],[-97.90977,22.25476],[-97.91,22.26082],[-97.90256,22.25768],[-97.90307,22.26309],[-97.8981,22.26202],[-97.89336,22.24989],[-97.88963,22.24909],[-97.88679,22.25808],[-97.88951,22.26377],[-97.89755,22.26176],[-97.90233,22.26977],[-97.90244,22.27261],[-97.89746,22.2736],[-97.89766,22.28339],[-97.90984,22.28218],[-97.91325,22.28838],[-97.90781,22.29375],[-97.91494,22.3023],[-97.91175,22.30279],[-97.90908,22.30921],[-97.9265,22.32812],[-97.93215,22.33086],[-97.94408,22.3272],[-97.94804,22.31564],[-97.94028,22.29938],[-97.94158,22.29205],[-97.93276,22.28735],[-97.9225,22.29038],[-97.91339,22.288],[-97.91397,22.28478],[-97.92201,22.28278],[-97.92245,22.27892],[-97.94105,22.28883],[-97.94681,22.29453],[-97.94529,22.29971],[-97.94734,22.29813],[-97.946,22.29246],[-97.92233,22.2766],[-97.9213,22.26681],[-97.91083,22.26159],[-97.91295,22.25517],[-97.92165,22.25742],[-97.92941,22.25451],[-97.92901,22.2715],[-97.93741,22.27593],[-97.93615,22.27824],[-97.94177,22.28497],[-97.95016,22.29094],[-97.95174,22.30099],[-97.95641,22.30592],[-97.9644,22.31034],[-97.96846,22.30393],[-97.96144,22.29977],[-97.96699,22.29749],[-97.97081,22.30395],[-97.9868,22.30611],[-97.99042,22.30922],[-97.99164,22.31283],[-97.989,22.31397],[-97.98248,22.30928],[-97.972,22.33022],[-97.99199,22.34038],[-97.99266,22.34425],[-98.0126,22.34128],[-98.01699,22.34749],[-98.03163,22.35195],[-98.02992,22.33907],[-98.02187,22.34237],[-98.02517,22.32462],[-98.02092,22.31893],[-98.00234,22.30608],[-97.99404,22.30577],[-97.99589,22.29818],[-97.99312,22.29305],[-97.99884,22.27297],[-97.98998,22.25515],[-97.97995,22.24531],[-97.98002,22.23681],[-97.9842,22.23221],[-97.98847,22.23455],[-97.98782,22.22862],[-97.98534,22.22629],[-97.98104,22.22845],[-97.96599,22.22643],[-97.96139,22.23142],[-97.95477,22.22829],[-97.95948,22.22716],[-97.96535,22.21921],[-97.97753,22.2171],[-97.97478,22.21477],[-97.97145,22.21681],[-97.96413,22.21586],[-97.96402,22.21161],[-97.95683,22.21259],[-97.92773,22.2218],[-97.92215,22.22781],[-97.92253,22.23232],[-97.91841,22.22843],[-97.90249,22.23129],[-97.89891,22.22959],[-97.89757,22.22366],[-97.92056,22.21905],[-97.94666,22.2039],[-97.93226,22.20729],[-97.91836,22.21672],[-97.89787,22.2207],[-97.84602,22.20502],[-97.84606,22.19988],[-97.85554,22.1899],[-97.8574,22.19918],[-97.86431,22.19949],[-97.86841,22.20505],[-97.87864,22.20474],[-97.8822,22.20914],[-97.89462,22.2127],[-97.93866,22.20205],[-97.9448,22.19359],[-97.94004,22.16524],[-97.9307,22.15695],[-97.92459,22.143],[-97.90163,22.12843],[-97.89335,22.10958],[-97.89485,22.09461],[-97.88726,22.08869],[-97.88897,22.08613],[-97.88488,22.07992],[-97.87523,22.07792],[-97.86568,22.0803],[-97.85802,22.08823],[-97.85457,22.08743],[-97.85489,22.0828],[-97.85946,22.08026],[-97.86276,22.08208],[-97.8569,22.07252],[-97.85014,22.07221],[-97.84984,22.0753],[-97.84306,22.07628],[-97.84434,22.07243],[-97.83853,22.07265],[-97.83685,22.07611],[-97.84193,22.07936],[-97.8419,22.08271],[-97.83873,22.08282],[-97.84195,22.09378],[-97.83888,22.09813],[-97.84218,22.09945],[-97.84126,22.11051],[-97.84458,22.11053],[-97.8426,22.11593],[-97.85717,22.12504],[-97.86025,22.13716],[-97.85727,22.14731],[-97.849,22.14416],[-97.84545,22.13873],[-97.84103,22.13934],[-97.84487,22.14272],[-97.83766,22.15185],[-97.84119,22.15273],[-97.84127,22.16045],[-97.84723,22.15869],[-97.8458,22.16435],[-97.85329,22.16054],[-97.84766,22.1735],[-97.83754,22.17665],[-97.83648,22.18797],[-97.84534,22.20373],[-97.83699,22.20985],[-97.83391,22.23223],[-97.82442,22.24271],[-97.81799,22.24528],[-97.80894,22.24131],[-97.81786,22.23314],[-97.8155,22.21793],[-97.80957,22.2166],[-97.80549,22.22481],[-97.80356,22.20755],[-97.79753,22.20107],[-97.79778,22.23737],[-97.81691,22.24704],[-97.79136,22.25972],[-97.77503,22.26317],[-97.7922,22.25844],[-97.79352,22.25047],[-97.79326,22.21597],[-97.78806,22.17731],[-97.77657,22.13218],[-97.75637,22.0723],[-97.73363,22.02012],[-97.70811,21.9723],[-97.71704,21.977],[-97.71781,21.98344],[-97.72196,21.98219],[-97.72954,21.99872],[-97.7323,21.99926],[-97.73561,22.01447],[-97.75328,22.04602],[-97.76313,22.07261],[-97.77073,22.10356],[-97.77573,22.11698],[-97.7789,22.11752],[-97.77868,22.1273],[-97.78089,22.12758],[-97.78459,22.14743],[-97.78957,22.14669],[-97.78948,22.14051],[-97.7843,22.13198],[-97.78492,22.12426],[-97.78081,22.12011],[-97.7807,22.1008],[-97.77445,22.08891],[-97.77402,22.07501],[-97.76392,22.0618],[-97.76815,22.05154],[-97.75096,22.02721],[-97.75557,22.02106],[-97.7441,22.00656],[-97.73531,21.9859],[-97.73323,21.97223],[-97.72467,21.95646],[-97.72683,21.95202],[-97.72291,21.92195],[-97.70491,21.88371],[-97.70785,21.87884],[-97.70415,21.87624],[-97.70529,21.87265],[-97.71119,21.87527],[-97.71541,21.86603],[-97.70979,21.86251],[-97.71056,21.85389],[-97.70662,21.84743],[-97.71101,21.84939],[-97.71634,21.83952],[-97.72522,21.8329],[-97.71059,21.80421],[-97.70672,21.7895],[-97.69783,21.78248],[-97.70188,21.77633],[-97.69643,21.76934],[-97.69741,21.75287],[-97.69215,21.73944],[-97.69189,21.72245],[-97.69529,21.71218],[-97.69216,21.70829],[-97.69032,21.69824],[-97.69242,21.69491],[-97.68823,21.68612],[-97.6921,21.68461],[-97.68908,21.68291],[-97.68726,21.68689],[-97.69187,21.69439],[-97.69088,21.69721],[-97.68745,21.69641],[-97.68112,21.6647],[-97.67222,21.64506],[-97.66229,21.63159],[-97.64691,21.62709],[-97.64972,21.62119],[-97.66302,21.61216],[-97.66748,21.60538],[-97.67897,21.61371],[-97.68778,21.61365],[-97.69682,21.61887],[-97.70985,21.60918],[-97.72447,21.60582],[-97.7233,21.59809],[-97.72687,21.59044],[-97.7222,21.59757],[-97.72351,21.60479],[-97.70792,21.60866],[-97.69573,21.61757],[-97.68862,21.61262],[-97.68063,21.61295],[-97.67491,21.60647],[-97.66722,21.60421],[-97.6597,21.61329],[-97.647,21.61757],[-97.65068,21.60653],[-97.64695,21.59337],[-97.6413,21.59358],[-97.64358,21.58613],[-97.63227,21.55927],[-97.62847,21.55306],[-97.62092,21.55093],[-97.62,21.54706],[-97.62181,21.54476],[-97.63303,21.55168],[-97.63802,21.56214],[-97.6405,21.56191],[-97.63876,21.557],[-97.64322,21.55034],[-97.63761,21.54669],[-97.63587,21.54127],[-97.6312,21.54111],[-97.62951,21.5456],[-97.62373,21.54516],[-97.60851,21.52521],[-97.59921,21.51999],[-97.59435,21.49613],[-97.57699,21.47102],[-97.56925,21.4644],[-97.55216,21.46398],[-97.52599,21.46864],[-97.51825,21.47231],[-97.51781,21.47539],[-97.51371,21.47278],[-97.5136,21.46482],[-97.52046,21.45791],[-97.52552,21.42618],[-97.54002,21.42591],[-97.54414,21.42252],[-97.5434,21.41846],[-97.52876,21.41857],[-97.54353,21.4195],[-97.5435,21.42258],[-97.53521,21.42624],[-97.52505,21.42538],[-97.51921,21.45944],[-97.51381,21.46326],[-97.51288,21.47277],[-97.51055,21.47237],[-97.50987,21.45807],[-97.51541,21.45375],[-97.51675,21.44449],[-97.51394,21.43623],[-97.50693,21.43668],[-97.51014,21.41791],[-97.50536,21.41453],[-97.5031,21.4073],[-97.50736,21.40708],[-97.50703,21.39987],[-97.49789,21.37919],[-97.4857,21.33532],[-97.4611,21.32274],[-97.44587,21.30741],[-97.44246,21.29219],[-97.44486,21.27367],[-97.43868,21.25997],[-97.42016,21.25877],[-97.41976,21.23148],[-97.40813,21.18992],[-97.39209,21.14987],[-97.36565,21.09769],[-97.38445,21.12045],[-97.38389,21.12423],[-97.38447,21.11864],[-97.37239,21.10669],[-97.36863,21.09702],[-97.36422,21.09687],[-97.3366,21.03168],[-97.34033,21.0294],[-97.34056,21.02091],[-97.35171,21.04213],[-97.34928,21.05034],[-97.3591,21.08056],[-97.36484,21.08267],[-97.35008,21.05241],[-97.35237,21.04445],[-97.37045,21.0835],[-97.37908,21.0841],[-97.37967,21.09337],[-97.38569,21.09497],[-97.38646,21.09936],[-97.39469,21.09995],[-97.39836,21.08969],[-97.40772,21.08668],[-97.40311,21.08188],[-97.38994,21.08201],[-97.38689,21.08481],[-97.38153,21.07344],[-97.39134,21.06671],[-97.38606,21.07361],[-97.38971,21.07789],[-97.39958,21.07863],[-97.3983,21.07038],[-97.40262,21.06321],[-97.38989,21.05236],[-97.39398,21.05103],[-97.3939,21.04588],[-97.39806,21.04128],[-97.39883,21.04567],[-97.40324,21.04378],[-97.40081,21.04015],[-97.39123,21.03916],[-97.36713,20.99851],[-97.36209,20.99486],[-97.36176,20.98816],[-97.35249,20.98318],[-97.3562,20.98193],[-97.35379,20.97727],[-97.34433,20.9777],[-97.34205,20.97291],[-97.32594,20.96722],[-97.32675,20.96461],[-97.36044,20.94516],[-97.37556,20.94144],[-97.41133,20.95285],[-97.41852,20.94674],[-97.41405,20.92893],[-97.4364,20.91421],[-97.45858,20.91544],[-97.46985,20.91168],[-97.46474,20.9294],[-97.46646,20.9361],[-97.47614,20.94005],[-97.49403,20.93223],[-97.49363,20.91781],[-97.49686,20.9096],[-97.50305,20.90785],[-97.50604,20.90942],[-97.506,20.91431],[-97.49792,20.92737],[-97.49815,20.93175],[-97.50004,20.9346],[-97.51813,20.9345],[-97.51975,20.93632],[-97.51532,20.94117],[-97.5169,20.94814],[-97.52861,20.95557],[-97.56948,20.95219],[-97.57638,20.94684],[-97.5771,20.94376],[-97.57042,20.93932],[-97.57429,20.93652],[-97.57383,20.92648],[-97.56017,20.92225],[-97.56405,20.91803],[-97.56757,20.92192],[-97.57305,20.9221],[-97.57969,20.9152],[-97.57612,20.9023],[-97.58091,20.90234],[-97.58794,20.91205],[-97.59757,20.90827],[-97.60138,20.91049],[-97.59838,20.92462],[-97.60588,20.92855],[-97.62398,20.92663],[-97.62188,20.91658],[-97.626,20.91571],[-97.63525,20.9226],[-97.64319,20.92293],[-97.64626,20.91677],[-97.65739,20.92708],[-97.65635,20.92264],[-97.64682,20.91562],[-97.63717,20.92198],[-97.63174,20.9164],[-97.62354,20.91492],[-97.61992,20.92068],[-97.62343,20.92637],[-97.60974,20.92562],[-97.6014,20.9092],[-97.59785,20.90711],[-97.58713,20.91063],[-97.58093,20.90079],[-97.57654,20.90063],[-97.57527,20.90512],[-97.57903,20.91339],[-97.57583,20.918],[-97.55882,20.91992],[-97.56015,20.92431],[-97.57278,20.92694],[-97.57294,20.9342],[-97.56906,20.93828],[-97.57571,20.9458],[-97.56729,20.95127],[-97.53109,20.95392],[-97.52126,20.94998],[-97.51717,20.9438],[-97.52169,20.93402],[-97.50029,20.93207],[-97.5004,20.92637],[-97.509,20.91537],[-97.50497,20.90684],[-97.49702,20.90741],[-97.49341,20.9124],[-97.49212,20.9317],[-97.47151,20.93795],[-97.4669,20.93276],[-97.46691,20.9268],[-97.47198,20.91787],[-97.47207,20.90964],[-97.45532,20.91309],[-97.43944,20.9114],[-97.41175,20.92659],[-97.41274,20.94951],[-97.39606,20.94575],[-97.38571,20.93974],[-97.36818,20.93905],[-97.32936,20.96009],[-97.31722,20.96302],[-97.31478,20.96016],[-97.31988,20.95764],[-97.32617,20.9465],[-97.30613,20.94978],[-97.29986,20.94688],[-97.30419,20.96392],[-97.26173,20.87905],[-97.22954,20.83264],[-97.22379,20.80967],[-97.20435,20.77446],[-97.20463,20.76262],[-97.19342,20.73856],[-97.20301,20.72631],[-97.20445,20.74331],[-97.21045,20.74453],[-97.23796,20.7322],[-97.2513,20.73826],[-97.25817,20.73588],[-97.26338,20.72306],[-97.23838,20.70839],[-97.24277,20.69531],[-97.24635,20.69316],[-97.25614,20.69776],[-97.27393,20.72163],[-97.28651,20.72201],[-97.28405,20.70963],[-97.28809,20.70387],[-97.29815,20.70874],[-97.29975,20.71313],[-97.30605,20.71255],[-97.31681,20.70403],[-97.32392,20.70448],[-97.33043,20.69695],[-97.32671,20.68713],[-97.32934,20.68446],[-97.34264,20.6936],[-97.34956,20.68658],[-97.35557,20.68741],[-97.35932,20.69466],[-97.37361,20.6931],[-97.37484,20.6894],[-97.36661,20.67825],[-97.3773,20.67603],[-97.37652,20.67268],[-97.37093,20.66896],[-97.37132,20.67263],[-97.37649,20.67551],[-97.36552,20.67772],[-97.37092,20.68607],[-97.37083,20.69335],[-97.36015,20.69363],[-97.35613,20.68639],[-97.35094,20.68569],[-97.34019,20.69241],[-97.33615,20.68684],[-97.32689,20.68366],[-97.32961,20.69746],[-97.32448,20.7032],[-97.31737,20.70313],[-97.3003,20.71262],[-97.29817,20.70771],[-97.28563,20.70295],[-97.28266,20.71167],[-97.28433,20.72186],[-97.27395,20.72008],[-97.25318,20.69387],[-97.24265,20.69376],[-97.23728,20.70864],[-97.26189,20.72202],[-97.25778,20.73433],[-97.24941,20.73631],[-97.24045,20.7303],[-97.22036,20.74026],[-97.20665,20.74269],[-97.20576,20.7253],[-97.19569,20.72018],[-97.19453,20.70279],[-97.18167,20.67039],[-97.14647,20.61656],[-97.14638,20.61257],[-97.14282,20.61304],[-97.13216,20.60147],[-97.13336,20.5987],[-97.14271,20.5994],[-97.14574,20.59524],[-97.15117,20.59487],[-97.13808,20.59806],[-97.13352,20.59093],[-97.13735,20.59046],[-97.13921,20.58353],[-97.13407,20.5903],[-97.1333,20.58655],[-97.12946,20.58793],[-97.12162,20.58051],[-97.12343,20.58902],[-97.13301,20.59591],[-97.13143,20.59992],[-97.09992,20.56637],[-97.10014,20.56045],[-97.09539,20.55757],[-97.09791,20.55232],[-97.10312,20.55122],[-97.10402,20.54453],[-97.1081,20.54599],[-97.11101,20.54255],[-97.10398,20.53655],[-97.10276,20.52521],[-97.09899,20.52581],[-97.10068,20.52751],[-97.09805,20.53031],[-97.10142,20.53382],[-97.09486,20.53388],[-97.09283,20.54325],[-97.08789,20.54539],[-97.08997,20.55365],[-97.09809,20.55966],[-97.099,20.56404],[-97.09519,20.5622],[-97.04541,20.51171],[-97.05143,20.51113],[-97.05494,20.51451],[-97.05249,20.50621],[-97.0433,20.50576],[-97.0419,20.50819],[-97.00184,20.47599],[-97.03196,20.47333],[-97.04896,20.46863],[-97.062,20.47379],[-97.06356,20.4805],[-97.07259,20.47932],[-97.08037,20.46833],[-97.08921,20.41643],[-97.09711,20.41806],[-97.09788,20.42193],[-97.11821,20.42344],[-97.12022,20.43736],[-97.12872,20.44582],[-97.13831,20.44361],[-97.14742,20.43508],[-97.1501,20.43949],[-97.16047,20.43998],[-97.16311,20.43628],[-97.16159,20.42648],[-97.16477,20.42329],[-97.16994,20.42451],[-97.17002,20.4415],[-97.17813,20.44783],[-97.18769,20.44786],[-97.19363,20.45436],[-97.20292,20.45343],[-97.2085,20.4437],[-97.21782,20.44045],[-97.22426,20.42739],[-97.23459,20.41951],[-97.23685,20.41258],[-97.23262,20.40044],[-97.25244,20.39807],[-97.2521,20.3924],[-97.24107,20.37761],[-97.24139,20.37376],[-97.25483,20.35535],[-97.27326,20.34344],[-97.27111,20.32797],[-97.2853,20.31524],[-97.29912,20.28757],[-97.31224,20.27276],[-97.3289,20.27048],[-97.35283,20.25217],[-97.36296,20.24891],[-97.39127,20.2551],[-97.39906,20.24036],[-97.40759,20.23259],[-97.4157,20.24026],[-97.42679,20.24408],[-97.43669,20.24135],[-97.45155,20.2559],[-97.4603,20.25443],[-97.46258,20.2587],[-97.46531,20.25795],[-97.45896,20.2521],[-97.45143,20.255],[-97.44701,20.24672],[-97.43752,20.2402],[-97.43837,20.23789],[-97.45733,20.23754],[-97.46133,20.23243],[-97.4657,20.21882],[-97.46288,20.19134],[-97.46458,20.22188],[-97.45695,20.23509],[-97.43428,20.23772],[-97.42537,20.24215],[-97.40951,20.23209],[-97.40514,20.23244],[-97.39353,20.2438],[-97.39101,20.25355],[-97.36488,20.2479],[-97.35505,20.2491],[-97.33419,20.261],[-97.32947,20.26855],[-97.32072,20.27014],[-97.31611,20.26752],[-97.31062,20.27043],[-97.29306,20.2924],[-97.29158,20.3032],[-97.27047,20.32359],[-97.26835,20.33026],[-97.27162,20.34316],[-97.25643,20.34662],[-97.24072,20.37195],[-97.24025,20.37812],[-97.24989,20.39418],[-97.24507,20.39812],[-97.23416,20.39698],[-97.23097,20.40145],[-97.2349,20.41642],[-97.20635,20.44098],[-97.2017,20.44131],[-97.19938,20.453],[-97.17234,20.44152],[-97.1717,20.42581],[-97.16834,20.42179],[-97.16024,20.42569],[-97.15994,20.43869],[-97.15611,20.43968],[-97.14798,20.43393],[-97.13448,20.44382],[-97.12656,20.44361],[-97.11837,20.421],[-97.09981,20.42015],[-97.09199,20.41273],[-97.0841,20.42127],[-97.07801,20.46084],[-97.07495,20.46493],[-97.04354,20.46548],[-97.02052,20.47114],[-97.02058,20.46612],[-97.01679,20.46376],[-97.02022,20.46704],[-97.01017,20.46857],[-97.0089,20.46161],[-96.99317,20.45242],[-96.98838,20.44284],[-96.97845,20.44041],[-96.98079,20.43863],[-96.97716,20.43473],[-96.97619,20.41464],[-96.97836,20.41557],[-96.98035,20.40954],[-96.98744,20.41014],[-96.98775,20.40757],[-96.98067,20.40607],[-96.96639,20.42302],[-96.97764,20.43963],[-96.99129,20.45008],[-96.9911,20.45445],[-97.00114,20.47002],[-97.00687,20.47021],[-96.99306,20.47172],[-96.97973,20.4569],[-96.95312,20.41437],[-96.93268,20.39096],[-96.7868,20.24529],[-96.78589,20.24193],[-96.78995,20.24379],[-96.79584,20.2521],[-96.80643,20.2548],[-96.80393,20.25799],[-96.80966,20.25793],[-96.81584,20.26457],[-96.82488,20.26185],[-96.83277,20.26375],[-96.83883,20.2592],[-96.84774,20.26561],[-96.85437,20.27934],[-96.87222,20.27937],[-96.85493,20.27844],[-96.85084,20.26822],[-96.83884,20.25817],[-96.83348,20.26284],[-96.82408,20.26081],[-96.81777,20.26331],[-96.81754,20.26061],[-96.82592,20.25582],[-96.81444,20.26048],[-96.81378,20.25618],[-96.80901,20.25561],[-96.81928,20.25316],[-96.82111,20.24907],[-96.81506,20.24268],[-96.8169,20.24045],[-96.80767,20.24427],[-96.80734,20.23911],[-96.80209,20.23429],[-96.79988,20.2358],[-96.80395,20.23753],[-96.80578,20.24296],[-96.79651,20.24593],[-96.8116,20.24663],[-96.81277,20.25064],[-96.80321,20.25129],[-96.79549,20.24772],[-96.77858,20.22846],[-96.78026,20.21153],[-96.77645,20.2153],[-96.77511,20.22352],[-96.7851,20.23961],[-96.78124,20.2396],[-96.77368,20.22762],[-96.71413,20.16972],[-96.69531,20.1427],[-96.61951,20.05522],[-96.6197,20.05188],[-96.63207,20.04406],[-96.639,20.05419],[-96.64418,20.05349],[-96.65959,20.07094],[-96.66675,20.07464],[-96.67609,20.08789],[-96.6896,20.09514],[-96.69468,20.09251],[-96.69297,20.08849],[-96.67848,20.08251],[-96.68182,20.07793],[-96.66622,20.06434],[-96.66733,20.05393],[-96.65988,20.05087],[-96.65872,20.04648],[-96.64516,20.04904],[-96.64011,20.05292],[-96.63639,20.04644],[-96.62854,20.04324],[-96.6175,20.05313],[-96.61215,20.04663],[-96.61119,20.03825],[-96.60813,20.04245],[-96.60493,20.03752],[-96.6084,20.03371],[-96.60688,20.02597],[-96.60734,20.03163],[-96.60332,20.03621],[-96.57574,20.00547],[-96.5734,19.98948],[-96.5611,19.96589],[-96.52636,19.9247],[-96.52923,19.92206],[-96.52528,19.92396],[-96.48745,19.88122],[-96.45107,19.85111],[-96.44724,19.84436],[-96.44719,19.82995],[-96.43354,19.7999],[-96.4235,19.78972],[-96.42385,19.7766],[-96.40681,19.74573],[-96.40635,19.73234],[-96.40105,19.72429],[-96.40706,19.70531],[-96.4092,19.71591],[-96.41302,19.71506],[-96.39485,19.6789],[-96.39778,19.67431],[-96.39661,19.64573],[-96.37207,19.60162],[-96.37856,19.59451],[-96.3759,19.56617],[-96.36064,19.53635],[-96.3314,19.49886],[-96.33177,19.49412],[-96.33737,19.49015],[-96.34497,19.49041],[-96.33765,19.48956],[-96.33048,19.49679],[-96.31377,19.48136],[-96.30864,19.46378],[-96.31941,19.45236],[-96.32282,19.41793],[-96.33704,19.41106],[-96.32505,19.41423],[-96.32262,19.41355],[-96.32332,19.40877],[-96.32059,19.41301],[-96.30661,19.37291],[-96.31089,19.35959],[-96.30604,19.34177],[-96.28739,19.31344],[-96.28663,19.31021],[-96.29478,19.30905],[-96.30907,19.31363],[-96.29724,19.30792],[-96.27992,19.30651],[-96.25321,19.28282],[-96.22222,19.26521],[-96.22475,19.26271],[-96.21991,19.26443],[-96.1962,19.25686],[-96.18899,19.25032],[-96.18114,19.25007],[-96.17444,19.23787],[-96.17461,19.22784],[-96.16596,19.21896],[-96.15708,19.21548],[-96.15433,19.21788],[-96.12753,19.21694],[-96.12286,19.21288],[-96.12363,19.20749],[-96.12758,19.20627],[-96.13517,19.21385],[-96.13951,19.2134],[-96.13592,19.20177],[-96.13238,19.20287],[-96.12764,19.19495],[-96.12386,19.19424],[-96.12184,19.18585],[-96.12396,19.18099],[-96.11843,19.17164],[-96.10594,19.16604],[-96.09279,19.15143],[-96.1001,19.14382],[-96.1051,19.12872],[-96.09782,19.10377],[-96.1113,19.0994],[-96.11778,19.09238],[-96.14129,19.09455],[-96.14372,19.07915],[-96.13227,19.07588],[-96.13141,19.06989],[-96.14175,19.06805],[-96.14288,19.05726],[-96.13982,19.05786],[-96.14246,19.05803],[-96.14054,19.06752],[-96.13076,19.06968],[-96.13212,19.07691],[-96.14368,19.0812],[-96.13965,19.08757],[-96.14035,19.09428],[-96.11807,19.09123],[-96.10658,19.09851],[-96.10198,19.09831],[-96.07591,19.07242],[-96.05659,19.06272],[-96.01775,19.05592],[-95.98275,19.06316],[-95.97258,19.05647],[-95.96038,18.96378],[-95.95188,18.94153],[-95.94132,18.92548],[-95.94325,18.91207],[-95.93096,18.88962],[-95.90111,18.85922],[-95.86718,18.83478],[-95.79559,18.8037],[-95.75244,18.79225],[-95.75504,18.76957],[-95.75141,18.77065],[-95.74294,18.79007],[-95.72234,18.76927],[-95.67415,18.74552],[-95.6269,18.7301],[-95.56974,18.71906],[-95.45779,18.71104],[-95.3519,18.71085],[-95.28928,18.71459],[-95.27298,18.70784],[-95.24617,18.7034],[-95.24431,18.70574],[-95.2232,18.7029],[-95.19917,18.70395],[-95.19486,18.70452],[-95.19222,18.70957],[-95.18219,18.70673],[-95.1836,18.70066],[-95.17933,18.69453],[-95.16626,18.68619],[-95.14647,18.68075],[-95.14097,18.67296],[-95.13028,18.6709],[-95.1274,18.65703],[-95.12099,18.65182],[-95.09793,18.64372],[-95.09148,18.64585],[-95.07995,18.64134],[-95.08144,18.63128],[-95.07392,18.62287],[-95.06237,18.61708],[-95.05863,18.60939],[-95.06063,18.60706],[-95.05473,18.59952],[-95.04973,18.59944],[-95.05202,18.58681],[-95.04421,18.57737],[-94.99377,18.55847],[-94.99724,18.55457],[-95.01022,18.55675],[-95.01814,18.55293],[-95.01563,18.53455],[-95.02914,18.5357],[-95.03639,18.53317],[-95.03389,18.51543],[-95.02962,18.50801],[-95.01331,18.50948],[-95.01673,18.51317],[-95.02428,18.51322],[-95.01825,18.51612],[-95.02034,18.52227],[-95.01025,18.5135],[-95.00772,18.51597],[-95.02146,18.52535],[-95.01488,18.528],[-95.01452,18.53186],[-95.00589,18.5326],[-95.00932,18.52638],[-94.9993,18.52288],[-94.99419,18.52461],[-94.9959,18.53257],[-95.00705,18.53941],[-95.01458,18.5486],[-95.01208,18.55416],[-94.99098,18.55078],[-94.9862,18.55714],[-94.97513,18.55751],[-94.96022,18.55174],[-94.93346,18.54829],[-94.87408,18.54876],[-94.86161,18.54463],[-94.84408,18.5457],[-94.81212,18.53571],[-94.80771,18.52752],[-94.79932,18.52502],[-94.78709,18.50428],[-94.77907,18.47191],[-94.77412,18.46295],[-94.77426,18.45033],[-94.74305,18.41895],[-94.74472,18.41121],[-94.73522,18.39147],[-94.72336,18.37819],[-94.69216,18.36005],[-94.66498,18.33738],[-94.66347,18.33469],[-94.66639,18.33028],[-94.65827,18.31233],[-94.62326,18.28739],[-94.62735,18.27809],[-94.6233,18.24825],[-94.60699,18.20358],[-94.59741,18.19332],[-94.59974,18.19219],[-94.60464,18.19742],[-94.61747,18.21611],[-94.62746,18.21783],[-94.63305,18.21057],[-94.64244,18.20586],[-94.64889,18.18983],[-94.646,18.16874],[-94.6414,18.16724],[-94.64097,18.17831],[-94.63667,18.17912],[-94.63457,18.1709],[-94.63232,18.17581],[-94.62346,18.1643],[-94.61671,18.16255],[-94.62291,18.17692],[-94.62521,18.19313],[-94.6297,18.19785],[-94.62388,18.20975],[-94.6193,18.20901],[-94.61335,18.20713],[-94.60663,18.19431],[-94.60008,18.18956],[-94.59077,18.18857],[-94.56399,18.17123],[-94.52642,18.15724],[-94.48408,18.15088],[-94.44665,18.15271],[-94.4176,18.15782],[-94.41037,18.14718],[-94.42214,18.1207],[-94.41593,18.11804],[-94.40855,18.13831],[-94.40723,18.1248],[-94.3998,18.12254],[-94.39014,18.12608],[-94.38922,18.12931],[-94.39289,18.1334],[-94.40434,18.13435],[-94.4077,18.15055],[-94.40491,18.15456],[-94.40778,18.15982],[-94.37183,18.16163],[-94.32689,18.16902],[-94.13427,18.21353],[-94.13103,18.21264],[-94.13183,18.21006],[-94.14108,18.20357],[-94.13737,18.19303],[-94.13836,18.19946],[-94.13215,18.19693],[-94.13419,18.1794],[-94.13008,18.16886],[-94.11994,18.16416],[-94.1103,18.17259],[-94.10491,18.173],[-94.0988,18.16415],[-94.09739,18.15566],[-94.10263,18.13194],[-94.09929,18.11444],[-94.08535,18.10344],[-94.08195,18.09702],[-94.08393,18.0916],[-94.09762,18.08303],[-94.09799,18.07787],[-94.07633,18.05919],[-94.07688,18.04696],[-94.0731,18.05973],[-94.09541,18.07557],[-94.09666,18.08123],[-94.08218,18.09058],[-94.08059,18.09471],[-94.0832,18.10371],[-94.09578,18.11317],[-94.09964,18.12654],[-94.0972,18.14613],[-94.09007,18.14798],[-94.09423,18.16701],[-94.10007,18.17393],[-94.10655,18.17583],[-94.12238,18.1662],[-94.1279,18.17057],[-94.12774,18.1815],[-94.11951,18.18],[-94.11658,18.1862],[-94.11959,18.19288],[-94.10714,18.18458],[-94.09184,18.19433],[-94.09838,18.20588],[-94.08952,18.21095],[-94.06587,18.19988],[-94.05866,18.1882],[-94.05459,18.18983],[-94.04895,18.18658],[-94.04774,18.1889],[-94.05625,18.19066],[-94.05414,18.19814],[-94.06412,18.19989],[-94.08683,18.21148],[-94.09946,18.20613],[-94.09657,18.19636],[-94.12309,18.19324],[-94.12867,18.20184],[-94.12796,18.21575],[-93.85225,18.29998],[-93.85089,18.29832],[-93.87483,18.28649],[-93.89282,18.27108],[-93.88621,18.27034],[-93.88828,18.25333],[-93.88041,18.24358],[-93.8727,18.2382],[-93.85302,18.23701],[-93.86605,18.22845],[-93.86613,18.21801],[-93.86237,18.22074],[-93.86293,18.22421],[-93.85082,18.22736],[-93.84808,18.21848],[-93.84081,18.21993],[-93.83024,18.208],[-93.82027,18.2092],[-93.81676,18.20664],[-93.81381,18.21],[-93.79064,18.21126],[-93.7943,18.21665],[-93.78357,18.22726],[-93.77898,18.22702],[-93.77619,18.23566],[-93.78182,18.22932],[-93.78506,18.23034],[-93.78176,18.24529],[-93.77222,18.25203],[-93.77305,18.25718],[-93.78006,18.25663],[-93.75692,18.26793],[-93.74829,18.26745],[-93.74315,18.26219],[-93.73154,18.25837],[-93.73193,18.25554],[-93.73937,18.26143],[-93.7426,18.26065],[-93.73782,18.24495],[-93.72232,18.24566],[-93.71975,18.2427],[-93.72079,18.23523],[-93.71742,18.23499],[-93.71731,18.23962],[-93.70152,18.23453],[-93.70086,18.23865],[-93.71146,18.26025],[-93.71012,18.26283],[-93.71566,18.26513],[-93.71866,18.27284],[-93.72879,18.2777],[-93.72395,18.28107],[-93.72792,18.29548],[-93.73303,18.29237],[-93.73355,18.28695],[-93.74274,18.29259],[-93.74365,18.28486],[-93.74621,18.28433],[-93.74479,18.30031],[-93.75416,18.31456],[-93.74688,18.31446],[-93.74204,18.31899],[-93.73772,18.31785],[-93.74579,18.3137],[-93.74941,18.30801],[-93.73198,18.29945],[-93.72714,18.30179],[-93.71904,18.30027],[-93.70881,18.30521],[-93.70259,18.30047],[-93.70945,18.29632],[-93.70795,18.2913],[-93.70162,18.29326],[-93.70173,18.28669],[-93.69742,18.28812],[-93.69959,18.29146],[-93.69623,18.29482],[-93.7145,18.31047],[-93.71721,18.31355],[-93.71505,18.31471],[-93.70317,18.30974],[-93.69977,18.30202],[-93.68895,18.29511],[-93.68311,18.28405],[-93.67355,18.28589],[-93.67546,18.29232],[-93.66968,18.29633],[-93.6705,18.30007],[-93.65861,18.29444],[-93.65863,18.29895],[-93.65324,18.3009],[-93.65377,18.29703],[-93.65053,18.29524],[-93.65091,18.30056],[-93.64355,18.30351],[-93.64162,18.29424],[-93.63677,18.2949],[-93.62687,18.27909],[-93.62408,18.2885],[-93.61651,18.28402],[-93.6141,18.28944],[-93.60763,18.28997],[-93.61086,18.28764],[-93.61164,18.28017],[-93.61999,18.27757],[-93.6212,18.27473],[-93.61674,18.27307],[-93.60732,18.27838],[-93.60169,18.28638],[-93.59401,18.28898],[-93.59984,18.29785],[-93.60416,18.29926],[-93.60228,18.30248],[-93.59553,18.29877],[-93.60446,18.30673],[-93.59232,18.30638],[-93.58893,18.29956],[-93.57949,18.30165],[-93.57592,18.32047],[-93.57809,18.32613],[-93.56055,18.32283],[-93.55436,18.32748],[-93.55601,18.33521],[-93.54514,18.35327],[-93.53732,18.35355],[-93.54418,18.34967],[-93.53931,18.34298],[-93.5373,18.34814],[-93.5315,18.34854],[-93.53108,18.34378],[-93.51746,18.34407],[-93.51825,18.33815],[-93.52297,18.3371],[-93.51577,18.33446],[-93.51513,18.33146],[-93.50786,18.33431],[-93.50041,18.32531],[-93.49583,18.32636],[-93.49665,18.32983],[-93.49233,18.32894],[-93.48898,18.33616],[-93.49436,18.3443],[-93.48982,18.34621],[-93.48562,18.33862],[-93.48694,18.32805],[-93.47778,18.33387],[-93.48239,18.3421],[-93.47521,18.34564],[-93.45811,18.33972],[-93.44719,18.34348],[-93.44664,18.33962],[-93.44192,18.33795],[-93.43885,18.34994],[-93.43561,18.35123],[-93.43873,18.35715],[-93.44277,18.35431],[-93.44817,18.35687],[-93.45119,18.37631],[-93.44605,18.37091],[-93.44427,18.36203],[-93.43618,18.35973],[-93.43265,18.35175],[-93.42861,18.35537],[-93.42416,18.35358],[-93.42337,18.36298],[-93.42013,18.36234],[-93.41758,18.3675],[-93.42042,18.36891],[-93.41287,18.37202],[-93.41544,18.37652],[-93.41033,18.3804],[-93.40292,18.38518],[-93.4021,18.3799],[-93.38996,18.38224],[-93.38796,18.38997],[-93.39458,18.39756],[-93.39433,18.40567],[-93.41567,18.4131],[-93.40246,18.41918],[-93.39139,18.41946],[-93.38274,18.41226],[-93.37087,18.41229],[-93.36694,18.40418],[-93.35979,18.40626],[-93.35765,18.41141],[-93.36954,18.42324],[-93.35929,18.42287],[-93.35322,18.4261],[-93.35281,18.42147],[-93.3212,18.40491],[-93.31917,18.40697],[-93.32176,18.41165],[-93.31717,18.41045],[-93.31392,18.4035],[-93.30743,18.40029],[-93.3058,18.39412],[-93.28233,18.39338],[-93.26721,18.38902],[-93.24887,18.39368],[-93.24712,18.39819],[-93.25698,18.40127],[-93.25833,18.40513],[-93.25753,18.40797],[-93.25429,18.40552],[-93.25268,18.41493],[-93.24284,18.41778],[-93.25255,18.41751],[-93.25215,18.42163],[-93.25674,18.42471],[-93.26699,18.42096],[-93.26848,18.42418],[-93.27401,18.42507],[-93.2929,18.42208],[-93.28563,18.43317],[-93.31316,18.43377],[-93.31161,18.42248],[-93.3153,18.42179],[-93.31544,18.42746],[-93.32044,18.43144],[-93.32367,18.42435],[-93.34796,18.42521],[-93.35498,18.42932],[-93.35902,18.4248],[-93.40436,18.42407],[-93.40479,18.42027],[-93.41421,18.41735],[-93.42587,18.42103],[-93.42672,18.42408],[-93.42138,18.43047],[-93.3979,18.43336],[-93.21682,18.44138],[-93.20359,18.43817],[-93.19442,18.44114],[-93.19441,18.4329],[-93.1847,18.43342],[-93.18416,18.43768],[-93.19064,18.43767],[-93.18929,18.44257],[-93.16284,18.44207],[-93.17415,18.41553],[-93.17901,18.41463],[-93.18306,18.41771],[-93.18306,18.41488],[-93.17415,18.41386],[-93.16324,18.43486],[-93.15447,18.42856],[-93.15932,18.42946],[-93.16742,18.42404],[-93.16606,18.42211],[-93.15338,18.42328],[-93.15959,18.4207],[-93.16283,18.42276],[-93.16512,18.41992],[-93.16161,18.4158],[-93.17091,18.41296],[-93.18196,18.39904],[-93.18844,18.3971],[-93.19842,18.40083],[-93.19909,18.3967],[-93.19032,18.39311],[-93.18923,18.38448],[-93.19841,18.39039],[-93.20407,18.3864],[-93.20231,18.37584],[-93.19057,18.37301],[-93.1915,18.36529],[-93.18557,18.36581],[-93.18327,18.36079],[-93.17599,18.36041],[-93.16883,18.35552],[-93.16707,18.34882],[-93.17273,18.34135],[-93.16976,18.34122],[-93.16436,18.33195],[-93.15735,18.33054],[-93.15357,18.33608],[-93.14764,18.33467],[-93.14104,18.34318],[-93.1374,18.3437],[-93.13281,18.33842],[-93.12768,18.34061],[-93.12714,18.33804],[-93.13388,18.3352],[-93.12754,18.33005],[-93.11608,18.32838],[-93.11015,18.33534],[-93.10044,18.33754],[-93.09856,18.35209],[-93.09451,18.35274],[-93.09376,18.35977],[-93.09101,18.35944],[-93.09195,18.34939],[-93.08371,18.33845],[-93.07805,18.34012],[-93.07752,18.34914],[-93.07239,18.35944],[-93.07523,18.36537],[-93.06633,18.37413],[-93.06647,18.3825],[-93.06264,18.38142],[-93.06648,18.40452],[-93.0627,18.40594],[-93.06351,18.41032],[-93.05272,18.41071],[-93.05245,18.41329],[-93.07916,18.41534],[-93.08969,18.41997],[-93.11641,18.42382],[-93.12235,18.42124],[-93.12099,18.41596],[-93.12383,18.41686],[-93.12612,18.42291],[-93.12761,18.42098],[-93.13233,18.42407],[-93.13355,18.42793],[-93.12627,18.43],[-93.13505,18.4421],[-93.0951,18.44354],[-93.0816,18.43041],[-93.087,18.42989],[-93.08754,18.43491],[-93.09132,18.43568],[-93.09361,18.43053],[-93.09077,18.42783],[-93.06082,18.42166],[-93.05839,18.42436],[-93.04813,18.42424],[-93.03113,18.41677],[-93.02897,18.42063],[-93.01872,18.42141],[-92.99308,18.4066],[-92.99248,18.40238],[-92.99146,18.40505],[-92.97824,18.39951],[-92.97122,18.4008],[-92.94667,18.39294],[-92.9412,18.38711],[-92.94478,18.39371],[-92.95342,18.39706],[-92.97095,18.40325],[-92.98526,18.40299],[-93.01953,18.42437],[-93.03518,18.42063],[-93.04625,18.42707],[-93.06729,18.42578],[-93.08673,18.4371],[-93.08916,18.44212],[-93.0422,18.43171],[-92.98768,18.43223],[-92.91751,18.43891],[-92.86784,18.45227],[-92.81923,18.47297],[-92.78357,18.49599],[-92.74518,18.53136],[-92.71514,18.57188],[-92.70677,18.57238],[-92.6853,18.57016],[-92.68531,18.56578],[-92.66,18.52324],[-92.65842,18.50572],[-92.66229,18.46091],[-92.64937,18.43899],[-92.65081,18.39726],[-92.66042,18.38079],[-92.67123,18.36974],[-92.67219,18.36381],[-92.66613,18.35466],[-92.65415,18.34652],[-92.65564,18.34112],[-92.66686,18.33006],[-92.67093,18.31461],[-92.66623,18.30468],[-92.65667,18.29887],[-92.65481,18.28547],[-92.65738,18.28174],[-92.66817,18.27829],[-92.6686,18.26335],[-92.67374,18.25331],[-92.66756,18.24145],[-92.67095,18.2336],[-92.6688,18.22896],[-92.6591,18.22533],[-92.65844,18.2216],[-92.66548,18.20409],[-92.67316,18.20295],[-92.67801,18.20566],[-92.67911,18.1951],[-92.67291,18.19522],[-92.66524,18.19018],[-92.66772,18.18418],[-92.66337,18.17936],[-92.66192,18.16249],[-92.65356,18.16647],[-92.65609,18.18244],[-92.65072,18.17007],[-92.64856,18.17135],[-92.65849,18.19455],[-92.66401,18.1983],[-92.65817,18.21825],[-92.63137,18.21253],[-92.63004,18.20068],[-92.64245,18.19658],[-92.63383,18.19554],[-92.63425,18.18858],[-92.62214,18.18032],[-92.6231,18.17001],[-92.62849,18.17041],[-92.62675,18.16616],[-92.62189,18.16924],[-92.62079,18.17954],[-92.62386,18.19114],[-92.62008,18.19499],[-92.58979,18.1818],[-92.59506,18.17665],[-92.59507,18.17099],[-92.58109,18.15705],[-92.57621,18.16953],[-92.55951,18.17039],[-92.5544,18.1642],[-92.53822,18.16764],[-92.53648,18.1639],[-92.53975,18.14974],[-92.52657,18.14301],[-92.53213,18.1286],[-92.54076,18.12592],[-92.54773,18.13894],[-92.55446,18.14115],[-92.55635,18.13832],[-92.58734,18.13568],[-92.58575,18.12718],[-92.56606,18.13422],[-92.54976,18.13431],[-92.55091,18.10546],[-92.54797,18.09695],[-92.5333,18.09267],[-92.52064,18.09521],[-92.51204,18.08798],[-92.51041,18.09171],[-92.52063,18.09624],[-92.51955,18.10023],[-92.53141,18.09653],[-92.54433,18.10004],[-92.54863,18.10494],[-92.5459,18.11859],[-92.53323,18.11856],[-92.53643,18.12355],[-92.53105,18.1286],[-92.52244,18.12484],[-92.52163,18.12754],[-92.53024,18.12911],[-92.5253,18.1429],[-92.52831,18.14765],[-92.53431,18.14769],[-92.53582,18.16131],[-92.5172,18.17016],[-92.51559,18.16707],[-92.50195,18.16547],[-92.50252,18.16802],[-92.49511,18.16895],[-92.48622,18.16635],[-92.48567,18.1697],[-92.4788,18.17271],[-92.49134,18.16726],[-92.49591,18.17037],[-92.51438,18.16752],[-92.51688,18.17086],[-92.53393,18.16196],[-92.53795,18.16867],[-92.55413,18.16536],[-92.55923,18.17117],[-92.57648,18.1703],[-92.58055,18.16117],[-92.58674,18.16298],[-92.59291,18.17291],[-92.58873,18.17819],[-92.58939,18.18282],[-92.59935,18.18658],[-92.60715,18.19175],[-92.60391,18.19496],[-92.6128,18.19807],[-92.63221,18.19373],[-92.62881,18.20995],[-92.63459,18.21615],[-92.6451,18.21797],[-92.64617,18.22209],[-92.63944,18.21989],[-92.63188,18.22219],[-92.62621,18.2303],[-92.61866,18.23157],[-92.62001,18.22681],[-92.61571,18.22396],[-92.6006,18.22754],[-92.58552,18.2239],[-92.57269,18.23276],[-92.57363,18.23521],[-92.58605,18.2288],[-92.60114,18.23037],[-92.61247,18.22447],[-92.61866,18.22745],[-92.61811,18.23286],[-92.6262,18.233],[-92.61138,18.23207],[-92.60826,18.24108],[-92.62643,18.25284],[-92.64799,18.25391],[-92.66525,18.25072],[-92.6681,18.24557],[-92.67078,18.2497],[-92.66601,18.27841],[-92.65738,18.27994],[-92.65318,18.28831],[-92.65451,18.29861],[-92.66649,18.30739],[-92.66904,18.31821],[-92.66375,18.33134],[-92.65308,18.34137],[-92.65253,18.34626],[-92.66586,18.3571],[-92.67056,18.36536],[-92.65001,18.39185],[-92.64142,18.3702],[-92.64392,18.33465],[-92.63856,18.31919],[-92.63238,18.30836],[-92.6107,18.29492],[-92.63008,18.30835],[-92.63694,18.31713],[-92.64364,18.34032],[-92.64061,18.3702],[-92.64811,18.39442],[-92.62019,18.39398],[-92.607,18.38146],[-92.59566,18.38363],[-92.59186,18.39302],[-92.58781,18.39469],[-92.56166,18.38497],[-92.55657,18.37324],[-92.55239,18.3713],[-92.55645,18.36435],[-92.55391,18.35533],[-92.54571,18.34758],[-92.54478,18.33921],[-92.52453,18.34702],[-92.52598,18.3617],[-92.52287,18.36285],[-92.49245,18.33972],[-92.48964,18.33482],[-92.50127,18.32249],[-92.5021,18.31631],[-92.49766,18.3114],[-92.44994,18.30599],[-92.43001,18.29872],[-92.41786,18.30332],[-92.39553,18.28998],[-92.36923,18.2917],[-92.35458,18.28019],[-92.34059,18.28194],[-92.34054,18.28516],[-92.3543,18.28199],[-92.36828,18.29427],[-92.39713,18.29334],[-92.41758,18.30615],[-92.42812,18.30154],[-92.44967,18.30882],[-92.49415,18.31358],[-92.49873,18.31578],[-92.49898,18.32299],[-92.48721,18.33455],[-92.49352,18.34436],[-92.5226,18.36491],[-92.52814,18.36068],[-92.52615,18.34882],[-92.54505,18.3414],[-92.54409,18.34732],[-92.55484,18.36383],[-92.54942,18.37129],[-92.55575,18.37465],[-92.56166,18.38652],[-92.58781,18.39597],[-92.5924,18.39457],[-92.59674,18.38479],[-92.60483,18.38287],[-92.62018,18.39578],[-92.64662,18.3979],[-92.64917,18.4055],[-92.64479,18.43872],[-92.65635,18.45703],[-92.65796,18.46631],[-92.65137,18.51755],[-92.66008,18.55041],[-92.68016,18.57633],[-92.67649,18.58792],[-92.67905,18.58818],[-92.68052,18.59655],[-92.66297,18.59395],[-92.65445,18.59818],[-92.63919,18.59841],[-92.63729,18.60176],[-92.64297,18.59906],[-92.66052,18.60051],[-92.67483,18.60543],[-92.67753,18.60943],[-92.66051,18.60605],[-92.66213,18.60902],[-92.68428,18.60854],[-92.68535,18.61318],[-92.69049,18.61241],[-92.69251,18.61525],[-92.68642,18.61923],[-92.66915,18.61044],[-92.647,18.61118],[-92.56727,18.6244],[-92.50021,18.64124],[-92.49751,18.64059],[-92.5005,18.63622],[-92.50617,18.63649],[-92.51105,18.63109],[-92.51483,18.63316],[-92.52702,18.62044],[-92.52013,18.62081],[-92.50688,18.62567],[-92.50159,18.63094],[-92.47698,18.63847],[-92.47701,18.63023],[-92.48026,18.62818],[-92.47436,18.61283],[-92.46842,18.6105],[-92.46722,18.60547],[-92.47282,18.5863],[-92.46363,18.59027],[-92.46415,18.5949],[-92.4601,18.59528],[-92.4617,18.60108],[-92.45347,18.59951],[-92.43089,18.56467],[-92.42474,18.54714],[-92.42728,18.51237],[-92.41522,18.48606],[-92.40512,18.47985],[-92.38623,18.47824],[-92.37735,18.46958],[-92.3655,18.46388],[-92.3616,18.4591],[-92.36218,18.44777],[-92.35451,18.44195],[-92.34901,18.44297],[-92.33772,18.45786],[-92.32557,18.45923],[-92.31176,18.43549],[-92.29777,18.42642],[-92.28291,18.39752],[-92.26795,18.39334],[-92.27028,18.38446],[-92.27808,18.39067],[-92.28525,18.38619],[-92.27805,18.36582],[-92.27321,18.36297],[-92.28497,18.35683],[-92.28676,18.34653],[-92.27534,18.33554],[-92.25753,18.33728],[-92.25809,18.33251],[-92.2662,18.32894],[-92.26824,18.32457],[-92.26436,18.31695],[-92.24951,18.32179],[-92.24553,18.30735],[-92.22771,18.31114],[-92.21601,18.30401],[-92.21067,18.29343],[-92.21641,18.30633],[-92.22583,18.31101],[-92.2466,18.30929],[-92.24735,18.3214],[-92.26597,18.31863],[-92.26729,18.32559],[-92.25579,18.33637],[-92.25942,18.33857],[-92.27615,18.33657],[-92.28461,18.34549],[-92.2847,18.35605],[-92.2724,18.36296],[-92.27737,18.36607],[-92.28417,18.38696],[-92.28051,18.38991],[-92.27458,18.38899],[-92.2719,18.38395],[-92.26866,18.38484],[-92.26741,18.39334],[-92.28264,18.39855],[-92.29615,18.42616],[-92.31001,18.43497],[-92.32264,18.45748],[-92.33116,18.46093],[-92.33853,18.45825],[-92.34992,18.44335],[-92.35904,18.4449],[-92.36164,18.44828],[-92.36026,18.45832],[-92.36356,18.46302],[-92.38542,18.47888],[-92.40323,18.4801],[-92.41293,18.4858],[-92.42517,18.51112],[-92.42539,18.55377],[-92.45802,18.61163],[-92.45004,18.61405],[-92.44546,18.61185],[-92.44787,18.61675],[-92.4457,18.62087],[-92.45624,18.62064],[-92.4492,18.62538],[-92.45052,18.63414],[-92.44782,18.63246],[-92.44268,18.63644],[-92.43755,18.63411],[-92.4374,18.63939],[-92.42983,18.63962],[-92.42859,18.64631],[-92.40593,18.63736],[-92.40511,18.64032],[-92.42544,18.64799],[-92.41023,18.64278],[-92.40914,18.64548],[-92.40509,18.64418],[-92.40672,18.64187],[-92.40267,18.64044],[-92.39564,18.64299],[-92.39428,18.64492],[-92.4075,18.65024],[-92.41072,18.65631],[-92.38185,18.6463],[-92.37562,18.64859],[-92.37506,18.65464],[-92.3907,18.66474],[-92.41205,18.66262],[-92.35392,18.67041],[-92.23066,18.67742],[-92.23204,18.67111],[-92.2088,18.6714],[-92.23584,18.66894],[-92.2318,18.66442],[-92.17264,18.66197],[-92.17171,18.65875],[-92.16805,18.66092],[-92.16065,18.65304],[-92.1605,18.65664],[-92.15346,18.65893],[-92.15615,18.66216],[-92.13453,18.66283],[-92.12931,18.65367],[-92.13321,18.656],[-92.13999,18.65114],[-92.14001,18.64779],[-92.15864,18.65097],[-92.17297,18.64768],[-92.17511,18.6522],[-92.1789,18.65157],[-92.17919,18.64707],[-92.1943,18.65112],[-92.20106,18.65064],[-92.20216,18.64691],[-92.17408,18.64305],[-92.1692,18.64573],[-92.16759,18.64276],[-92.12899,18.63654],[-92.12033,18.6383],[-92.09847,18.63549],[-92.09872,18.63768],[-92.08129,18.63901],[-92.08119,18.63258],[-92.0493,18.6337],[-92.03342,18.62332],[-92.00263,18.62303],[-91.97267,18.61836],[-91.97269,18.61527],[-91.98349,18.61507],[-91.98486,18.61251],[-92.01076,18.61728],[-92.03346,18.61688],[-92.03109,18.60528],[-92.0495,18.59894],[-92.0465,18.60433],[-92.03758,18.60454],[-92.04486,18.6069],[-92.05626,18.59768],[-92.05672,18.61185],[-92.06207,18.62038],[-92.11071,18.61829],[-92.12072,18.61602],[-92.13784,18.59653],[-92.14,18.58748],[-92.14918,18.59787],[-92.16318,18.60669],[-92.18349,18.60544],[-92.19477,18.60863],[-92.21208,18.60432],[-92.22159,18.59174],[-92.22597,18.57991],[-92.22579,18.55982],[-92.22947,18.55288],[-92.24827,18.54613],[-92.26069,18.54669],[-92.28422,18.53584],[-92.28438,18.53172],[-92.28993,18.52659],[-92.30503,18.53167],[-92.31044,18.5295],[-92.30372,18.52381],[-92.30148,18.50886],[-92.29394,18.50522],[-92.29842,18.49854],[-92.296,18.49686],[-92.29138,18.50212],[-92.28791,18.52606],[-92.2818,18.53493],[-92.25745,18.54642],[-92.24719,18.54484],[-92.238,18.54738],[-92.23043,18.55018],[-92.22661,18.55854],[-92.22336,18.55878],[-92.21126,18.54946],[-92.20245,18.5471],[-92.1813,18.5446],[-92.1644,18.54675],[-92.14789,18.55768],[-92.14286,18.56345],[-92.14289,18.57466],[-92.13604,18.57878],[-92.10203,18.57478],[-92.07713,18.58903],[-92.07066,18.58075],[-92.07209,18.57475],[-92.07814,18.57319],[-92.07724,18.56406],[-92.08048,18.56432],[-92.08104,18.55969],[-92.07329,18.54535],[-92.05839,18.55339],[-92.05818,18.56807],[-92.05342,18.5732],[-92.04531,18.57457],[-92.04864,18.55824],[-92.03912,18.57107],[-92.03157,18.56819],[-92.01914,18.56968],[-92.02458,18.56327],[-92.0211,18.55758],[-92.02412,18.54884],[-92.03117,18.54424],[-92.02997,18.52839],[-92.03568,18.53122],[-92.04154,18.52382],[-92.04505,18.52435],[-92.04984,18.51343],[-92.05642,18.51938],[-92.06127,18.51979],[-92.0605,18.514],[-92.05484,18.51088],[-92.06618,18.51068],[-92.0666,18.50836],[-92.0538,18.50366],[-92.04515,18.50658],[-92.04945,18.51021],[-92.04505,18.52345],[-92.03858,18.52187],[-92.03613,18.52546],[-92.02837,18.52582],[-92.01828,18.53155],[-92.0148,18.52638],[-91.99423,18.5152],[-91.97571,18.51562],[-91.98047,18.51101],[-91.98242,18.5002],[-91.98246,18.49299],[-91.97497,18.48162],[-91.97855,18.4703],[-91.97653,18.46926],[-91.9727,18.47748],[-91.97427,18.48586],[-91.98032,18.4904],[-91.98163,18.49607],[-91.97942,18.51139],[-91.97642,18.51023],[-91.97312,18.51509],[-91.96331,18.51358],[-91.95974,18.52139],[-91.95299,18.52231],[-91.94466,18.53098],[-91.94836,18.52989],[-91.94886,18.53659],[-91.95807,18.5539],[-91.94382,18.54274],[-91.94211,18.53642],[-91.93806,18.5364],[-91.94124,18.53131],[-91.93161,18.5307],[-91.92456,18.53658],[-91.92136,18.52974],[-91.91544,18.5261],[-91.89708,18.52599],[-91.8847,18.52],[-91.87921,18.5143],[-91.88182,18.50633],[-91.88453,18.50583],[-91.90044,18.5085],[-91.91763,18.52225],[-91.92356,18.52254],[-91.9163,18.51915],[-91.91418,18.51193],[-91.92309,18.51275],[-91.91289,18.50329],[-91.89642,18.50307],[-91.88539,18.49708],[-91.88569,18.49296],[-91.8811,18.49267],[-91.87432,18.49791],[-91.86678,18.49529],[-91.86144,18.48663],[-91.85525,18.48325],[-91.85509,18.48737],[-91.86273,18.49437],[-91.85271,18.4992],[-91.83813,18.50014],[-91.8271,18.49454],[-91.80792,18.49699],[-91.7944,18.4942],[-91.79473,18.49163],[-91.8031,18.49117],[-91.80062,18.47982],[-91.80861,18.47523],[-91.81003,18.46571],[-91.81995,18.45444],[-91.81433,18.44823],[-91.80157,18.47802],[-91.7982,18.47826],[-91.79964,18.46539],[-91.80865,18.45051],[-91.80596,18.44895],[-91.81232,18.44564],[-91.81248,18.44203],[-91.82691,18.4429],[-91.82451,18.43902],[-91.82006,18.43873],[-91.8213,18.43539],[-91.8321,18.43443],[-91.83226,18.43083],[-91.83877,18.42597],[-91.83421,18.42363],[-91.81946,18.42843],[-91.8098,18.42013],[-91.80616,18.42036],[-91.80395,18.42679],[-91.80372,18.42086],[-91.79524,18.41849],[-91.79476,18.41024],[-91.79876,18.41671],[-91.80714,18.41444],[-91.81328,18.40418],[-91.81131,18.39618],[-91.8046,18.39099],[-91.79463,18.39016],[-91.79049,18.38472],[-91.7896,18.37634],[-91.77587,18.37291],[-91.75046,18.37983],[-91.74527,18.37078],[-91.74042,18.3692],[-91.74032,18.36431],[-91.73548,18.36234],[-91.73338,18.35422],[-91.72556,18.35391],[-91.72481,18.34721],[-91.71766,18.34742],[-91.71756,18.34175],[-91.70976,18.34002],[-91.7046,18.34385],[-91.69713,18.33298],[-91.68996,18.33667],[-91.6963,18.33671],[-91.70539,18.3463],[-91.70947,18.3426],[-91.717,18.34484],[-91.71656,18.34947],[-91.72742,18.35817],[-91.73706,18.38592],[-91.76139,18.39793],[-91.76007,18.41337],[-91.76419,18.42112],[-91.79558,18.44734],[-91.79203,18.45285],[-91.78033,18.4475],[-91.77797,18.43872],[-91.77005,18.43211],[-91.75845,18.43177],[-91.74437,18.43876],[-91.74686,18.44857],[-91.75315,18.45582],[-91.77201,18.46019],[-91.78517,18.46865],[-91.78594,18.47555],[-91.78214,18.47867],[-91.77458,18.47785],[-91.7625,18.46979],[-91.75549,18.46884],[-91.75627,18.47193],[-91.7533,18.47269],[-91.7148,18.45968],[-91.70999,18.45411],[-91.69169,18.44716],[-91.66095,18.44424],[-91.65593,18.44691],[-91.64614,18.4395],[-91.63615,18.4402],[-91.62787,18.44646],[-91.62234,18.44641],[-91.62521,18.4418],[-91.62348,18.4396],[-91.61967,18.44305],[-91.60862,18.44181],[-91.59868,18.43568],[-91.60429,18.44371],[-91.56708,18.4397],[-91.54845,18.44123],[-91.54551,18.43773],[-91.54169,18.44337],[-91.52468,18.44452],[-91.49086,18.4543],[-91.48877,18.44669],[-91.49166,18.44053],[-91.48858,18.43741],[-91.5053,18.42364],[-91.50972,18.41106],[-91.50121,18.41215],[-91.49639,18.40863],[-91.49588,18.40477],[-91.50686,18.39867],[-91.50489,18.39273],[-91.50818,18.38684],[-91.50741,18.38142],[-91.49755,18.38315],[-91.50689,18.3791],[-91.51201,18.36421],[-91.52523,18.34808],[-91.5192,18.34366],[-91.51979,18.33826],[-91.51408,18.34362],[-91.51087,18.33973],[-91.51797,18.32923],[-91.50976,18.32813],[-91.51102,18.32222],[-91.51928,18.31868],[-91.51985,18.31521],[-91.52868,18.32249],[-91.53676,18.32435],[-91.55108,18.31995],[-91.55111,18.31622],[-91.56057,18.3141],[-91.56154,18.31102],[-91.55575,18.31007],[-91.55431,18.30478],[-91.55662,18.30223],[-91.55333,18.29319],[-91.55563,18.27621],[-91.53906,18.27518],[-91.53654,18.2704],[-91.54409,18.26968],[-91.5425,18.26684],[-91.53791,18.26758],[-91.53599,18.27065],[-91.53878,18.27569],[-91.5501,18.27552],[-91.55546,18.27981],[-91.55367,18.28418],[-91.54761,18.28387],[-91.54717,18.28773],[-91.5557,18.2999],[-91.55301,18.3152],[-91.54869,18.31543],[-91.54623,18.31966],[-91.54277,18.31474],[-91.53544,18.31996],[-91.532,18.31311],[-91.52299,18.31047],[-91.51907,18.31147],[-91.51728,18.31609],[-91.50771,18.31524],[-91.49766,18.32456],[-91.49375,18.32415],[-91.49845,18.32637],[-91.50901,18.32066],[-91.50897,18.34152],[-91.51283,18.34696],[-91.51929,18.34868],[-91.50837,18.3643],[-91.50624,18.37626],[-91.49448,18.37952],[-91.49765,18.38701],[-91.50574,18.38759],[-91.50178,18.39297],[-91.50375,18.39994],[-91.49347,18.40269],[-91.49383,18.40861],[-91.4993,18.41471],[-91.50823,18.41143],[-91.50888,18.4144],[-91.50462,18.42363],[-91.49375,18.43282],[-91.48805,18.43676],[-91.4828,18.43582],[-91.47992,18.44134],[-91.46762,18.44317],[-91.46977,18.4746],[-91.46829,18.48953],[-91.46544,18.49156],[-91.4615,18.50891],[-91.45328,18.5082],[-91.44798,18.51164],[-91.44479,18.50672],[-91.44209,18.50721],[-91.43957,18.51659],[-91.4293,18.51843],[-91.42472,18.51672],[-91.42322,18.50435],[-91.40841,18.50062],[-91.40735,18.49778],[-91.40044,18.50107],[-91.40487,18.51836],[-91.40248,18.52864],[-91.41089,18.52407],[-91.41492,18.52591],[-91.41354,18.52899],[-91.35589,18.54549],[-91.34779,18.54542],[-91.35137,18.53837],[-91.34462,18.5378],[-91.33903,18.52964],[-91.33442,18.53217],[-91.32478,18.55178],[-91.30879,18.55769],[-91.30815,18.56773],[-91.30282,18.57515],[-91.29547,18.5671],[-91.29007,18.56692],[-91.28894,18.57193],[-91.27621,18.57555],[-91.27536,18.57953],[-91.28454,18.58039],[-91.28718,18.58595],[-91.28418,18.5894],[-91.2851,18.60511],[-91.26318,18.60981],[-91.26366,18.61573],[-91.25585,18.61321],[-91.24987,18.61664],[-91.24725,18.6094],[-91.25596,18.58966],[-91.26549,18.58099],[-91.25269,18.56568],[-91.25061,18.55793],[-91.26126,18.55932],[-91.2607,18.54747],[-91.25322,18.54019],[-91.26935,18.53365],[-91.26685,18.51354],[-91.25736,18.51783],[-91.25877,18.51192],[-91.26517,18.5058],[-91.26175,18.49701],[-91.26598,18.4928],[-91.2719,18.49466],[-91.28569,18.49144],[-91.29178,18.47617],[-91.29826,18.4761],[-91.30952,18.46989],[-91.30916,18.46577],[-91.30299,18.46185],[-91.29784,18.46412],[-91.29735,18.47262],[-91.28866,18.47769],[-91.28408,18.49116],[-91.26734,18.49153],[-91.26041,18.49648],[-91.26273,18.50732],[-91.25689,18.51113],[-91.256,18.51885],[-91.26031,18.52004],[-91.26574,18.51675],[-91.26692,18.53349],[-91.2526,18.53452],[-91.25158,18.54224],[-91.2609,18.55494],[-91.25937,18.55892],[-91.2551,18.55424],[-91.24885,18.55792],[-91.2508,18.56592],[-91.26268,18.57865],[-91.26265,18.58225],[-91.25367,18.58912],[-91.2503,18.60145],[-91.2402,18.61178],[-91.23985,18.61963],[-91.23062,18.62405],[-91.22337,18.62038],[-91.22598,18.60276],[-91.20816,18.60285],[-91.2038,18.6068],[-91.19633,18.59785],[-91.19437,18.60427],[-91.18486,18.61023],[-91.17951,18.60464],[-91.17224,18.60341],[-91.18588,18.61577],[-91.18945,18.60963],[-91.19759,18.60661],[-91.20024,18.61153],[-91.20509,18.61222],[-91.21083,18.60571],[-91.22432,18.60687],[-91.2207,18.61688],[-91.22769,18.63342],[-91.23918,18.63211],[-91.27539,18.64391],[-91.27724,18.64779],[-91.26821,18.65929],[-91.26907,18.66805],[-91.26102,18.67545],[-91.25034,18.67651],[-91.2434,18.6812],[-91.23582,18.69607],[-91.23932,18.69764],[-91.23861,18.70021],[-91.23126,18.70632],[-91.23023,18.71352],[-91.23483,18.71357],[-91.23122,18.72293],[-91.23484,18.73854],[-91.22402,18.73934],[-91.22157,18.74125],[-91.22449,18.74565],[-91.21501,18.74827],[-91.21632,18.75176],[-91.22681,18.75636],[-91.22541,18.76111],[-91.23619,18.76443],[-91.24054,18.7619],[-91.25453,18.76808],[-91.26369,18.78439],[-91.27677,18.7876],[-91.27777,18.79611],[-91.2875,18.79645],[-91.29933,18.80313],[-91.30366,18.80252],[-91.30506,18.79713],[-91.30906,18.80334],[-91.31426,18.7967],[-91.32809,18.79219],[-91.32615,18.7968],[-91.33028,18.80328],[-91.33316,18.7997],[-91.33583,18.80294],[-91.34003,18.80208],[-91.34374,18.80906],[-91.33433,18.83112],[-91.33442,18.83627],[-91.34063,18.8371],[-91.33349,18.84811],[-91.32684,18.85037],[-91.33264,18.85171],[-91.34255,18.84416],[-91.3427,18.84652],[-91.34649,18.84578],[-91.34698,18.85093],[-91.3383,18.85446],[-91.34206,18.85707],[-91.33551,18.8628],[-91.33268,18.87514],[-91.34407,18.87241],[-91.34282,18.876],[-91.33262,18.88132],[-91.33717,18.88625],[-91.34287,18.88476],[-91.34311,18.88708],[-91.29667,18.91936],[-91.22313,18.9524],[-91.24711,18.93653],[-91.27375,18.92404],[-91.2975,18.90379],[-91.2921,18.90271],[-91.28529,18.90689],[-91.26643,18.92603],[-91.25967,18.92519],[-91.25639,18.9289],[-91.24473,18.93098],[-91.24484,18.93407],[-91.23817,18.93735],[-91.23809,18.9322],[-91.2278,18.93262],[-91.22532,18.92422],[-91.21922,18.92584],[-91.21831,18.92171],[-91.20938,18.92188],[-91.20686,18.93036],[-91.19284,18.93417],[-91.19837,18.9398],[-91.19965,18.94625],[-91.19401,18.94285],[-91.19517,18.94801],[-91.18562,18.94277],[-91.18532,18.94559],[-91.18856,18.9464],[-91.18766,18.95411],[-91.1818,18.95818],[-91.18297,18.96256],[-91.18883,18.95507],[-91.20764,18.95856],[-91.20788,18.96101],[-91.18122,18.97465],[-91.18598,18.98422],[-91.19327,18.98584],[-91.20444,18.97951],[-91.22003,18.9637],[-91.22953,18.96147],[-91.22929,18.95851],[-91.27027,18.94731],[-91.276,18.9426],[-91.28603,18.94089],[-91.28739,18.93519],[-91.29256,18.93734],[-91.30017,18.93381],[-91.30265,18.9292],[-91.34063,18.91924],[-91.37271,18.90343],[-91.38365,18.89155],[-91.39231,18.89137],[-91.40731,18.87863],[-91.41532,18.86041],[-91.47102,18.80268],[-91.47982,18.78653],[-91.47904,18.78292],[-91.49907,18.78089],[-91.52218,18.76524],[-91.51924,18.7611],[-91.53243,18.76777],[-91.53761,18.76343],[-91.55028,18.76739],[-91.5541,18.76369],[-91.55841,18.76436],[-91.5701,18.75763],[-91.60479,18.74643],[-91.61567,18.73788],[-91.61706,18.73326],[-91.62519,18.731],[-91.64015,18.71926],[-91.65242,18.70596],[-91.65436,18.6998],[-91.67058,18.69811],[-91.68391,18.68764],[-91.69407,18.70111],[-91.70736,18.6945],[-91.71148,18.68693],[-91.71824,18.68569],[-91.72206,18.68095],[-91.73966,18.67644],[-91.74105,18.67052],[-91.76307,18.65264],[-91.77264,18.637],[-91.7867,18.63438],[-91.79611,18.64127],[-91.81014,18.6438],[-91.81075,18.63389],[-91.81588,18.63496],[-91.81997,18.62893],[-91.82726,18.62949],[-91.85682,18.61242],[-91.85658,18.60868],[-91.859,18.60947],[-91.85682,18.61293],[-91.82753,18.62975],[-91.83158,18.63042],[-91.84808,18.64623],[-91.84495,18.64969],[-91.85129,18.65192],[-91.84758,18.66116],[-91.84485,18.66514],[-91.81972,18.66447],[-91.78186,18.66938],[-91.73312,18.68322],[-91.70302,18.69743],[-91.69592,18.70743],[-91.66151,18.71774],[-91.6414,18.73202],[-91.54999,18.76919],[-91.53802,18.77837],[-91.53124,18.7805],[-91.52783,18.76863],[-91.52245,18.76588],[-91.49838,18.78204],[-91.49898,18.79029],[-91.44665,18.83583],[-91.4051,18.88273],[-91.38848,18.89584],[-91.31666,18.93512],[-91.18386,18.99319],[-91.18546,18.99546],[-91.11641,19.03347],[-91.11108,19.03857],[-91.11156,19.04424],[-91.0896,19.05817],[-91.07428,19.0723],[-90.99929,19.11591],[-90.90778,19.17732],[-90.76716,19.29845],[-90.73988,19.33068],[-90.72567,19.35804],[-90.72107,19.35786],[-90.71066,19.36519],[-90.70013,19.36146],[-90.698,19.35847],[-90.70111,19.3495],[-90.69336,19.3512],[-90.69274,19.34682],[-90.70073,19.33817],[-90.69841,19.32964],[-90.69125,19.32775],[-90.69335,19.32289],[-90.68644,19.3228],[-90.69311,19.31405],[-90.69216,19.31103],[-90.68212,19.31219],[-90.67796,19.3281],[-90.68712,19.34186],[-90.68318,19.34258],[-90.68174,19.34822],[-90.68925,19.35398],[-90.69161,19.35993],[-90.68828,19.36555],[-90.69172,19.3686],[-90.70482,19.36602],[-90.70922,19.37097],[-90.72282,19.35878],[-90.726,19.38353],[-90.7249,19.40385],[-90.71471,19.42483],[-90.70343,19.48389],[-90.71111,19.5262],[-90.70436,19.55263],[-90.70682,19.56064],[-90.71237,19.56225],[-90.69454,19.5942],[-90.68595,19.62446],[-90.69114,19.64152],[-90.70608,19.65136],[-90.70412,19.66511],[-90.70737,19.6757],[-90.69526,19.68584],[-90.68469,19.70295],[-90.67297,19.7149],[-90.66794,19.72435],[-90.6705,19.73546],[-90.66242,19.75826],[-90.63407,19.78156],[-90.62465,19.79328],[-90.61536,19.7965],[-90.5991,19.81121],[-90.55825,19.83266],[-90.53234,19.8547],[-90.48958,19.87585],[-90.49113,19.88101],[-90.47757,19.89524],[-90.46521,19.92852],[-90.46152,19.92923],[-90.45345,19.94057],[-90.44949,19.94991],[-90.4496,19.95998],[-90.4434,19.95862],[-90.44817,19.9643],[-90.45208,19.96052],[-90.45301,19.96772],[-90.44881,19.97512],[-90.44285,19.97349],[-90.45026,19.97797],[-90.46129,19.97761],[-90.45956,19.98402],[-90.46455,19.98641],[-90.45921,19.98865],[-90.45999,19.99072],[-90.4703,19.99293],[-90.45819,20.00099],[-90.45695,20.01062],[-90.46129,20.01158],[-90.45852,20.01476],[-90.46475,20.01678],[-90.46415,20.02861],[-90.4727,20.0304],[-90.4709,20.0408],[-90.47524,20.04189],[-90.47636,20.04594],[-90.48036,20.0448],[-90.48058,20.04815],[-90.4741,20.04509],[-90.47036,20.04903],[-90.48024,20.05252],[-90.48449,20.05927],[-90.48095,20.07633],[-90.48391,20.07882],[-90.47161,20.08109],[-90.48326,20.0855],[-90.479,20.09625],[-90.47241,20.0995],[-90.47726,20.1024],[-90.47386,20.11059],[-90.46949,20.11168],[-90.47746,20.11553],[-90.47418,20.12513],[-90.47882,20.12455],[-90.48348,20.13929],[-90.48332,20.14984],[-90.48998,20.15933],[-90.48628,20.16867],[-90.4838,20.1703],[-90.4798,20.16523],[-90.47924,20.17208],[-90.47373,20.1699],[-90.47273,20.17285],[-90.47646,20.17779],[-90.47269,20.18366],[-90.47653,20.19915],[-90.47007,20.20241],[-90.47202,20.20835],[-90.47855,20.20896],[-90.47418,20.21314]],[[-92.47854,18.17258],[-92.47705,18.17019],[-92.46438,18.17131],[-92.44515,18.16082],[-92.44749,18.14306],[-92.45399,18.13226],[-92.45199,18.12787],[-92.45592,18.11784],[-92.45233,18.10237],[-92.4503,18.10752],[-92.45406,18.11062],[-92.45458,18.11783],[-92.45053,18.1204],[-92.44611,18.11137],[-92.44302,18.10943],[-92.4422,18.112],[-92.45281,18.12401],[-92.44121,18.1697],[-92.43757,18.17033],[-92.43769,18.17433],[-92.45087,18.18248],[-92.45582,18.19305],[-92.45108,18.2027],[-92.43437,18.20111],[-92.43154,18.20354],[-92.4408,18.21413],[-92.43369,18.20355],[-92.43652,18.20266],[-92.4384,18.2064],[-92.44326,18.20255],[-92.45377,18.20309],[-92.45772,18.19126],[-92.45115,18.18042],[-92.44146,18.1773],[-92.43837,18.17214],[-92.44337,18.16984],[-92.44474,18.16211],[-92.46115,18.17053],[-92.45575,18.17515],[-92.46086,18.17581],[-92.46249,18.17221],[-92.47854,18.17258]],[[-92.94092,18.38672],[-92.9402,18.38379],[-92.93076,18.38353],[-92.9259,18.37799],[-92.92671,18.3843],[-92.90971,18.38326],[-92.90189,18.36986],[-92.89461,18.37012],[-92.89313,18.3602],[-92.8582,18.35464],[-92.83823,18.36068],[-92.8443,18.3697],[-92.84362,18.37485],[-92.84928,18.37679],[-92.88166,18.37565],[-92.88705,18.3799],[-92.90836,18.38532],[-92.94092,18.38672]],[[-92.90142,18.33064],[-92.91105,18.33328],[-92.92349,18.3469],[-92.93563,18.34953],[-92.95019,18.34709],[-92.95275,18.35739],[-92.96179,18.36847],[-92.97528,18.37234],[-92.98216,18.37955],[-92.98687,18.39835],[-92.99245,18.40215],[-92.98782,18.39681],[-92.98202,18.37723],[-92.96853,18.36937],[-92.96591,18.36315],[-92.96502,18.36886],[-92.96165,18.36692],[-92.95302,18.35585],[-92.95019,18.34606],[-92.94075,18.349],[-92.92349,18.34631],[-92.91095,18.33187],[-92.90142,18.33064]],[[-92.96594,18.36301],[-92.96435,18.35868],[-92.96827,18.35018],[-92.97582,18.34864],[-92.97501,18.34349],[-92.9858,18.33911],[-92.99147,18.33035],[-92.98607,18.32249],[-92.98283,18.32262],[-92.97245,18.33524],[-92.97123,18.34065],[-92.97488,18.34812],[-92.97285,18.35005],[-92.96759,18.34967],[-92.96557,18.35379],[-92.96206,18.35276],[-92.96274,18.34838],[-92.95568,18.34872],[-92.95693,18.35456],[-92.96594,18.36301]],[[-94.89891,18.54716],[-94.89857,18.54702],[-94.89882,18.54717],[-94.89891,18.54716]],[[-96.34549,19.49018],[-96.35235,19.48548],[-96.34855,19.48702],[-96.34549,19.49018]],[[-97.01679,20.46376],[-97.0294,20.4603],[-97.02958,20.4537],[-97.02858,20.46029],[-97.01679,20.46376]],[[-97.03013,20.45208],[-97.02956,20.4473],[-97.02656,20.4466],[-97.03013,20.45208]],[[-97.37923,20.65475],[-97.37367,20.65785],[-97.37148,20.6681],[-97.37356,20.65933],[-97.37915,20.65674],[-97.38032,20.64954],[-97.38854,20.64795],[-97.39408,20.64309],[-97.4017,20.63224],[-97.40077,20.6258],[-97.40088,20.63197],[-97.39155,20.64474],[-97.38088,20.64813],[-97.37923,20.65475]],[[-97.40183,20.62376],[-97.40179,20.6238],[-97.40175,20.62391],[-97.40183,20.62376]],[[-97.41382,20.62163],[-97.4123,20.62551],[-97.40352,20.62234],[-97.41147,20.62602],[-97.41382,20.62163]],[[-97.52828,21.41722],[-97.52656,21.41188],[-97.52088,21.40995],[-97.52828,21.41722]],[[-97.65746,20.92719],[-97.66395,20.93094],[-97.6752,20.93133],[-97.65746,20.92719]],[[-97.6761,20.93054],[-97.7136,20.9254],[-97.73272,20.93224],[-97.76383,20.93208],[-97.76207,20.92975],[-97.72781,20.93066],[-97.72264,20.92598],[-97.71169,20.9241],[-97.69961,20.92735],[-97.67906,20.92707],[-97.6761,20.93054]],[[-97.70821,25.07849],[-97.71344,25.07853],[-97.71802,25.07368],[-97.71708,25.06879],[-97.70821,25.07849]],[[-97.72692,21.59036],[-97.72097,21.58082],[-97.72736,21.57392],[-97.71311,21.56763],[-97.71984,21.55656],[-97.72685,21.55422],[-97.72641,21.54552],[-97.74154,21.54172],[-97.74984,21.53625],[-97.75463,21.52276],[-97.74899,21.5281],[-97.74791,21.53687],[-97.7261,21.54469],[-97.7263,21.5537],[-97.72023,21.55546],[-97.71328,21.56377],[-97.71186,21.5684],[-97.72615,21.57375],[-97.71987,21.58081],[-97.72038,21.58494],[-97.72692,21.59036]],[[-97.75498,21.52344],[-97.75254,21.52648],[-97.75333,21.52778],[-97.75498,21.52344]],[[-97.75347,21.52801],[-97.76832,21.5311],[-97.78031,21.52675],[-97.77163,21.53036],[-97.75347,21.52801]],[[-97.97063,22.33201],[-97.96536,22.33043],[-97.96319,22.32501],[-97.95539,22.32552],[-97.95076,22.32184],[-97.95327,22.31954],[-97.94508,22.3],[-97.95245,22.31722],[-97.9494,22.32333],[-97.96373,22.32682],[-97.96508,22.33146],[-97.98595,22.34215],[-97.99205,22.35222],[-98.00121,22.34842],[-98.01113,22.35337],[-98.02138,22.35318],[-98.02964,22.35863],[-98.05485,22.35569],[-98.06072,22.34672],[-98.07372,22.34782],[-98.08658,22.37106],[-98.09598,22.37318],[-98.10598,22.3668],[-98.11199,22.38022],[-98.11162,22.39386],[-98.15275,22.41365],[-98.16385,22.41036],[-98.17239,22.41812],[-98.18841,22.4249],[-98.18887,22.44086],[-98.19962,22.4489],[-98.19233,22.46457],[-98.19369,22.46947],[-98.2084,22.46465],[-98.21418,22.4706],[-98.22082,22.47192],[-98.23141,22.46167],[-98.24022,22.47021],[-98.24825,22.47205],[-98.25297,22.46924],[-98.25637,22.45432],[-98.27192,22.4477],[-98.27663,22.44834],[-98.28457,22.46526],[-98.28804,22.46676],[-98.27994,22.45082],[-98.27165,22.44692],[-98.25666,22.45252],[-98.25047,22.47025],[-98.23995,22.46892],[-98.23307,22.46065],[-98.22027,22.47114],[-98.2073,22.46348],[-98.1948,22.46921],[-98.19315,22.46689],[-98.20073,22.44916],[-98.18966,22.44014],[-98.19129,22.43006],[-98.18787,22.42309],[-98.17511,22.4187],[-98.16524,22.40985],[-98.15138,22.41235],[-98.11521,22.39594],[-98.11186,22.39236],[-98.11309,22.38022],[-98.10709,22.36629],[-98.10322,22.36562],[-98.09598,22.37215],[-98.08603,22.36952],[-98.07318,22.34653],[-98.05907,22.34593],[-98.05319,22.35568],[-98.02993,22.3576],[-98.02139,22.35189],[-98.01142,22.35234],[-98.00204,22.34765],[-97.99067,22.35067],[-97.98549,22.34034],[-97.97886,22.33901],[-97.97063,22.33201]],[[-98.28897,22.46708],[-98.30281,22.46224],[-98.30838,22.46871],[-98.31974,22.4667],[-98.3148,22.45741],[-98.31306,22.44479],[-98.32209,22.43968],[-98.32797,22.4258],[-98.31444,22.4175],[-98.31706,22.39254],[-98.31983,22.39126],[-98.32368,22.39772],[-98.32921,22.39928],[-98.34199,22.39071],[-98.35168,22.38882],[-98.35609,22.39322],[-98.35051,22.4022],[-98.35243,22.4071],[-98.35658,22.40763],[-98.37521,22.38943],[-98.38822,22.38974],[-98.39097,22.39541],[-98.38457,22.40182],[-98.38231,22.41366],[-98.38228,22.41829],[-98.38752,22.42372],[-98.38421,22.42113],[-98.38314,22.41366],[-98.38563,22.40178],[-98.39124,22.39696],[-98.38933,22.38948],[-98.37522,22.38866],[-98.35635,22.40691],[-98.35216,22.40504],[-98.35136,22.39963],[-98.35663,22.39785],[-98.35733,22.39451],[-98.35362,22.38857],[-98.34171,22.38981],[-98.327,22.39825],[-98.31956,22.39023],[-98.31623,22.39176],[-98.31645,22.40361],[-98.31252,22.41569],[-98.32632,22.4245],[-98.32685,22.42837],[-98.3221,22.43839],[-98.31153,22.44607],[-98.31864,22.46669],[-98.30976,22.46846],[-98.29927,22.46095],[-98.28897,22.46708]],[[-98.38752,22.42372],[-98.39334,22.42271],[-98.39805,22.4111],[-98.40704,22.40036],[-98.41088,22.40089],[-98.41941,22.41354],[-98.43044,22.4128],[-98.43297,22.41564],[-98.43072,22.42413],[-98.4329,22.43289],[-98.44204,22.43305],[-98.44929,22.41935],[-98.46372,22.4124],[-98.46621,22.41396],[-98.46368,22.42296],[-98.46587,22.42889],[-98.4878,22.42613],[-98.49135,22.42948],[-98.49048,22.43875],[-98.48245,22.4533],[-98.49201,22.43695],[-98.49218,22.43052],[-98.48832,22.42561],[-98.46473,22.42687],[-98.46704,22.41447],[-98.46095,22.41162],[-98.44763,22.42007],[-98.44315,22.43139],[-98.43318,22.43212],[-98.43243,22.41204],[-98.41942,22.41251],[-98.41116,22.39986],[-98.40784,22.39933],[-98.39783,22.40985],[-98.39223,22.42271],[-98.38752,22.42372]],[[-98.53794,22.46363],[-98.53501,22.45845],[-98.51345,22.44629],[-98.50233,22.45784],[-98.48931,22.45831],[-98.48262,22.45358],[-98.48862,22.45857],[-98.5026,22.45848],[-98.51195,22.44752],[-98.51598,22.4478],[-98.53794,22.46363]],[[-98.53347,22.47554],[-98.52639,22.46873],[-98.53583,22.46772],[-98.53815,22.46445],[-98.53581,22.46747],[-98.52556,22.46872],[-98.53347,22.47554]],[[-98.54539,22.51622],[-98.54541,22.49607],[-98.53415,22.47597],[-98.54486,22.49659],[-98.54539,22.51622]],[[-98.54091,22.5199],[-98.54294,22.51872],[-98.54472,22.5169],[-98.54091,22.5199]],[[-105.35175,22.1308],[-105.35661,22.13534],[-105.35868,22.13122],[-105.35175,22.1308]],[[-109.42151,25.99237],[-109.41876,25.98552],[-109.41576,25.98626],[-109.42151,25.99237]]],[[[-86.81441,21.03084],[-86.81701,21.03251],[-86.81356,21.04847],[-86.80657,21.04872],[-86.80916,21.05671],[-86.79821,21.04665],[-86.79821,21.04202],[-86.81441,21.03084]]],[[[-86.80789,20.54978],[-86.82183,20.55494],[-86.80925,20.55377],[-86.80789,20.54978]]],[[[-86.83361,21.27266],[-86.8314,21.2818],[-86.82866,21.28205],[-86.83361,21.27266]]],[[[-86.86257,20.54571],[-86.86613,20.54842],[-86.84945,20.55072],[-86.86257,20.54571]]],[[[-86.99267,21.56514],[-87.0079,21.57269],[-87.0045,21.57338],[-86.99267,21.56514]]],[[[-86.996,20.29918],[-86.9986,20.30098],[-86.99682,20.30484],[-86.99396,20.30149],[-86.996,20.29918]]],[[[-87.0102,20.32158],[-87.01139,20.32767],[-87.00911,20.32751],[-87.0102,20.32158]]],[[[-87.10582,21.60488],[-87.09675,21.6045],[-87.08353,21.59679],[-87.06453,21.59474],[-87.05434,21.5901],[-87.10473,21.60321],[-87.11258,21.59883],[-87.11243,21.59522],[-87.12097,21.59342],[-87.13581,21.56997],[-87.18163,21.55216],[-87.19111,21.54404],[-87.18863,21.54134],[-87.18341,21.54907],[-87.17791,21.55126],[-87.17653,21.54882],[-87.1944,21.53425],[-87.21173,21.52805],[-87.21613,21.52341],[-87.21888,21.52302],[-87.21723,21.52753],[-87.22632,21.52777],[-87.25906,21.52348],[-87.30131,21.52547],[-87.31659,21.53213],[-87.31275,21.53549],[-87.32588,21.54387],[-87.32544,21.54847],[-87.33509,21.55669],[-87.3351,21.56042],[-87.32958,21.55683],[-87.32629,21.56018],[-87.30589,21.54644],[-87.27505,21.5398],[-87.24505,21.53959],[-87.21698,21.54375],[-87.14463,21.57241],[-87.10582,21.60488]]],[[[-87.14861,21.43349],[-87.1555,21.43992],[-87.16292,21.44197],[-87.1639,21.44918],[-87.15592,21.45485],[-87.15717,21.46309],[-87.1536,21.46335],[-87.15056,21.45769],[-87.14258,21.45486],[-87.13831,21.44689],[-87.13377,21.44612],[-87.13762,21.44251],[-87.13982,21.44534],[-87.14861,21.43349]]],[[[-87.15837,21.55141],[-87.1647,21.55308],[-87.16057,21.55514],[-87.15837,21.55141]]],[[[-87.32854,18.5722],[-87.33259,18.57425],[-87.32827,18.57426],[-87.32854,18.5722]]],[[[-87.38752,21.50495],[-87.38712,21.50855],[-87.39097,21.50726],[-87.38988,21.51061],[-87.39538,21.51059],[-87.39594,21.51394],[-87.36421,21.53474],[-87.36906,21.52979],[-87.36666,21.52405],[-87.37093,21.52481],[-87.38752,21.50495]]],[[[-87.42797,19.5362],[-87.42513,19.54046],[-87.43206,19.54405],[-87.42924,19.55487],[-87.41717,19.56185],[-87.4161,19.56804],[-87.42045,19.57034],[-87.41486,19.57722],[-87.42187,19.59223],[-87.41684,19.59173],[-87.41509,19.59997],[-87.41211,19.60127],[-87.41006,19.59818],[-87.41405,19.56418],[-87.42272,19.55308],[-87.42241,19.5402],[-87.43131,19.51443],[-87.42908,19.49563],[-87.43934,19.47011],[-87.4449,19.46868],[-87.46981,19.44557],[-87.49178,19.43611],[-87.51505,19.41067],[-87.49614,19.44137],[-87.488,19.44539],[-87.47253,19.44659],[-87.44789,19.46906],[-87.443,19.46984],[-87.43045,19.49846],[-87.43345,19.50464],[-87.43209,19.51769],[-87.42861,19.52242],[-87.43311,19.52769],[-87.42797,19.5362]]],[[[-87.41699,19.59894],[-87.42366,19.6033],[-87.42299,19.60639],[-87.41699,19.59894]]],[[[-87.4249,19.61115],[-87.44261,19.62566],[-87.44126,19.62747],[-87.42791,19.61771],[-87.4249,19.61115]]],[[[-87.44806,19.92389],[-87.45516,19.92979],[-87.45586,19.93623],[-87.46736,19.9568],[-87.47042,19.97869],[-87.46801,19.99157],[-87.47414,19.99336],[-87.48031,20.00519],[-87.47717,20.0052],[-87.47114,19.99182],[-87.4642,19.99416],[-87.46431,19.98488],[-87.4677,19.98024],[-87.46519,19.95861],[-87.44999,19.92981],[-87.43719,19.92984],[-87.42944,19.88453],[-87.4481,19.83864],[-87.45189,19.83412],[-87.46685,19.82855],[-87.47389,19.81746],[-87.47588,19.80097],[-87.46821,19.78296],[-87.47296,19.77793],[-87.47623,19.77985],[-87.46998,19.78218],[-87.47969,19.7989],[-87.48011,19.80482],[-87.47162,19.83188],[-87.46551,19.83641],[-87.45122,19.83786],[-87.44786,19.85152],[-87.43864,19.86545],[-87.44167,19.87523],[-87.4357,19.88426],[-87.43081,19.88633],[-87.43732,19.92649],[-87.44018,19.92841],[-87.44806,19.92389]]],[[[-87.4346,19.57649],[-87.43829,19.58756],[-87.43162,19.58294],[-87.4346,19.57649]]],[[[-87.4387,19.48453],[-87.43628,19.49613],[-87.43374,19.49545],[-87.4387,19.48453]]],[[[-87.4422,19.57647],[-87.44765,19.58058],[-87.44822,19.59011],[-87.44169,19.58832],[-87.4422,19.57647]]],[[[-87.47915,19.57174],[-87.47496,19.58154],[-87.4713,19.58258],[-87.47675,19.58836],[-87.45339,19.59344],[-87.44943,19.58701],[-87.45145,19.57799],[-87.46071,19.58724],[-87.46667,19.5804],[-87.47427,19.57806],[-87.47425,19.57137],[-87.47913,19.56711],[-87.4862,19.56773],[-87.48473,19.57765],[-87.49561,19.57865],[-87.49412,19.5829],[-87.48245,19.58654],[-87.48705,19.58112],[-87.48188,19.5792],[-87.48272,19.58487],[-87.48041,19.5841],[-87.47915,19.57174]]],[[[-87.46446,19.56573],[-87.47017,19.57048],[-87.46667,19.57976],[-87.46192,19.58003],[-87.46446,19.56573]]],[[[-87.4839,19.34392],[-87.49097,19.34738],[-87.49248,19.35201],[-87.4839,19.34392]]],[[[-87.48797,19.70487],[-87.48933,19.70641],[-87.48852,19.70603],[-87.48797,19.70487]]],[[[-87.48934,19.70641],[-87.49423,19.70627],[-87.49478,19.70897],[-87.48934,19.70641]]],[[[-87.49723,19.35535],[-87.5111,19.3651],[-87.50296,19.36357],[-87.49723,19.35535]]],[[[-87.51575,19.54795],[-87.51034,19.55633],[-87.49894,19.55855],[-87.50733,19.54887],[-87.50978,19.55092],[-87.51575,19.54795]]],[[[-87.51326,19.35917],[-87.51774,19.3625],[-87.51546,19.36959],[-87.51152,19.3669],[-87.51516,19.36225],[-87.51326,19.35917]]],[[[-87.52458,19.58861],[-87.5273,19.59195],[-87.52405,19.59248],[-87.52186,19.58965],[-87.52458,19.58861]]],[[[-87.53844,19.58922],[-87.53999,19.59303],[-87.53356,19.59271],[-87.53844,19.58922]]],[[[-87.5636,19.55733],[-87.56036,19.56224],[-87.56061,19.55811],[-87.5636,19.55733]]],[[[-87.60239,19.24686],[-87.59801,19.24849],[-87.59935,19.24358],[-87.60239,19.24686]]],[[[-87.63943,19.69327],[-87.66492,19.61931],[-87.66654,19.61622],[-87.67542,19.61687],[-87.66792,19.62162],[-87.66929,19.62432],[-87.67852,19.6221],[-87.68642,19.62503],[-87.67147,19.62521],[-87.66009,19.63375],[-87.64975,19.66418],[-87.64858,19.67809],[-87.64479,19.68352],[-87.64767,19.68943],[-87.64264,19.68867],[-87.63943,19.69327]]],[[[-87.6451,19.34896],[-87.64511,19.35205],[-87.64891,19.3523],[-87.64431,19.35695],[-87.6451,19.34896]]],[[[-87.66768,19.29737],[-87.66824,19.30162],[-87.66213,19.29971],[-87.66768,19.29737]]],[[[-87.68025,19.51624],[-87.67297,19.52786],[-87.66345,19.52532],[-87.66425,19.52106],[-87.6705,19.52155],[-87.68025,19.51624]]],[[[-87.66385,19.28966],[-87.66901,19.29002],[-87.67527,19.29605],[-87.67012,19.29788],[-87.66874,19.29118],[-87.66385,19.28966]]],[[[-87.67291,19.51292],[-87.67238,19.51691],[-87.66912,19.51628],[-87.67291,19.51292]]],[[[-87.67259,19.50107],[-87.66988,19.50289],[-87.66972,19.49799],[-87.6723,19.49695],[-87.67259,19.50107]]],[[[-87.67373,19.22355],[-87.67733,19.22411],[-87.67632,19.2281],[-87.67373,19.22355]]],[[[-87.84525,18.19068],[-87.84772,18.20123],[-87.84346,18.21181],[-87.8413,18.21078],[-87.84525,18.19068]]],[[[-87.85839,18.23209],[-87.85897,18.24136],[-87.85628,18.24317],[-87.85425,18.24112],[-87.85839,18.23209]]],[[[-87.87103,18.22688],[-87.87101,18.22353],[-87.88446,18.21858],[-87.88314,18.22244],[-87.87165,18.22362],[-87.87103,18.22688]]],[[[-87.882,18.21112],[-87.88135,18.20657],[-87.87687,18.20805],[-87.88121,18.18742],[-87.88391,18.19763],[-87.892,18.18969],[-87.89369,18.20385],[-87.88182,18.20107],[-87.88166,18.19592],[-87.87896,18.19542],[-87.87766,18.20573],[-87.88306,18.20828],[-87.882,18.21112]]],[[[-87.90622,18.35911],[-87.90351,18.35706],[-87.90593,18.35486],[-87.90622,18.35911]]],[[[-88.10506,18.78636],[-88.10511,18.79421],[-88.10164,18.80028],[-88.09812,18.80005],[-88.10506,18.78636]]],[[[-88.10603,18.76807],[-88.10892,18.77577],[-88.1034,18.78044],[-88.10215,18.77453],[-88.10603,18.76807]]],[[[-88.18885,21.60425],[-88.17305,21.60761],[-88.19517,21.59706],[-88.19666,21.59881],[-88.20416,21.58988],[-88.2258,21.58311],[-88.18885,21.60425]]],[[[-88.20217,18.59956],[-88.19859,18.60885],[-88.20036,18.61116],[-88.19631,18.6117],[-88.19865,18.61787],[-88.19409,18.62253],[-88.19202,18.63568],[-88.1857,18.63907],[-88.19641,18.60706],[-88.20217,18.59956]]],[[[-88.21053,21.57812],[-88.21057,21.58288],[-88.20794,21.58187],[-88.21053,21.57812]]],[[[-88.22004,18.56789],[-88.21195,18.58919],[-88.20911,18.58844],[-88.22004,18.56789]]],[[[-88.33483,21.5361],[-88.33777,21.542],[-88.33492,21.54576],[-88.32996,21.54515],[-88.32732,21.54183],[-88.33483,21.5361]]],[[[-88.33009,21.52919],[-88.33098,21.53639],[-88.3275,21.53153],[-88.33009,21.52919]]],[[[-88.34465,21.52701],[-88.34714,21.52777],[-88.34553,21.53267],[-88.33782,21.5317],[-88.34465,21.52701]]],[[[-88.3808,21.53766],[-88.38249,21.54177],[-88.37976,21.54475],[-88.38433,21.54703],[-88.38207,21.55593],[-88.37187,21.55382],[-88.37005,21.55049],[-88.3808,21.53766]]],[[[-88.42122,21.53436],[-88.42179,21.53693],[-88.42481,21.53626],[-88.42489,21.54398],[-88.41149,21.55349],[-88.40528,21.53656],[-88.41714,21.53929],[-88.42122,21.53436]]],[[[-88.44479,21.52515],[-88.44803,21.53259],[-88.43915,21.53948],[-88.43457,21.53528],[-88.44479,21.52515]]],[[[-88.46648,21.52084],[-88.4668,21.5256],[-88.46157,21.525],[-88.46244,21.52924],[-88.45482,21.53768],[-88.45179,21.53744],[-88.46073,21.52346],[-88.46648,21.52084]]],[[[-88.50051,21.52081],[-88.50267,21.50842],[-88.51366,21.5069],[-88.51966,21.50247],[-88.52852,21.50793],[-88.53052,21.51486],[-88.53903,21.51311],[-88.54023,21.50911],[-88.54729,21.51406],[-88.54944,21.50889],[-88.55493,21.50794],[-88.55421,21.50511],[-88.55958,21.50506],[-88.56201,21.50118],[-88.56016,21.49476],[-88.56742,21.49238],[-88.57335,21.49438],[-88.56885,21.49751],[-88.56388,21.49601],[-88.56403,21.51017],[-88.58412,21.51101],[-88.58333,21.51411],[-88.57563,21.51457],[-88.56772,21.52043],[-88.5743,21.51806],[-88.57589,21.52499],[-88.57276,21.52824],[-88.54943,21.53412],[-88.50295,21.53545],[-88.50346,21.53235],[-88.49558,21.5283],[-88.4984,21.52184],[-88.49157,21.52654],[-88.49443,21.5372],[-88.49031,21.53788],[-88.49001,21.53505],[-88.48118,21.53255],[-88.48289,21.53884],[-88.46879,21.53215],[-88.47048,21.53574],[-88.46808,21.54322],[-88.46533,21.54376],[-88.46171,21.5389],[-88.46411,21.53116],[-88.47175,21.52556],[-88.47743,21.51559],[-88.48293,21.51567],[-88.48481,21.51077],[-88.48922,21.5115],[-88.49162,21.50453],[-88.49547,21.50359],[-88.49117,21.51072],[-88.50051,21.52081]]],[[[-88.54053,21.49881],[-88.54086,21.50408],[-88.5381,21.5032],[-88.54053,21.49881]]],[[[-88.60412,21.50323],[-88.61076,21.50664],[-88.60944,21.51128],[-88.60505,21.51261],[-88.60309,21.50929],[-88.60664,21.50745],[-88.60412,21.50323]]],[[[-88.64116,21.49476],[-88.62845,21.51393],[-88.63382,21.5023],[-88.64116,21.49476]]],[[[-88.69378,21.4542],[-88.68564,21.46394],[-88.64446,21.49473],[-88.64332,21.49139],[-88.64876,21.48593],[-88.6649,21.47831],[-88.69378,21.4542]]],[[[-88.66815,21.42524],[-88.66654,21.42822],[-88.66376,21.42619],[-88.66815,21.42524]]],[[[-88.70492,21.41934],[-88.69312,21.44469],[-88.69137,21.43634],[-88.6874,21.43792],[-88.68629,21.44849],[-88.67551,21.44371],[-88.6801,21.43606],[-88.68533,21.4373],[-88.69147,21.43273],[-88.69589,21.42252],[-88.70492,21.41934]]],[[[-88.71011,21.43975],[-88.71181,21.44411],[-88.70823,21.44389],[-88.71011,21.43975]]],[[[-89.68297,21.24546],[-89.68934,21.24858],[-89.68885,21.25193],[-89.67661,21.25032],[-89.68297,21.24546]]],[[[-89.68428,22.37942],[-89.68333,22.38742],[-89.68109,22.38617],[-89.68428,22.37942]]],[[[-89.6944,21.25506],[-89.71966,21.27034],[-89.75762,21.25995],[-89.80989,21.25214],[-89.84212,21.24388],[-89.84582,21.25089],[-89.80203,21.25742],[-89.70391,21.27973],[-89.70332,21.27743],[-89.70795,21.27555],[-89.70002,21.26976],[-89.70693,21.26489],[-89.6944,21.25506]]],[[[-89.71402,21.23223],[-89.71223,21.23972],[-89.70268,21.24244],[-89.70637,21.23441],[-89.71402,21.23223]]],[[[-89.71546,22.41814],[-89.71857,22.4213],[-89.71442,22.42137],[-89.71271,22.41883],[-89.71546,22.41814]]],[[[-89.77752,22.51921],[-89.76661,22.52725],[-89.76711,22.52454],[-89.77752,22.51921]]],[[[-89.7821,21.24823],[-89.77695,21.25179],[-89.77663,21.24909],[-89.7821,21.24823]]],[[[-89.78134,21.23718],[-89.79379,21.24225],[-89.78637,21.24198],[-89.78134,21.23718]]],[[[-89.80441,21.23795],[-89.80652,21.241],[-89.80295,21.24801],[-89.79446,21.24867],[-89.78989,21.25376],[-89.78926,21.24965],[-89.79687,21.2458],[-89.79485,21.24043],[-89.80441,21.23795]]],[[[-89.86274,21.23746],[-89.87629,21.23726],[-89.88907,21.23112],[-89.88966,21.2333],[-89.90184,21.2246],[-89.89851,21.22285],[-89.90155,21.21701],[-89.90855,21.21689],[-89.90409,21.22057],[-89.90605,21.22234],[-89.91646,21.21483],[-89.91577,21.22153],[-89.97967,21.17899],[-90.00757,21.16886],[-90.04198,21.16227],[-90.04561,21.15899],[-90.04803,21.16134],[-90.04919,21.16522],[-90.01549,21.17068],[-89.98085,21.18335],[-89.93345,21.2135],[-89.8965,21.23254],[-89.84684,21.24689],[-89.8438,21.24578],[-89.84594,21.24304],[-89.86274,21.23746]]],[[[-89.86422,21.21721],[-89.86978,21.21293],[-89.88417,21.21217],[-89.88628,21.20776],[-89.90427,21.20848],[-89.90559,21.20601],[-89.90813,21.20983],[-89.8993,21.20728],[-89.89562,21.21557],[-89.88493,21.21601],[-89.88174,21.22096],[-89.87454,21.21773],[-89.87049,21.22089],[-89.86422,21.21721]]],[[[-89.89603,21.22251],[-89.89771,21.22377],[-89.89062,21.22646],[-89.89028,21.223],[-89.89603,21.22251]]],[[[-90.1225,21.13973],[-90.09393,21.15635],[-90.04886,21.1611],[-90.09122,21.15502],[-90.1225,21.13973]]],[[[-90.39101,20.8466],[-90.39029,20.84147],[-90.3964,20.8359],[-90.39551,20.82405],[-90.40101,20.83082],[-90.40124,20.80947],[-90.40655,20.81881],[-90.40598,20.82781],[-90.40892,20.824],[-90.4152,20.77674],[-90.41625,20.81176],[-90.40393,20.84399],[-90.40592,20.8475],[-90.40257,20.85941],[-90.39479,20.8737],[-90.365,20.96511],[-90.34301,21.00027],[-90.3182,21.02381],[-90.24507,21.06651],[-90.27333,21.04999],[-90.30288,21.02203],[-90.31142,21.01998],[-90.32225,21.01178],[-90.33726,20.99195],[-90.34351,20.9797],[-90.34225,20.9735],[-90.35378,20.93303],[-90.35116,20.92655],[-90.35531,20.92379],[-90.35456,20.9122],[-90.36133,20.89275],[-90.37955,20.86845],[-90.38293,20.85748],[-90.39016,20.85691],[-90.39255,20.85283],[-90.39101,20.8466]]],[[[-90.44965,20.68874],[-90.45425,20.69164],[-90.45334,20.70526],[-90.4535,20.69574],[-90.44965,20.68874]]],[[[-90.47369,20.458],[-90.47777,20.45857],[-90.48015,20.46324],[-90.47357,20.4652],[-90.47369,20.458]]],[[[-90.48435,20.20403],[-90.48741,20.20883],[-90.48208,20.20953],[-90.48435,20.20403]]],[[[-91.25294,18.55461],[-91.2556,18.55798],[-91.25344,18.55822],[-91.25294,18.55461]]],[[[-91.34946,18.81877],[-91.34531,18.82865],[-91.34235,18.82707],[-91.34946,18.81877]]],[[[-91.36084,18.81668],[-91.3632,18.82417],[-91.34605,18.83586],[-91.3494,18.82559],[-91.36084,18.81668]]],[[[-91.64903,18.45034],[-91.65361,18.45063],[-91.65332,18.45346],[-91.64903,18.45034]]],[[[-91.71826,18.4664],[-91.68432,18.4578],[-91.6808,18.45919],[-91.67853,18.45634],[-91.69404,18.45761],[-91.71666,18.46356],[-91.71826,18.4664]]],[[[-91.69286,18.68333],[-91.71937,18.67952],[-91.72725,18.67339],[-91.70564,18.67196],[-91.71107,18.66878],[-91.72971,18.67019],[-91.73867,18.66355],[-91.74851,18.64791],[-91.7607,18.64336],[-91.73973,18.66717],[-91.73595,18.66663],[-91.72641,18.67764],[-91.71367,18.68283],[-91.69286,18.68333]]],[[[-91.77514,18.48825],[-91.78343,18.48628],[-91.78746,18.48913],[-91.77514,18.48825]]],[[[-91.78947,18.46843],[-91.79322,18.47565],[-91.78485,18.47739],[-91.78565,18.47114],[-91.78947,18.46843]]],[[[-91.94081,18.61613],[-91.91593,18.61998],[-91.95482,18.62071],[-91.95665,18.6318],[-91.9504,18.63691],[-91.9277,18.63833],[-91.92526,18.64038],[-91.93036,18.64517],[-91.91366,18.63722],[-91.92049,18.6464],[-91.9226,18.65517],[-91.91687,18.64252],[-91.89223,18.62374],[-91.94081,18.61613]]],[[[-92.008,18.62782],[-92.00799,18.63066],[-92.01338,18.63172],[-92.00958,18.63595],[-92.0031,18.63527],[-92.00422,18.62832],[-92.008,18.62782]]],[[[-92.01996,18.66227],[-92.02102,18.6655],[-92.01805,18.66612],[-92.01536,18.66289],[-92.01996,18.66227]]],[[[-92.0242,18.5357],[-92.02178,18.53363],[-92.02531,18.52979],[-92.0242,18.5357]]],[[[-92.12917,18.6547],[-92.1313,18.6605],[-92.09778,18.66266],[-92.09723,18.66536],[-92.08073,18.66709],[-92.08021,18.66412],[-92.03345,18.66685],[-92.02778,18.66489],[-92.0278,18.6627],[-92.06671,18.66238],[-92.07564,18.65908],[-92.07833,18.66218],[-92.11079,18.6559],[-92.12321,18.65789],[-92.12376,18.6548],[-92.12917,18.6547]]],[[[-92.07734,18.56836],[-92.06769,18.581],[-92.04797,18.58116],[-92.04706,18.57652],[-92.0587,18.57065],[-92.06478,18.57094],[-92.07236,18.56634],[-92.07734,18.56836]]],[[[-92.05762,18.59486],[-92.0571,18.59176],[-92.06169,18.5923],[-92.05762,18.59486]]],[[[-92.26904,14.58286],[-92.2685,14.58647],[-92.26613,14.58505],[-92.26904,14.58286]]],[[[-92.278,14.59204],[-92.27931,14.59591],[-92.28409,14.59489],[-92.28672,14.59967],[-92.27771,14.60067],[-92.278,14.59204]]],[[[-92.29121,14.6011],[-92.29398,14.60536],[-92.28802,14.60637],[-92.29121,14.6011]]],[[[-92.34109,14.64376],[-92.34544,14.6488],[-92.34042,14.64698],[-92.34109,14.64376]]],[[[-92.34582,14.65525],[-92.3474,14.65911],[-92.34316,14.66013],[-92.34582,14.65525]]],[[[-92.40509,18.64482],[-92.41453,18.65052],[-92.40535,18.6465],[-92.40509,18.64482]]],[[[-92.42599,18.64948],[-92.41713,18.65237],[-92.42048,18.64822],[-92.42599,18.64948]]],[[[-92.43886,18.64557],[-92.43993,18.64931],[-92.43426,18.64749],[-92.43886,18.64557]]],[[[-92.4491,18.65462],[-92.46384,18.65131],[-92.4663,18.64333],[-92.46695,18.65171],[-92.4491,18.65462]]],[[[-92.62379,14.92693],[-92.62948,14.93132],[-92.62881,14.93261],[-92.62379,14.92693]]],[[[-92.662,18.53676],[-92.66578,18.53832],[-92.67654,18.56087],[-92.66374,18.54771],[-92.662,18.53676]]],[[[-92.66449,18.22895],[-92.66893,18.23166],[-92.66581,18.24145],[-92.66352,18.24093],[-92.66449,18.22895]]],[[[-92.66643,18.1974],[-92.66885,18.20152],[-92.6644,18.20203],[-92.66643,18.1974]]],[[[-92.67944,15.01301],[-92.67744,15.02106],[-92.67295,15.01152],[-92.6695,15.01074],[-92.67587,15.0083],[-92.68104,15.01024],[-92.67944,15.01301]]],[[[-92.70458,18.58951],[-92.70023,18.60406],[-92.69753,18.60225],[-92.70689,18.5823],[-92.69312,18.57661],[-92.69406,18.58125],[-92.6919,18.58125],[-92.68786,18.57416],[-92.71406,18.57368],[-92.71216,18.57793],[-92.70878,18.57767],[-92.70458,18.58951]]],[[[-92.73355,15.09521],[-92.73435,15.09882],[-92.73196,15.09895],[-92.73355,15.09521]]],[[[-92.7654,15.07657],[-92.76792,15.07837],[-92.76566,15.08198],[-92.7654,15.07657]]],[[[-92.77678,15.10273],[-92.77982,15.10493],[-92.77783,15.10621],[-92.77678,15.10273]]],[[[-92.7802,15.12219],[-92.78126,15.12735],[-92.77887,15.12786],[-92.7802,15.12219]]],[[[-92.78686,15.09952],[-92.79123,15.10391],[-92.78923,15.10674],[-92.78686,15.09952]]],[[[-92.79242,15.10558],[-92.80064,15.11242],[-92.79374,15.10932],[-92.79242,15.10558]]],[[[-92.8091,15.14412],[-92.82235,15.15637],[-92.82222,15.15804],[-92.8091,15.14412]]],[[[-92.80938,15.11913],[-92.83152,15.13976],[-92.84609,15.15858],[-92.8221,15.13795],[-92.80938,15.11913]]],[[[-92.82791,15.16372],[-92.83667,15.16926],[-92.84117,15.17713],[-92.82791,15.16372]]],[[[-92.82978,15.14942],[-92.83707,15.15548],[-92.83772,15.15909],[-92.82978,15.14942]]],[[[-92.84886,15.18486],[-92.87206,15.2024],[-92.88678,15.22044],[-92.8828,15.22315],[-92.84886,15.18486]]],[[[-92.85498,15.16],[-92.8636,15.16374],[-92.8864,15.18874],[-92.87672,15.18308],[-92.85498,15.16]]],[[[-92.87831,15.19068],[-92.88613,15.19519],[-92.8848,15.19699],[-92.87831,15.19068]]],[[[-92.89025,15.19339],[-92.90085,15.2046],[-92.89423,15.20241],[-92.89621,15.20009],[-92.89025,15.19339]]],[[[-92.91146,15.21272],[-92.92446,15.22484],[-92.91995,15.22432],[-92.91146,15.21272]]],[[[-92.93022,15.23281],[-92.9311,15.23109],[-92.94634,15.24546],[-92.93022,15.23281]]],[[[-92.9478,15.25035],[-92.95312,15.25139],[-92.95152,15.25422],[-92.9478,15.25035]]],[[[-92.95497,15.27612],[-92.96227,15.2818],[-92.96054,15.28282],[-92.95497,15.27612]]],[[[-92.98788,15.2845],[-93.03966,15.33191],[-93.02452,15.32276],[-92.97859,15.27741],[-92.96134,15.26479],[-92.95736,15.25706],[-92.96294,15.26105],[-92.98788,15.2845]]],[[[-93.00036,15.31619],[-93.00952,15.32225],[-93.00886,15.32612],[-93.00036,15.31619]]],[[[-93.14124,18.42831],[-93.1542,18.43294],[-93.15663,18.4386],[-93.14368,18.43488],[-93.1372,18.43939],[-93.13301,18.4336],[-93.14124,18.42831]]],[[[-93.16626,18.34934],[-93.16762,18.35629],[-93.16357,18.35733],[-93.16626,18.34934]]],[[[-93.17917,15.46879],[-93.18608,15.47355],[-93.18608,15.47561],[-93.17917,15.46879]]],[[[-93.18582,15.48167],[-93.20683,15.49865],[-93.2055,15.49981],[-93.18582,15.48167]]],[[[-93.18849,15.50576],[-93.19794,15.51309],[-93.19595,15.51361],[-93.18849,15.50576]]],[[[-93.19033,15.47548],[-93.19299,15.47896],[-93.18941,15.4796],[-93.19033,15.47548]]],[[[-93.19831,15.48114],[-93.20083,15.4832],[-93.19753,15.48604],[-93.19831,15.48114]]],[[[-93.20123,15.48552],[-93.22411,15.50431],[-93.22172,15.50663],[-93.21693,15.5038],[-93.20017,15.4881],[-93.20123,15.48552]]],[[[-93.30179,15.56451],[-93.29327,15.56065],[-93.24991,15.52412],[-93.24326,15.5258],[-93.23421,15.51898],[-93.22757,15.51332],[-93.22676,15.50533],[-93.23155,15.50456],[-93.30179,15.56451]]],[[[-93.24859,15.53494],[-93.24966,15.53958],[-93.24673,15.53752],[-93.24859,15.53494]]],[[[-93.26076,18.40346],[-93.26482,18.41015],[-93.26239,18.41028],[-93.26076,18.40346]]],[[[-93.35251,18.42423],[-93.32716,18.41417],[-93.32069,18.41818],[-93.32152,18.42874],[-93.31909,18.43041],[-93.31598,18.42591],[-93.31812,18.41741],[-93.32796,18.41262],[-93.33417,18.41249],[-93.35251,18.42423]]],[[[-93.39283,15.63883],[-93.34838,15.6054],[-93.34757,15.60231],[-93.39283,15.63883]]],[[[-93.40004,15.65221],[-93.41495,15.66172],[-93.41523,15.66893],[-93.39712,15.65492],[-93.40004,15.65221]]],[[[-93.41281,15.65476],[-93.40349,15.64963],[-93.40335,15.64731],[-93.41281,15.65476]]],[[[-93.41261,15.69071],[-93.42327,15.69854],[-93.40917,15.69599],[-93.40863,15.69213],[-93.41261,15.69071]]],[[[-93.41158,15.70604],[-93.41571,15.71196],[-93.41359,15.71479],[-93.41158,15.70604]]],[[[-93.51223,15.73758],[-93.46717,15.70567],[-93.43146,15.67534],[-93.41921,15.66699],[-93.41589,15.66893],[-93.41788,15.66506],[-93.43759,15.67777],[-93.42932,15.668],[-93.5551,15.76472],[-93.68124,15.85209],[-93.66365,15.84454],[-93.5951,15.79578],[-93.57298,15.78399],[-93.56631,15.77616],[-93.55032,15.76808],[-93.54285,15.75883],[-93.53339,15.75499],[-93.53325,15.75228],[-93.51223,15.73758]]],[[[-93.42939,15.70059],[-93.43446,15.70909],[-93.42462,15.70911],[-93.42594,15.70421],[-93.43073,15.70458],[-93.42939,15.70059]]],[[[-93.42721,18.42669],[-93.43234,18.42711],[-93.42677,18.42943],[-93.42721,18.42669]]],[[[-93.43102,15.71515],[-93.43448,15.71952],[-93.42943,15.71837],[-93.43102,15.71515]]],[[[-93.43498,15.70329],[-93.44403,15.70739],[-93.4515,15.71704],[-93.4398,15.71732],[-93.43407,15.71089],[-93.43659,15.70921],[-93.43498,15.70329]]],[[[-93.43636,15.72428],[-93.43902,15.72749],[-93.43423,15.72764],[-93.43636,15.72428]]],[[[-93.52647,18.40728],[-93.52629,18.40516],[-93.56295,18.39713],[-93.56804,18.38501],[-93.56954,18.39055],[-93.57804,18.39258],[-93.58719,18.38586],[-93.60311,18.38516],[-93.62547,18.37633],[-93.63299,18.36639],[-93.64851,18.36814],[-93.66158,18.36578],[-93.68582,18.35552],[-93.68581,18.35281],[-93.70145,18.35198],[-93.70953,18.34938],[-93.71019,18.34629],[-93.72758,18.34248],[-93.73806,18.33485],[-93.76999,18.32674],[-93.7647,18.32135],[-93.77117,18.31913],[-93.76954,18.31605],[-93.77291,18.31565],[-93.7724,18.32338],[-93.7755,18.32362],[-93.78949,18.31635],[-93.79301,18.31827],[-93.80241,18.30922],[-93.81481,18.30916],[-93.83661,18.30057],[-93.84116,18.29334],[-93.84818,18.29524],[-93.84417,18.30169],[-93.84661,18.30581],[-93.79356,18.32084],[-93.62252,18.38046],[-93.5881,18.388],[-93.58506,18.3923],[-93.46291,18.42265],[-93.43891,18.42708],[-93.43539,18.42336],[-93.43741,18.42232],[-93.43917,18.42425],[-93.44186,18.42167],[-93.47424,18.41798],[-93.47746,18.41424],[-93.48664,18.41383],[-93.48933,18.41086],[-93.49042,18.41537],[-93.52647,18.40728]]],[[[-93.44727,15.72736],[-93.44754,15.73122],[-93.44463,15.73135],[-93.44727,15.72736]]],[[[-93.45603,15.71961],[-93.46002,15.72114],[-93.45684,15.72463],[-93.45603,15.71961]]],[[[-93.49585,15.75038],[-93.49228,15.75173],[-93.49217,15.75869],[-93.49578,15.76628],[-93.48779,15.76591],[-93.47792,15.75305],[-93.47313,15.75345],[-93.46047,15.74433],[-93.45872,15.73326],[-93.46669,15.7277],[-93.48106,15.73231],[-93.49585,15.75038]]],[[[-93.46392,18.39354],[-93.46866,18.40035],[-93.46623,18.40062],[-93.46392,18.39354]]],[[[-93.4971,18.39281],[-93.49819,18.39538],[-93.49549,18.39655],[-93.49306,18.39334],[-93.4971,18.39281]]],[[[-93.50343,15.73716],[-93.49543,15.7324],[-93.49782,15.73124],[-93.50343,15.73716]]],[[[-93.50402,15.76433],[-93.50509,15.76742],[-93.50031,15.76924],[-93.50003,15.76511],[-93.50402,15.76433]]],[[[-93.53211,18.37185],[-93.53482,18.3739],[-93.53185,18.37546],[-93.53211,18.37185]]],[[[-93.53828,18.35883],[-93.54276,18.37053],[-93.53601,18.36695],[-93.53828,18.35883]]],[[[-93.569,18.35037],[-93.56562,18.3478],[-93.56656,18.34496],[-93.58538,18.32739],[-93.58673,18.32906],[-93.57247,18.33928],[-93.569,18.35037]]],[[[-93.59347,18.32608],[-93.59777,18.32323],[-93.59885,18.32452],[-93.59347,18.32608]]],[[[-93.66672,15.88859],[-93.6686,15.89322],[-93.66513,15.8922],[-93.66672,15.88859]]],[[[-93.68439,18.33556],[-93.67875,18.34035],[-93.67726,18.33919],[-93.68439,18.33556]]],[[[-93.68177,18.35386],[-93.67838,18.34872],[-93.68012,18.34678],[-93.68458,18.34896],[-93.68177,18.35386]]],[[[-93.68025,18.31149],[-93.68215,18.31458],[-93.67919,18.31484],[-93.68025,18.31149]]],[[[-93.6887,18.33349],[-93.68769,18.32799],[-93.69354,18.32896],[-93.6887,18.33349]]],[[[-93.71197,18.31769],[-93.70998,18.32697],[-93.7062,18.32621],[-93.70538,18.32235],[-93.71197,18.31769]]],[[[-93.72849,18.30346],[-93.73201,18.30551],[-93.72906,18.31041],[-93.73106,18.31624],[-93.72474,18.31017],[-93.71755,18.309],[-93.71771,18.30582],[-93.72581,18.3072],[-93.72849,18.30346]]],[[[-93.72287,18.31353],[-93.72829,18.32072],[-93.72316,18.31842],[-93.72287,18.31353]]],[[[-93.72509,18.32949],[-93.72994,18.32651],[-93.72803,18.32252],[-93.73424,18.32301],[-93.73515,18.32498],[-93.72509,18.32949]]],[[[-93.72803,18.25735],[-93.73561,18.26415],[-93.74153,18.26323],[-93.74237,18.26928],[-93.73563,18.26866],[-93.72803,18.25735]]],[[[-93.73458,18.27691],[-93.73406,18.28077],[-93.73096,18.28027],[-93.73458,18.27691]]],[[[-93.74294,18.2779],[-93.73942,18.27225],[-93.74238,18.27147],[-93.74294,18.2779]]],[[[-93.77813,18.24801],[-93.77816,18.25445],[-93.77533,18.25434],[-93.77813,18.24801]]],[[[-93.84916,15.97245],[-93.86625,15.98205],[-93.85424,15.97643],[-93.84916,15.97245]]],[[[-93.88148,18.26856],[-93.88111,18.27448],[-93.87196,18.2789],[-93.88148,18.26856]]],[[[-93.95708,16.09184],[-93.95785,16.09196],[-93.95679,16.09184],[-93.95708,16.09184]]],[[[-94.16477,16.11691],[-94.17011,16.1192],[-94.16585,16.11987],[-94.16477,16.11691]]],[[[-94.21119,16.16882],[-94.22376,16.17634],[-94.22391,16.17905],[-94.21415,16.17395],[-94.21119,16.16882]]],[[[-94.29282,16.15829],[-94.29537,16.16137],[-94.32714,16.16916],[-94.33437,16.17465],[-94.33784,16.17488],[-94.33567,16.16897],[-94.34047,16.17062],[-94.35037,16.17596],[-94.35173,16.17982],[-94.26981,16.16551],[-94.26606,16.16335],[-94.27032,16.16228],[-94.28741,16.16554],[-94.28765,16.16296],[-94.27909,16.15812],[-94.28227,16.15565],[-94.29282,16.15829]]],[[[-94.36768,16.2123],[-94.36664,16.2154],[-94.35981,16.21695],[-94.36768,16.2123]]],[[[-94.39198,16.21247],[-94.39144,16.21614],[-94.3874,16.21355],[-94.38906,16.2108],[-94.39198,16.21247]]],[[[-94.59756,16.22306],[-94.6016,16.22805],[-94.59948,16.22884],[-94.59756,16.22306]]],[[[-94.73664,16.22236],[-94.73674,16.2257],[-94.73341,16.22599],[-94.73141,16.21974],[-94.73664,16.22236]]],[[[-94.82284,16.34074],[-94.83101,16.3444],[-94.8293,16.34699],[-94.83255,16.3534],[-94.82805,16.35628],[-94.82272,16.35658],[-94.82292,16.34937],[-94.81541,16.3448],[-94.81671,16.34157],[-94.82284,16.34074]]],[[[-94.82279,16.36418],[-94.82653,16.36517],[-94.82282,16.3674],[-94.82279,16.36418]]],[[[-94.87349,16.33798],[-94.88172,16.34834],[-94.88004,16.35337],[-94.87041,16.35037],[-94.86482,16.35235],[-94.8541,16.34729],[-94.85408,16.34485],[-94.87253,16.34906],[-94.87557,16.34685],[-94.87349,16.33798]]],[[[-94.86587,16.37823],[-94.86672,16.38349],[-94.86363,16.38146],[-94.86587,16.37823]]],[[[-94.90147,16.33567],[-94.90658,16.34013],[-94.90072,16.34121],[-94.89917,16.34638],[-94.89592,16.341],[-94.90147,16.33567]]],[[[-94.93032,16.20821],[-94.96894,16.20153],[-94.97006,16.20667],[-94.94612,16.21164],[-94.93032,16.20821]]],[[[-94.9765,16.33086],[-94.98699,16.32844],[-95.00035,16.33073],[-94.9765,16.33086]]],[[[-96.81231,20.24394],[-96.81829,20.24543],[-96.81846,20.25302],[-96.81436,20.25374],[-96.81231,20.24394]]],[[[-96.97478,20.41797],[-96.97334,20.42362],[-96.96896,20.42472],[-96.97478,20.41797]]],[[[-97.06402,20.47896],[-97.06057,20.46837],[-97.06485,20.46494],[-97.07604,20.46584],[-97.07484,20.47445],[-97.06402,20.47896]]],[[[-97.14927,25.9528],[-97.14842,25.95545],[-97.14621,25.95687],[-97.14927,25.9528]]],[[[-97.21902,20.43171],[-97.21785,20.43813],[-97.20713,20.44369],[-97.20296,20.45059],[-97.20306,20.44146],[-97.20798,20.44151],[-97.21902,20.43171]]],[[[-97.22789,21.46755],[-97.22571,21.47341],[-97.22387,21.47047],[-97.22789,21.46755]]],[[[-97.25958,20.346],[-97.26231,20.34629],[-97.26089,20.35052],[-97.2565,20.35305],[-97.25958,20.346]]],[[[-97.30505,20.97242],[-97.32376,20.96591],[-97.33847,20.97481],[-97.33948,20.98203],[-97.33585,20.9883],[-97.3298,20.9903],[-97.33016,20.98219],[-97.31712,20.98438],[-97.33802,21.01471],[-97.34006,21.02863],[-97.33593,21.03039],[-97.32083,20.99575],[-97.30505,20.97242]]],[[[-97.31692,20.26843],[-97.31976,20.27052],[-97.31361,20.27149],[-97.31692,20.26843]]],[[[-97.38778,21.53666],[-97.39518,21.54711],[-97.39928,21.54762],[-97.39858,21.55075],[-97.41547,21.56467],[-97.3999,21.55591],[-97.39713,21.55717],[-97.40092,21.56287],[-97.42831,21.57549],[-97.43167,21.58298],[-97.43294,21.57939],[-97.43981,21.58049],[-97.44434,21.59494],[-97.45619,21.59338],[-97.4604,21.59729],[-97.45871,21.60254],[-97.46207,21.60978],[-97.4644,21.60558],[-97.47034,21.60909],[-97.48718,21.63125],[-97.49192,21.6384],[-97.49305,21.64894],[-97.49678,21.64774],[-97.49837,21.65413],[-97.5039,21.65794],[-97.50554,21.66733],[-97.52143,21.67442],[-97.54501,21.69883],[-97.56416,21.73282],[-97.5791,21.7435],[-97.58641,21.74368],[-97.58974,21.75316],[-97.59997,21.76213],[-97.60903,21.77594],[-97.61973,21.77947],[-97.61984,21.78426],[-97.61608,21.78439],[-97.62022,21.78757],[-97.62342,21.79838],[-97.62655,21.79928],[-97.62796,21.81183],[-97.63805,21.82242],[-97.63731,21.84249],[-97.64781,21.85429],[-97.66009,21.88869],[-97.66432,21.88854],[-97.67454,21.91668],[-97.69025,21.93302],[-97.69317,21.94643],[-97.70651,21.96611],[-97.70606,21.96996],[-97.61479,21.83252],[-97.5689,21.77524],[-97.52497,21.73186],[-97.4736,21.69149],[-97.44801,21.66332],[-97.40433,21.6288],[-97.34422,21.58857],[-97.33897,21.57797],[-97.32754,21.56704],[-97.33243,21.5483],[-97.32862,21.52046],[-97.33222,21.50634],[-97.37298,21.40274],[-97.40827,21.34284],[-97.41872,21.30329],[-97.41917,21.26108],[-97.43525,21.2602],[-97.44286,21.28112],[-97.43888,21.2937],[-97.43771,21.32587],[-97.44462,21.34807],[-97.44911,21.35223],[-97.43868,21.37762],[-97.42494,21.38985],[-97.42669,21.39295],[-97.41863,21.40112],[-97.42023,21.40641],[-97.41467,21.41138],[-97.4154,21.42039],[-97.41156,21.41984],[-97.40559,21.43806],[-97.3984,21.44134],[-97.39836,21.44572],[-97.38961,21.45361],[-97.39053,21.45748],[-97.38501,21.45923],[-97.38401,21.46205],[-97.38716,21.46376],[-97.37909,21.47179],[-97.37868,21.49701],[-97.38982,21.52157],[-97.38302,21.52717],[-97.38778,21.53666]]],[[[-97.37301,20.68868],[-97.37374,20.68913],[-97.37429,20.69068],[-97.37301,20.68868]]],[[[-97.38741,25.35543],[-97.38862,25.35995],[-97.38563,25.36095],[-97.38741,25.35543]]],[[[-97.39285,25.35048],[-97.39451,25.35358],[-97.38995,25.35559],[-97.38958,25.35199],[-97.39285,25.35048]]],[[[-97.39498,25.33956],[-97.39776,25.34333],[-97.39491,25.34458],[-97.39498,25.33956]]],[[[-97.39976,25.34167],[-97.40283,25.34518],[-97.39871,25.34642],[-97.39976,25.34167]]],[[[-97.4048,25.32475],[-97.40789,25.32671],[-97.40587,25.32913],[-97.4048,25.32475]]],[[[-97.44262,21.39413],[-97.43846,21.41083],[-97.44302,21.42117],[-97.43659,21.4184],[-97.43279,21.42699],[-97.43435,21.43499],[-97.42336,21.44775],[-97.40996,21.47903],[-97.40512,21.48105],[-97.41275,21.44997],[-97.42488,21.43413],[-97.42772,21.41227],[-97.44353,21.3859],[-97.44587,21.39931],[-97.44271,21.39877],[-97.44262,21.39413]]],[[[-97.40607,25.31408],[-97.41084,25.31735],[-97.40743,25.31873],[-97.40607,25.31408]]],[[[-97.4098,25.33175],[-97.41143,25.33704],[-97.40831,25.33778],[-97.4098,25.33175]]],[[[-97.42667,25.40668],[-97.43721,25.40203],[-97.42518,25.41271],[-97.41825,25.41148],[-97.42667,25.40668]]],[[[-97.42318,25.34797],[-97.42454,25.35262],[-97.41912,25.35565],[-97.42318,25.34797]]],[[[-97.42716,25.34725],[-97.42753,25.32975],[-97.43022,25.32952],[-97.43292,25.31772],[-97.44005,25.31329],[-97.44115,25.31587],[-97.43431,25.31953],[-97.43119,25.34188],[-97.42793,25.35291],[-97.42716,25.34725]]],[[[-97.42792,21.45784],[-97.43334,21.46535],[-97.42725,21.46916],[-97.42792,21.45784]]],[[[-97.44863,25.23966],[-97.43369,25.2359],[-97.42923,25.23045],[-97.45267,25.18901],[-97.51288,25.05093],[-97.52035,25.06387],[-97.5137,25.06509],[-97.51699,25.0731],[-97.51031,25.07689],[-97.51252,25.09261],[-97.50669,25.0959],[-97.51402,25.09713],[-97.51786,25.10656],[-97.50093,25.10459],[-97.51413,25.11141],[-97.5115,25.11795],[-97.50473,25.11724],[-97.49902,25.11049],[-97.50162,25.1172],[-97.49973,25.13288],[-97.49435,25.13373],[-97.49586,25.13747],[-97.49174,25.13923],[-97.4893,25.15349],[-97.4828,25.15342],[-97.48331,25.16977],[-97.47778,25.171],[-97.47811,25.17872],[-97.46966,25.187],[-97.4711,25.19666],[-97.46292,25.2061],[-97.4628,25.21536],[-97.45825,25.21724],[-97.46004,25.22151],[-97.45187,25.22966],[-97.44863,25.23966]]],[[[-97.43307,25.30627],[-97.43185,25.31256],[-97.43002,25.31177],[-97.43307,25.30627]]],[[[-97.43599,25.27658],[-97.43367,25.28144],[-97.43272,25.27809],[-97.43599,25.27658]]],[[[-97.43868,25.26541],[-97.44035,25.26813],[-97.43635,25.27118],[-97.43528,25.26602],[-97.43868,25.26541]]],[[[-97.4458,25.39505],[-97.43786,25.39599],[-97.44217,25.39128],[-97.4464,25.39248],[-97.4458,25.39505]]],[[[-97.45016,25.40899],[-97.45242,25.40888],[-97.45122,25.4144],[-97.44849,25.4172],[-97.44411,25.41613],[-97.44388,25.41265],[-97.45016,25.40899]]],[[[-97.44618,25.38733],[-97.44515,25.37986],[-97.44969,25.37913],[-97.44618,25.38733]]],[[[-97.45424,25.24358],[-97.44814,25.25638],[-97.44533,25.25429],[-97.44758,25.24479],[-97.45424,25.24358]]],[[[-97.45374,21.40891],[-97.45453,21.41175],[-97.45039,21.41364],[-97.44876,21.41144],[-97.45374,21.40891]]],[[[-97.46299,25.40192],[-97.45223,25.4018],[-97.45255,25.39923],[-97.46299,25.40192]]],[[[-97.45568,25.24128],[-97.4523,25.24008],[-97.45921,25.23076],[-97.45568,25.24128]]],[[[-97.45518,25.41509],[-97.45785,25.41653],[-97.45284,25.42059],[-97.45518,25.41509]]],[[[-97.45551,25.38897],[-97.45817,25.38025],[-97.45836,25.38772],[-97.46313,25.39085],[-97.45571,25.39515],[-97.45551,25.38897]]],[[[-97.45797,25.23988],[-97.46388,25.24175],[-97.45851,25.24169],[-97.45797,25.23988]]],[[[-97.4605,25.4199],[-97.46157,25.414],[-97.46685,25.41032],[-97.47532,25.41285],[-97.46367,25.4153],[-97.4605,25.4199]]],[[[-97.47328,25.22525],[-97.46944,25.22752],[-97.46833,25.22584],[-97.47328,25.22525]]],[[[-97.47311,25.2053],[-97.47158,25.21442],[-97.46873,25.21658],[-97.47311,25.2053]]],[[[-97.47176,25.38065],[-97.46927,25.37574],[-97.47528,25.37091],[-97.47176,25.38065]]],[[[-97.47779,25.39667],[-97.48003,25.39913],[-97.47062,25.4038],[-97.46995,25.4007],[-97.47779,25.39667]]],[[[-97.47595,25.38507],[-97.47592,25.38764],[-97.47054,25.38733],[-97.47428,25.38312],[-97.47595,25.38507]]],[[[-97.47402,25.35829],[-97.47179,25.35543],[-97.47847,25.35345],[-97.48,25.35603],[-97.47402,25.35829]]],[[[-97.47982,25.32515],[-97.47479,25.3197],[-97.4895,25.30904],[-97.49216,25.30032],[-97.49922,25.29036],[-97.50176,25.29064],[-97.49267,25.30444],[-97.49448,25.30691],[-97.50059,25.30555],[-97.49899,25.30837],[-97.48869,25.31727],[-97.47791,25.31934],[-97.4766,25.32203],[-97.47982,25.32515]]],[[[-97.52787,25.42535],[-97.53337,25.4276],[-97.53275,25.43145],[-97.53031,25.43387],[-97.5207,25.43249],[-97.51669,25.43566],[-97.5169,25.44145],[-97.49001,25.43874],[-97.48927,25.44207],[-97.47637,25.44194],[-97.47784,25.43784],[-97.4841,25.43546],[-97.49884,25.43535],[-97.52787,25.42535]]],[[[-97.4774,25.33748],[-97.48451,25.33459],[-97.48415,25.34102],[-97.48745,25.33733],[-97.49807,25.33705],[-97.49313,25.34806],[-97.48383,25.34385],[-97.47602,25.3457],[-97.4774,25.33748]]],[[[-97.48363,25.40548],[-97.4776,25.4121],[-97.47621,25.40977],[-97.48363,25.40548]]],[[[-97.48329,25.38746],[-97.47631,25.39073],[-97.48363,25.38283],[-97.48816,25.38314],[-97.48329,25.38746]]],[[[-97.49683,25.16244],[-97.47809,25.20291],[-97.47773,25.19776],[-97.48709,25.18422],[-97.49298,25.16472],[-97.49683,25.16244]]],[[[-97.479,25.36786],[-97.48324,25.36868],[-97.47953,25.37121],[-97.479,25.36786]]],[[[-97.48609,25.38981],[-97.49032,25.39139],[-97.48193,25.39388],[-97.48609,25.38981]]],[[[-97.48507,25.17622],[-97.48439,25.18496],[-97.48272,25.18263],[-97.48507,25.17622]]],[[[-97.48548,25.3705],[-97.48891,25.36822],[-97.48986,25.37157],[-97.48683,25.37618],[-97.48548,25.3705]]],[[[-97.48738,21.57196],[-97.48807,21.56873],[-97.49546,21.5752],[-97.49959,21.57524],[-97.50323,21.56948],[-97.51788,21.57656],[-97.50422,21.55379],[-97.49679,21.55385],[-97.49681,21.55115],[-97.50136,21.55093],[-97.51148,21.55669],[-97.51548,21.56882],[-97.5263,21.57445],[-97.53054,21.5808],[-97.52499,21.58226],[-97.50289,21.57553],[-97.4894,21.57644],[-97.48738,21.57196]]],[[[-97.49147,25.36696],[-97.49269,25.3716],[-97.49071,25.37158],[-97.49147,25.36696]]],[[[-97.49407,25.38577],[-97.49723,25.38246],[-97.49626,25.39197],[-97.49219,25.3891],[-97.49407,25.38577]]],[[[-97.49478,25.14531],[-97.49812,25.14959],[-97.49528,25.15033],[-97.49478,25.14531]]],[[[-97.50079,25.39279],[-97.50289,25.40567],[-97.49508,25.40765],[-97.50079,25.39279]]],[[[-97.49943,25.13455],[-97.50077,25.14035],[-97.49651,25.14237],[-97.49943,25.13455]]],[[[-97.50052,25.34531],[-97.50814,25.34783],[-97.51128,25.3458],[-97.51001,25.35686],[-97.50042,25.35367],[-97.49992,25.34826],[-97.50653,25.35142],[-97.50642,25.3491],[-97.49823,25.34747],[-97.50052,25.34531]]],[[[-97.50466,21.42932],[-97.50311,21.44694],[-97.49995,21.4464],[-97.50466,21.42932]]],[[[-97.50714,25.33663],[-97.50468,25.34085],[-97.50058,25.34055],[-97.50714,25.33663]]],[[[-97.50727,25.11778],[-97.51416,25.12068],[-97.50822,25.1322],[-97.50483,25.13242],[-97.50229,25.12004],[-97.50727,25.11778]]],[[[-97.50593,25.13487],[-97.50543,25.14066],[-97.50288,25.14166],[-97.50593,25.13487]]],[[[-97.50678,21.43745],[-97.50953,21.43773],[-97.50919,21.44417],[-97.50678,21.43745]]],[[[-97.51566,25.28821],[-97.51058,25.28674],[-97.51541,25.28563],[-97.51566,25.28821]]],[[[-97.51077,25.34078],[-97.51739,25.34329],[-97.51638,25.34521],[-97.51077,25.34078]]],[[[-97.51148,21.43543],[-97.51444,21.44164],[-97.51225,21.44085],[-97.51148,21.43543]]],[[[-97.51411,25.11321],[-97.51564,25.11529],[-97.51291,25.1186],[-97.51411,25.11321]]],[[[-97.51875,25.04996],[-97.5143,25.05017],[-97.51419,25.04759],[-97.52336,25.02517],[-97.52496,25.03329],[-97.52914,25.03745],[-97.52431,25.04856],[-97.51875,25.04996]]],[[[-97.5304,25.35706],[-97.53294,25.35734],[-97.53325,25.36661],[-97.52738,25.37183],[-97.52135,25.36701],[-97.5304,25.35706]]],[[[-97.53756,25.44423],[-97.54321,25.44532],[-97.54148,25.44775],[-97.53748,25.45041],[-97.53297,25.44856],[-97.52355,25.45426],[-97.52218,25.45013],[-97.53756,25.44423]]],[[[-97.52681,25.09044],[-97.5293,25.09561],[-97.52415,25.1007],[-97.52818,25.09405],[-97.52681,25.09044]]],[[[-97.53009,25.00555],[-97.53794,25.02184],[-97.5335,25.02707],[-97.52407,25.02453],[-97.53009,25.00555]]],[[[-97.52657,25.34557],[-97.52937,25.34804],[-97.52413,25.34799],[-97.52657,25.34557]]],[[[-97.53012,25.3092],[-97.5306,25.31692],[-97.53823,25.3179],[-97.5382,25.32034],[-97.52885,25.32076],[-97.53012,25.3092]]],[[[-97.53019,25.3505],[-97.53355,25.35349],[-97.52917,25.35319],[-97.53019,25.3505]]],[[[-97.53775,25.07408],[-97.53719,25.08565],[-97.53274,25.0914],[-97.52923,25.08917],[-97.53775,25.07408]]],[[[-97.53252,25.32183],[-97.53752,25.33011],[-97.53055,25.33287],[-97.53252,25.32183]]],[[[-97.53434,25.33561],[-97.53829,25.3363],[-97.53769,25.33912],[-97.53487,25.33806],[-97.53196,25.34498],[-97.53434,25.33561]]],[[[-97.54726,24.96223],[-97.54795,24.97536],[-97.54428,24.97533],[-97.54296,24.97994],[-97.54682,24.9877],[-97.53967,24.99561],[-97.5428,25.00542],[-97.53236,25.00403],[-97.54726,24.96223]]],[[[-97.53715,25.36086],[-97.54076,25.36643],[-97.53568,25.36535],[-97.53715,25.36086]]],[[[-97.54175,25.35447],[-97.54369,25.35874],[-97.53744,25.35996],[-97.53648,25.35712],[-97.54175,25.35447]]],[[[-97.54135,25.34134],[-97.54614,25.34332],[-97.53837,25.35367],[-97.53657,25.35017],[-97.54135,25.34134]]],[[[-97.67493,15.96645],[-97.67971,15.96853],[-97.68154,15.97344],[-97.66205,15.98143],[-97.63303,15.98035],[-97.62662,15.98263],[-97.62451,15.97965],[-97.57294,15.96772],[-97.56465,15.97269],[-97.56436,15.9763],[-97.5529,15.97777],[-97.5386,15.96737],[-97.56392,15.96303],[-97.61283,15.97442],[-97.65542,15.97779],[-97.67249,15.97326],[-97.67493,15.96645]]],[[[-97.54207,24.9955],[-97.54399,25.00028],[-97.54118,24.99923],[-97.54207,24.9955]]],[[[-97.56905,24.89656],[-97.64526,24.63324],[-97.68079,24.48017],[-97.685,24.48136],[-97.68925,24.47805],[-97.69203,24.48155],[-97.68541,24.48278],[-97.6821,24.48996],[-97.68932,24.49877],[-97.6842,24.50362],[-97.67857,24.50408],[-97.67767,24.50999],[-97.68218,24.50913],[-97.68299,24.51184],[-97.67665,24.51359],[-97.67646,24.51822],[-97.68147,24.52302],[-97.67707,24.52217],[-97.67338,24.52977],[-97.67576,24.53134],[-97.67396,24.54136],[-97.67706,24.54164],[-97.67756,24.54731],[-97.67301,24.55152],[-97.66881,24.54981],[-97.66679,24.56806],[-97.66323,24.57163],[-97.66561,24.57268],[-97.6629,24.57665],[-97.66482,24.58091],[-97.65588,24.60142],[-97.6618,24.61357],[-97.65643,24.61978],[-97.65676,24.62408],[-97.64884,24.62786],[-97.64695,24.63377],[-97.65217,24.64514],[-97.64354,24.64943],[-97.64784,24.65565],[-97.64653,24.6595],[-97.64174,24.65945],[-97.63533,24.67973],[-97.63726,24.68296],[-97.63238,24.69128],[-97.63317,24.69695],[-97.62888,24.70232],[-97.63108,24.70722],[-97.62537,24.71438],[-97.62869,24.72007],[-97.62554,24.72429],[-97.62719,24.72816],[-97.61909,24.73439],[-97.62336,24.74357],[-97.61772,24.74365],[-97.61792,24.75085],[-97.61278,24.75672],[-97.62086,24.76555],[-97.61242,24.76393],[-97.6107,24.76674],[-97.61129,24.77704],[-97.60855,24.78293],[-97.60516,24.78342],[-97.60425,24.78946],[-97.60871,24.79374],[-97.60447,24.79422],[-97.60513,24.79912],[-97.60001,24.80293],[-97.60253,24.80424],[-97.60059,24.81374],[-97.59777,24.8141],[-97.60081,24.81966],[-97.59597,24.82309],[-97.59761,24.82787],[-97.59191,24.83348],[-97.59293,24.84326],[-97.5901,24.84401],[-97.58845,24.85223],[-97.59098,24.85354],[-97.58684,24.85775],[-97.58897,24.86845],[-97.58188,24.87185],[-97.58807,24.87345],[-97.588,24.88002],[-97.58093,24.88124],[-97.58485,24.88385],[-97.58364,24.89078],[-97.5767,24.89329],[-97.57529,24.90537],[-97.5511,24.97166],[-97.54772,24.97073],[-97.54803,24.95632],[-97.56905,24.89656]]],[[[-97.55352,24.98185],[-97.55912,24.98628],[-97.5532,24.98519],[-97.55352,24.98185]]],[[[-97.56812,24.96462],[-97.56963,24.96785],[-97.5661,24.96833],[-97.56812,24.96462]]],[[[-97.57687,24.93987],[-97.5775,24.94682],[-97.57388,24.94267],[-97.57687,24.93987]]],[[[-97.58568,24.95938],[-97.59109,24.9678],[-97.58692,24.97406],[-97.58068,24.96461],[-97.58568,24.95938]]],[[[-97.58484,24.93377],[-97.58472,24.94432],[-97.58209,24.93992],[-97.58484,24.93377]]],[[[-97.59194,24.85535],[-97.59557,24.85899],[-97.59077,24.8592],[-97.59194,24.85535]]],[[[-97.5919,21.70644],[-97.60519,21.7135],[-97.59459,21.7129],[-97.5919,21.70644]]],[[[-97.64551,15.98545],[-97.64974,15.98973],[-97.6497,15.99617],[-97.63958,15.99662],[-97.62753,16.00582],[-97.61955,16.00435],[-97.61581,16.00703],[-97.60919,16.00093],[-97.60949,15.99617],[-97.59935,15.99907],[-97.59484,15.99607],[-97.60474,15.99034],[-97.62655,15.99332],[-97.64551,15.98545]]],[[[-97.59796,24.94676],[-97.59534,24.94133],[-97.59864,24.93686],[-97.6069,24.93025],[-97.61209,24.93325],[-97.6134,24.94227],[-97.61004,24.95241],[-97.60355,24.95209],[-97.59796,24.94676]]],[[[-97.60056,24.99131],[-97.60209,24.99338],[-97.59938,24.99593],[-97.60056,24.99131]]],[[[-97.60451,20.92751],[-97.5992,20.92437],[-97.6038,20.9163],[-97.60691,20.92006],[-97.60451,20.92751]]],[[[-97.60783,24.92266],[-97.60973,24.92924],[-97.60229,24.92622],[-97.60783,24.92266]]],[[[-97.60248,21.72326],[-97.60904,21.72924],[-97.60818,21.73271],[-97.60248,21.72326]]],[[[-97.60321,25.30502],[-97.60296,25.30218],[-97.61291,25.29868],[-97.61144,25.30278],[-97.60321,25.30502]]],[[[-97.60851,24.98752],[-97.61154,24.99398],[-97.60888,24.99267],[-97.60851,24.98752]]],[[[-97.60866,25.27342],[-97.64674,25.25988],[-97.6487,25.26144],[-97.63788,25.26726],[-97.60866,25.27342]]],[[[-97.60927,21.7331],[-97.61252,21.73957],[-97.60869,21.73619],[-97.60927,21.7331]]],[[[-97.67015,21.78046],[-97.68168,21.7996],[-97.68185,21.81119],[-97.6895,21.81872],[-97.68617,21.82152],[-97.68946,21.83854],[-97.69508,21.85789],[-97.70138,21.86232],[-97.70086,21.8739],[-97.67647,21.82685],[-97.6714,21.82346],[-97.669,21.81469],[-97.67515,21.8204],[-97.67862,21.81837],[-97.66194,21.78824],[-97.65231,21.78675],[-97.63739,21.76114],[-97.62641,21.75642],[-97.62866,21.75142],[-97.62314,21.75253],[-97.62043,21.74736],[-97.61518,21.74963],[-97.61151,21.74368],[-97.6162,21.74398],[-97.61817,21.7391],[-97.61482,21.72916],[-97.6088,21.72512],[-97.60955,21.71843],[-97.61244,21.71871],[-97.61541,21.72543],[-97.6294,21.73199],[-97.63235,21.74012],[-97.64525,21.74576],[-97.6465,21.74929],[-97.64938,21.74566],[-97.65406,21.74648],[-97.65028,21.75327],[-97.66137,21.76031],[-97.65582,21.76464],[-97.64806,21.75531],[-97.65195,21.76641],[-97.67015,21.78046]]],[[[-97.61107,24.78463],[-97.61356,24.78864],[-97.60961,24.78835],[-97.61107,24.78463]]],[[[-97.61319,24.92297],[-97.6134,24.92889],[-97.60978,24.92474],[-97.61319,24.92297]]],[[[-97.61603,24.9212],[-97.61207,24.92193],[-97.61183,24.91807],[-97.61603,24.9212]]],[[[-97.61712,24.77272],[-97.61394,24.7799],[-97.61256,24.77705],[-97.61712,24.77272]]],[[[-97.622,21.75702],[-97.62584,21.75899],[-97.62498,21.7622],[-97.61424,21.76069],[-97.622,21.75702]]],[[[-97.61865,24.91427],[-97.61733,24.90551],[-97.62442,24.903],[-97.6209,24.91429],[-97.61865,24.91427]]],[[[-97.62737,25.3212],[-97.62178,25.31446],[-97.61781,25.31545],[-97.61837,25.31181],[-97.62296,25.3067],[-97.63292,25.30607],[-97.62848,25.31117],[-97.63056,25.31454],[-97.62737,25.3212]]],[[[-97.62953,24.92492],[-97.63264,24.92457],[-97.634,24.9296],[-97.62766,24.92877],[-97.62657,24.92515],[-97.62953,24.92492]]],[[[-97.63751,25.32618],[-97.63213,25.32562],[-97.63273,25.32305],[-97.63895,25.32336],[-97.63751,25.32618]]],[[[-97.64324,24.98733],[-97.63457,24.97978],[-97.6503,24.98765],[-97.64716,24.99045],[-97.64324,24.98733]]],[[[-97.64326,21.78127],[-97.64368,21.79543],[-97.63778,21.7923],[-97.64326,21.78127]]],[[[-97.64165,16.00539],[-97.6456,16.01211],[-97.64267,16.01235],[-97.63951,16.00693],[-97.64165,16.00539]]],[[[-97.64355,25.34322],[-97.64119,25.33857],[-97.64501,25.33938],[-97.64355,25.34322]]],[[[-97.65232,24.69712],[-97.64622,24.71457],[-97.64397,24.71339],[-97.65232,24.69712]]],[[[-97.6521,15.99618],[-97.65498,16.00367],[-97.65016,16.00673],[-97.65072,16.00339],[-97.64461,16.00026],[-97.6521,15.99618]]],[[[-97.66099,24.99083],[-97.65357,24.99823],[-97.64817,24.99243],[-97.65138,24.99203],[-97.65106,24.99563],[-97.65775,24.99055],[-97.65714,24.98179],[-97.66037,24.98362],[-97.66099,24.99083]]],[[[-97.65246,21.79975],[-97.65793,21.80456],[-97.65406,21.80594],[-97.6494,21.80269],[-97.65246,21.79975]]],[[[-97.66502,24.95767],[-97.65487,24.94394],[-97.65798,24.94345],[-97.66735,24.95152],[-97.66502,24.95767]]],[[[-97.68077,24.8043],[-97.67083,24.81104],[-97.66739,24.8159],[-97.66933,24.81926],[-97.66566,24.81961],[-97.65881,24.82766],[-97.65763,24.81864],[-97.66325,24.80724],[-97.66816,24.80973],[-97.66346,24.81406],[-97.66396,24.8205],[-97.66871,24.81127],[-97.68077,24.8043]]],[[[-97.6858,25.23815],[-97.68485,25.24169],[-97.67217,25.25007],[-97.67113,25.25444],[-97.6646,25.25669],[-97.66236,25.2541],[-97.66697,25.24706],[-97.69265,25.22671],[-97.69582,25.22579],[-97.69535,25.22978],[-97.6858,25.23815]]],[[[-97.67267,24.74337],[-97.67467,24.75445],[-97.68692,24.75546],[-97.68909,24.76385],[-97.68378,24.75904],[-97.66856,24.75929],[-97.66662,24.75644],[-97.67246,24.75006],[-97.67267,24.74337]]],[[[-97.67158,25.36947],[-97.68435,25.36714],[-97.68784,25.37193],[-97.6769,25.3744],[-97.67158,25.36947]]],[[[-97.67414,24.95003],[-97.67689,24.95688],[-97.6734,24.95337],[-97.67414,24.95003]]],[[[-97.68547,24.81245],[-97.68572,24.81554],[-97.67554,24.81815],[-97.67558,24.81494],[-97.68547,24.81245]]],[[[-97.68617,24.47713],[-97.68082,24.47734],[-97.69465,24.40437],[-97.71011,24.27916],[-97.71515,24.28088],[-97.7148,24.28795],[-97.71886,24.28902],[-97.71977,24.28208],[-97.71961,24.29829],[-97.71803,24.30136],[-97.71425,24.30056],[-97.71405,24.30648],[-97.71067,24.30696],[-97.71313,24.31419],[-97.71776,24.31397],[-97.70997,24.32137],[-97.71046,24.34222],[-97.70484,24.35633],[-97.70494,24.36019],[-97.71264,24.36206],[-97.71148,24.36552],[-97.70246,24.36892],[-97.70889,24.37155],[-97.70798,24.37874],[-97.70131,24.38538],[-97.69846,24.40286],[-97.69965,24.42371],[-97.69542,24.42548],[-97.69597,24.45405],[-97.68765,24.46955],[-97.70052,24.47558],[-97.68617,24.47713]]],[[[-97.72257,24.85215],[-97.70148,24.84579],[-97.68702,24.85274],[-97.68423,24.8504],[-97.71279,24.84267],[-97.72484,24.85011],[-97.72257,24.85215]]],[[[-97.68497,24.99336],[-97.68923,24.99121],[-97.68903,24.99674],[-97.68497,24.99336]]],[[[-97.68958,24.74378],[-97.68953,24.74789],[-97.68643,24.74825],[-97.68958,24.74378]]],[[[-97.70234,16.21429],[-97.6991,16.22161],[-97.68814,16.22515],[-97.69379,16.21797],[-97.70234,16.21429]]],[[[-97.69163,25.00371],[-97.68857,24.99957],[-97.69196,24.9996],[-97.69163,25.00371]]],[[[-97.69575,24.71977],[-97.70174,24.72587],[-97.70156,24.72998],[-97.69703,24.73175],[-97.69512,24.72568],[-97.68865,24.72472],[-97.6901,24.72062],[-97.69575,24.71977]]],[[[-97.69165,24.76155],[-97.69642,24.76275],[-97.69161,24.7649],[-97.69165,24.76155]]],[[[-97.69213,24.6074],[-97.69836,24.60398],[-97.69804,24.60694],[-97.69213,24.6074]]],[[[-97.69821,24.75402],[-97.69308,24.75873],[-97.69425,24.75553],[-97.69821,24.75402]]],[[[-97.70239,24.75843],[-97.7046,24.76295],[-97.69835,24.76727],[-97.69783,24.76302],[-97.70239,24.75843]]],[[[-97.70081,24.69343],[-97.7019,24.69705],[-97.69781,24.69727],[-97.70081,24.69343]]],[[[-97.70678,24.98686],[-97.70927,24.99177],[-97.70502,24.99289],[-97.70678,24.98686]]],[[[-97.71527,24.35256],[-97.71435,24.36027],[-97.70704,24.36021],[-97.70624,24.35647],[-97.71527,24.35256]]],[[[-97.71661,24.82829],[-97.71651,24.83756],[-97.70976,24.8357],[-97.70838,24.83273],[-97.71661,24.82829]]],[[[-97.72095,24.59684],[-97.71593,24.60632],[-97.71857,24.60943],[-97.70845,24.6078],[-97.72095,24.59684]]],[[[-97.71845,24.7309],[-97.71807,24.74055],[-97.711,24.74306],[-97.71347,24.73575],[-97.71054,24.73276],[-97.71845,24.7309]]],[[[-97.71418,24.70757],[-97.71358,24.71156],[-97.70978,24.71127],[-97.71418,24.70757]]],[[[-97.74354,23.96107],[-97.73827,23.97106],[-97.74197,23.99323],[-97.74122,24.01304],[-97.73453,24.03769],[-97.73448,24.04284],[-97.73946,24.04957],[-97.73674,24.07014],[-97.73202,24.07937],[-97.7355,24.08197],[-97.73111,24.08657],[-97.73376,24.08839],[-97.73134,24.0912],[-97.73708,24.09254],[-97.72945,24.09839],[-97.73005,24.10895],[-97.73466,24.11002],[-97.7287,24.11743],[-97.73075,24.1226],[-97.72779,24.12489],[-97.73014,24.128],[-97.72709,24.15255],[-97.73277,24.15968],[-97.72796,24.16375],[-97.72888,24.1702],[-97.72344,24.18186],[-97.72515,24.20697],[-97.72827,24.18949],[-97.72671,24.17713],[-97.73078,24.17665],[-97.72615,24.20492],[-97.72777,24.21162],[-97.72067,24.22031],[-97.72354,24.22729],[-97.71817,24.23136],[-97.72262,24.23552],[-97.7235,24.24633],[-97.71786,24.27665],[-97.71085,24.27582],[-97.73733,23.95201],[-97.73455,23.77302],[-97.7431,23.77524],[-97.74194,23.77909],[-97.75145,23.77942],[-97.77095,23.78781],[-97.76334,23.79354],[-97.75231,23.79178],[-97.75465,23.79605],[-97.74493,23.80356],[-97.7439,23.79429],[-97.7502,23.79305],[-97.74887,23.78558],[-97.73905,23.78884],[-97.73743,23.79278],[-97.74017,23.80352],[-97.73708,23.80479],[-97.73758,23.81071],[-97.7446,23.80819],[-97.74344,23.81256],[-97.73824,23.81509],[-97.73691,23.82203],[-97.7379,23.86476],[-97.73884,23.86889],[-97.74597,23.86895],[-97.73821,23.87609],[-97.73976,23.91806],[-97.7438,23.93508],[-97.73903,23.96438],[-97.74729,23.95055],[-97.74838,23.93872],[-97.75036,23.93642],[-97.75167,23.94595],[-97.74354,23.96107]]],[[[-97.714,24.3389],[-97.71568,24.33995],[-97.71503,24.34844],[-97.714,24.3389]]],[[[-97.71846,24.86781],[-97.71785,24.87154],[-97.71351,24.86906],[-97.71575,24.85621],[-97.72311,24.85383],[-97.72164,24.85986],[-97.71812,24.85932],[-97.72076,24.86346],[-97.71846,24.86781]]],[[[-97.71703,24.70451],[-97.71983,24.70685],[-97.71696,24.71172],[-97.71703,24.70451]]],[[[-97.71665,24.57647],[-97.7195,24.57367],[-97.7206,24.57599],[-97.71665,24.57647]]],[[[-97.72584,24.83493],[-97.72246,24.83542],[-97.72136,24.83245],[-97.73833,24.82758],[-97.73801,24.83066],[-97.72584,24.83493]]],[[[-97.72564,24.8828],[-97.7287,24.88669],[-97.72531,24.88743],[-97.72564,24.8828]]],[[[-97.72722,24.83855],[-97.73,24.84218],[-97.72605,24.84266],[-97.72722,24.83855]]],[[[-97.73904,24.22098],[-97.73998,24.22588],[-97.73259,24.24898],[-97.72898,24.25899],[-97.72618,24.25897],[-97.73073,24.23867],[-97.73641,24.23177],[-97.73904,24.22098]]],[[[-97.73235,24.83332],[-97.73257,24.83911],[-97.73003,24.83909],[-97.72879,24.83625],[-97.73235,24.83332]]],[[[-97.73687,24.12857],[-97.73665,24.12213],[-97.73301,24.12159],[-97.74202,24.10837],[-97.73766,24.10477],[-97.74289,24.10005],[-97.74477,24.10881],[-97.73908,24.11726],[-97.73687,24.12857]]],[[[-97.74393,24.26606],[-97.7462,24.27844],[-97.74982,24.28155],[-97.74594,24.29001],[-97.74393,24.26606]]],[[[-97.74366,23.7755],[-97.74756,23.77682],[-97.74502,23.7786],[-97.74366,23.7755]]],[[[-97.75112,23.93076],[-97.74462,23.92196],[-97.7526,23.92176],[-97.75223,23.91661],[-97.75518,23.91612],[-97.75581,23.92359],[-97.75112,23.93076]]],[[[-97.74875,23.857],[-97.75303,23.86257],[-97.74754,23.86574],[-97.7449,23.86405],[-97.74955,23.86138],[-97.74875,23.857]]],[[[-97.75018,23.7363],[-97.75156,23.73901],[-97.74734,23.74078],[-97.75018,23.7363]]],[[[-97.75533,24.07467],[-97.7551,24.06978],[-97.75804,24.07083],[-97.7574,24.07829],[-97.751,24.08828],[-97.74949,24.08517],[-97.755,24.08033],[-97.75533,24.07467]]],[[[-97.75482,23.80712],[-97.75814,23.81165],[-97.75561,23.81189],[-97.75482,23.80712]]],[[[-97.76071,24.09891],[-97.75894,24.10816],[-97.75529,24.10864],[-97.76071,24.09891]]],[[[-97.75696,24.13851],[-97.75804,24.14315],[-97.75608,24.14288],[-97.75696,24.13851]]],[[[-97.76145,23.57887],[-97.7678,23.58728],[-97.76001,23.58413],[-97.76145,23.57887]]],[[[-97.76325,23.80345],[-97.76714,23.82124],[-97.7658,23.82896],[-97.76231,23.82919],[-97.76325,23.80345]]],[[[-97.76592,23.96434],[-97.77093,23.96721],[-97.76877,23.97414],[-97.76406,23.96844],[-97.76592,23.96434]]],[[[-97.76919,23.94481],[-97.77083,23.94816],[-97.76607,23.948],[-97.76919,23.94481]]],[[[-97.79909,24.34153],[-97.80231,24.34297],[-97.8032,24.35276],[-97.79969,24.35222],[-97.79909,24.34153]]],[[[-97.81967,24.39458],[-97.81637,24.40151],[-97.81556,24.3979],[-97.81967,24.39458]]],[[[-97.83928,22.68303],[-97.84124,22.68073],[-97.84594,22.68282],[-97.84592,22.68591],[-97.83967,22.68612],[-97.83928,22.68303]]],[[[-97.84674,22.15019],[-97.84781,22.15432],[-97.84422,22.15391],[-97.84674,22.15019]]],[[[-97.85284,22.11368],[-97.84648,22.11389],[-97.84771,22.0991],[-97.85379,22.09837],[-97.85284,22.11368]]],[[[-97.84667,24.51576],[-97.85118,24.51476],[-97.85121,24.51142],[-97.8547,24.5135],[-97.85368,24.51787],[-97.84667,24.51576]]],[[[-97.85919,22.62448],[-97.8678,22.62274],[-97.85972,22.62706],[-97.85919,22.62448]]],[[[-97.91077,22.26919],[-97.91487,22.27501],[-97.90735,22.28139],[-97.91077,22.26919]]],[[[-97.99671,22.3143],[-97.99282,22.32211],[-97.99061,22.32055],[-97.99287,22.31503],[-97.99671,22.3143]]],[[[-98.00122,22.30774],[-98.00784,22.31049],[-98.01056,22.31758],[-98.00695,22.31885],[-98.0074,22.31396],[-98.00122,22.30774]]],[[[-98.08633,16.20173],[-98.09619,16.20345],[-98.09645,16.2059],[-98.0871,16.20895],[-98.08633,16.20173]]],[[[-98.18332,16.21707],[-98.20191,16.23595],[-98.1886,16.23074],[-98.18222,16.22454],[-98.17931,16.22092],[-98.18332,16.21707]]],[[[-98.51309,16.57093],[-98.51656,16.57238],[-98.50613,16.57527],[-98.51042,16.56962],[-98.51309,16.57093]]],[[[-98.58838,16.54623],[-98.58698,16.54721],[-98.58577,16.54788],[-98.58838,16.54623]]],[[[-98.60398,16.54159],[-98.60518,16.53955],[-98.60959,16.53994],[-98.60398,16.54159]]],[[[-99.04664,16.60448],[-99.04675,16.60484],[-99.04568,16.60327],[-99.04664,16.60448]]],[[[-99.90552,16.81797],[-99.9141,16.82257],[-99.91197,16.82439],[-99.90152,16.82083],[-99.90552,16.81797]]],[[[-101.65729,17.67342],[-101.66162,17.67581],[-101.66058,17.6784],[-101.65626,17.67678],[-101.65729,17.67342]]],[[[-103.75644,18.70926],[-103.75669,18.71248],[-103.75291,18.71207],[-103.75644,18.70926]]],[[[-105.1104,19.54479],[-105.11068,19.55045],[-105.10741,19.55045],[-105.1104,19.54479]]],[[[-105.11557,19.5565],[-105.11367,19.56024],[-105.11163,19.55766],[-105.11557,19.5565]]],[[[-105.26785,21.51522],[-105.28659,21.52935],[-105.29529,21.54659],[-105.28952,21.55124],[-105.27878,21.54919],[-105.27398,21.55513],[-105.27231,21.54663],[-105.27451,21.5456],[-105.26802,21.5317],[-105.27063,21.52887],[-105.26785,21.51522]]],[[[-105.27898,20.6776],[-105.28249,20.67198],[-105.28414,20.67777],[-105.27898,20.6776]]],[[[-105.30175,21.54091],[-105.31003,21.55171],[-105.32284,21.5589],[-105.32519,21.56199],[-105.32189,21.56521],[-105.29708,21.5453],[-105.29018,21.53553],[-105.28975,21.5278],[-105.35438,21.56798],[-105.34474,21.56581],[-105.31691,21.54938],[-105.31443,21.54849],[-105.31416,21.55274],[-105.30175,21.54091]]],[[[-105.2971,21.55367],[-105.30495,21.5579],[-105.30248,21.55997],[-105.2971,21.55367]]],[[[-105.31676,21.60887],[-105.33345,21.62197],[-105.33884,21.63148],[-105.31539,21.61312],[-105.31676,21.60887]]],[[[-105.34808,22.14721],[-105.34366,22.15159],[-105.34448,22.14786],[-105.34808,22.14721]]],[[[-105.35112,22.14823],[-105.34989,22.15312],[-105.34781,22.153],[-105.35112,22.14823]]],[[[-105.37488,22.14328],[-105.36771,22.15257],[-105.35804,22.15311],[-105.35885,22.1468],[-105.3666,22.14897],[-105.37488,22.14328]]],[[[-105.37285,21.57785],[-105.38416,21.584],[-105.38058,21.58479],[-105.37285,21.57785]]],[[[-105.39128,22.07733],[-105.39653,22.07938],[-105.39377,22.08145],[-105.39128,22.07733]]],[[[-105.40215,21.66842],[-105.40339,21.6669],[-105.40206,21.66898],[-105.40215,21.66842]]],[[[-105.42526,21.63928],[-105.42812,21.64776],[-105.42186,21.6432],[-105.42526,21.63928]]],[[[-105.46577,21.87991],[-105.4662,21.88377],[-105.46289,21.88326],[-105.46577,21.87991]]],[[[-105.47501,21.75397],[-105.47971,21.75679],[-105.47944,21.75924],[-105.47501,21.75397]]],[[[-105.4813,21.90329],[-105.48919,21.91151],[-105.48686,21.91435],[-105.4813,21.90329]]],[[[-105.50063,21.74978],[-105.53102,21.8053],[-105.52895,21.80711],[-105.52008,21.794],[-105.52145,21.79142],[-105.50218,21.77149],[-105.49778,21.76086],[-105.50066,21.75776],[-105.49967,21.75184],[-105.48942,21.73487],[-105.49258,21.73371],[-105.4959,21.73717],[-105.50063,21.74978]]],[[[-105.49259,21.89682],[-105.49579,21.90325],[-105.49454,21.90351],[-105.49259,21.89682]]],[[[-105.49964,21.9416],[-105.50021,21.94675],[-105.49716,21.942],[-105.49964,21.9416]]],[[[-105.50131,21.78788],[-105.50573,21.78941],[-105.49926,21.79149],[-105.50131,21.78788]]],[[[-105.53643,21.99993],[-105.54338,22.0115],[-105.54543,22.00634],[-105.54985,22.0071],[-105.55374,22.01249],[-105.56,22.02586],[-105.5603,22.03075],[-105.55158,22.0264],[-105.55757,22.03952],[-105.53176,22.00484],[-105.52826,21.99198],[-105.53087,21.98991],[-105.53643,21.99993]]],[[[-105.53566,21.9796],[-105.54497,21.99579],[-105.54665,22.00119],[-105.54376,22.00351],[-105.53583,21.98655],[-105.53566,21.9796]]],[[[-105.56989,20.69779],[-105.56936,20.70217],[-105.56416,20.70232],[-105.56989,20.69779]]],[[[-105.56917,22.006],[-105.57238,22.0132],[-105.56891,22.01038],[-105.56917,22.006]]],[[[-105.5852,20.69401],[-105.58837,20.69812],[-105.58222,20.70252],[-105.58139,20.6984],[-105.5852,20.69401]]],[[[-105.58731,22.05177],[-105.58899,22.05691],[-105.5865,22.05615],[-105.58731,22.05177]]],[[[-105.58813,22.04996],[-105.59249,22.05905],[-105.58954,22.05717],[-105.58813,22.04996]]],[[[-105.59311,22.5121],[-105.59368,22.51583],[-105.59035,22.51417],[-105.59311,22.5121]]],[[[-105.60538,22.56126],[-105.6055,22.55634],[-105.60745,22.5589],[-105.60538,22.56126]]],[[[-105.60705,22.46738],[-105.60845,22.47111],[-105.60567,22.46931],[-105.60705,22.46738]]],[[[-105.61011,22.4702],[-105.61497,22.47211],[-105.61345,22.47443],[-105.6079,22.47175],[-105.61011,22.4702]]],[[[-105.60985,22.0262],[-105.61194,22.03237],[-105.61015,22.03341],[-105.60985,22.0262]]],[[[-105.61991,22.61833],[-105.62189,22.62604],[-105.61826,22.62014],[-105.61991,22.61833]]],[[[-105.62293,22.61033],[-105.6299,22.62009],[-105.62741,22.61984],[-105.62293,22.61033]]],[[[-105.62548,22.62397],[-105.63163,22.63347],[-105.62552,22.63118],[-105.62548,22.62397]]],[[[-105.63121,22.60181],[-105.63374,22.60952],[-105.62763,22.608],[-105.62609,22.60363],[-105.63121,22.60181]]],[[[-105.62991,22.37576],[-105.62771,22.38015],[-105.62687,22.37758],[-105.62991,22.37576]]],[[[-105.63797,22.29238],[-105.62827,22.22541],[-105.63206,22.20917],[-105.6351,22.20839],[-105.63637,22.21379],[-105.63983,22.21429],[-105.63736,22.18817],[-105.64234,22.18854],[-105.64808,22.20448],[-105.66486,22.30353],[-105.68724,22.38222],[-105.72017,22.45957],[-105.76073,22.53225],[-105.75553,22.54463],[-105.75716,22.53777],[-105.75264,22.54076],[-105.74793,22.53579],[-105.72747,22.49199],[-105.71834,22.4803],[-105.72095,22.47759],[-105.7159,22.46449],[-105.70467,22.46196],[-105.7051,22.46556],[-105.67707,22.46813],[-105.67079,22.47369],[-105.67041,22.48116],[-105.67431,22.49652],[-105.67417,22.51281],[-105.68881,22.55935],[-105.68734,22.57042],[-105.68485,22.57121],[-105.67854,22.55656],[-105.68005,22.55346],[-105.67326,22.52569],[-105.67006,22.52235],[-105.67108,22.50381],[-105.66619,22.49508],[-105.66488,22.48273],[-105.6687,22.46958],[-105.66188,22.46266],[-105.66016,22.45134],[-105.65392,22.4493],[-105.65295,22.41918],[-105.64627,22.38265],[-105.63797,22.29238]]],[[[-105.62997,22.63477],[-105.63469,22.63526],[-105.63749,22.64143],[-105.62997,22.63477]]],[[[-105.63485,22.39711],[-105.63747,22.42491],[-105.63797,22.41461],[-105.64061,22.41537],[-105.64133,22.45218],[-105.63621,22.45195],[-105.63295,22.43574],[-105.63485,22.39711]]],[[[-105.63451,22.65727],[-105.64582,22.67203],[-105.64165,22.67076],[-105.63451,22.65727]]],[[[-105.63383,22.38643],[-105.63563,22.38707],[-105.63567,22.39582],[-105.63383,22.38643]]],[[[-105.64106,22.45412],[-105.64748,22.46336],[-105.66456,22.47269],[-105.65411,22.49024],[-105.65469,22.49513],[-105.66123,22.50051],[-105.66127,22.50952],[-105.65687,22.51661],[-105.65257,22.51522],[-105.64989,22.50622],[-105.64868,22.48305],[-105.63951,22.47897],[-105.63677,22.45529],[-105.64106,22.45412]]],[[[-105.63836,22.65031],[-105.64325,22.65634],[-105.64172,22.65737],[-105.63836,22.65031]]],[[[-105.63805,22.64271],[-105.64196,22.64811],[-105.63738,22.64658],[-105.63805,22.64271]]],[[[-105.63876,22.61671],[-105.64172,22.627],[-105.63782,22.62263],[-105.63876,22.61671]]],[[[-105.64153,22.6149],[-105.646,22.6226],[-105.64435,22.62595],[-105.64153,22.6149]]],[[[-105.64335,22.64874],[-105.6456,22.65556],[-105.64087,22.65171],[-105.64335,22.64874]]],[[[-105.64479,22.65968],[-105.65526,22.67483],[-105.65068,22.67459],[-105.64594,22.6692],[-105.64479,22.65968]]],[[[-105.64797,22.62826],[-105.64786,22.63469],[-105.64384,22.63548],[-105.64797,22.62826]]],[[[-105.64837,22.6558],[-105.65759,22.66864],[-105.65343,22.66814],[-105.64812,22.66147],[-105.64837,22.6558]]],[[[-105.65042,22.67871],[-105.66297,22.6923],[-105.65464,22.69053],[-105.65042,22.67871]]],[[[-105.65116,22.65759],[-105.65952,22.66528],[-105.65842,22.66863],[-105.65116,22.65759]]],[[[-105.65207,22.61511],[-105.65651,22.61586],[-105.65751,22.62178],[-105.65348,22.62128],[-105.65207,22.61511]]],[[[-105.65461,22.56593],[-105.66361,22.57293],[-105.66133,22.5816],[-105.65256,22.57314],[-105.65461,22.56593]]],[[[-105.65735,22.67649],[-105.66824,22.69022],[-105.66519,22.69062],[-105.6571,22.68229],[-105.65444,22.67792],[-105.65735,22.67649]]],[[[-105.65995,22.52317],[-105.6718,22.53857],[-105.67077,22.55453],[-105.66078,22.552],[-105.65988,22.53758],[-105.65638,22.53168],[-105.65995,22.52317]]],[[[-105.65857,22.64083],[-105.66525,22.64608],[-105.66443,22.6493],[-105.65857,22.64083]]],[[[-105.66511,22.55932],[-105.66791,22.56561],[-105.66739,22.57334],[-105.66435,22.57413],[-105.66068,22.56024],[-105.66511,22.55932]]],[[[-105.67255,22.6073],[-105.67313,22.61271],[-105.67036,22.61298],[-105.67255,22.6073]]],[[[-105.68066,22.62104],[-105.68859,22.62654],[-105.69797,22.64388],[-105.68797,22.64148],[-105.6846,22.63403],[-105.68155,22.63352],[-105.68262,22.62605],[-105.68012,22.62362],[-105.67042,22.62559],[-105.67179,22.62185],[-105.68066,22.62104]]],[[[-105.67143,22.66317],[-105.68019,22.66777],[-105.67812,22.66945],[-105.67143,22.66317]]],[[[-105.67302,22.64682],[-105.67638,22.65286],[-105.67304,22.65184],[-105.67302,22.64682]]],[[[-105.67488,22.68659],[-105.6831,22.69325],[-105.67796,22.69378],[-105.67488,22.68659]]],[[[-105.69155,22.69167],[-105.69407,22.69577],[-105.69157,22.69604],[-105.69155,22.69167]]],[[[-105.72067,22.74277],[-105.71958,22.74702],[-105.71762,22.74278],[-105.72067,22.74277]]],[[[-105.73713,22.70614],[-105.73965,22.71102],[-105.73382,22.71001],[-105.73713,22.70614]]],[[[-105.74383,22.71293],[-105.74633,22.71485],[-105.74413,22.71717],[-105.74161,22.71358],[-105.74383,22.71293]]],[[[-105.74801,22.7169],[-105.75277,22.72434],[-105.74566,22.71897],[-105.74801,22.7169]]],[[[-105.75666,22.72458],[-105.75501,22.72832],[-105.75222,22.72563],[-105.75666,22.72458]]],[[[-105.75696,22.73012],[-105.76562,22.73947],[-105.76257,22.74],[-105.75696,22.73012]]],[[[-105.79286,22.74577],[-105.7994,22.75012],[-105.799,22.75244],[-105.79286,22.74577]]],[[[-105.79553,22.75142],[-105.82092,22.77472],[-105.81915,22.78014],[-105.8108,22.77632],[-105.8116,22.77065],[-105.79553,22.75142]]],[[[-105.83325,22.77067],[-105.84829,22.7778],[-105.84219,22.77976],[-105.83133,22.77364],[-105.83325,22.77067]]],[[[-105.88704,21.84033],[-105.88611,21.84548],[-105.88972,21.84907],[-105.88795,21.85358],[-105.88131,21.8504],[-105.88031,21.84448],[-105.88704,21.84033]]],[[[-106.23014,21.29129],[-106.2335,21.29899],[-106.23763,21.29935],[-106.24224,21.29262],[-106.25598,21.29277],[-106.25932,21.29777],[-106.26759,21.30093],[-106.27953,21.3159],[-106.2588,21.33433],[-106.23597,21.3318],[-106.23216,21.33556],[-106.22331,21.32906],[-106.22617,21.32582],[-106.22614,21.30574],[-106.23014,21.29129]]],[[[-106.45581,21.4437],[-106.46881,21.45157],[-106.47912,21.45148],[-106.49263,21.46783],[-106.48421,21.47898],[-106.45797,21.49543],[-106.4519,21.49355],[-106.43653,21.49716],[-106.43263,21.49191],[-106.42132,21.48815],[-106.39982,21.48344],[-106.37258,21.48251],[-106.35983,21.45764],[-106.38036,21.44769],[-106.38627,21.43219],[-106.38683,21.41931],[-106.41272,21.42347],[-106.41828,21.43025],[-106.42961,21.43556],[-106.4457,21.43632],[-106.44892,21.44286],[-106.45581,21.4437]]],[[[-106.4626,23.22649],[-106.4709,23.23465],[-106.46566,23.23856],[-106.4626,23.22649]]],[[[-106.47609,23.25005],[-106.48002,23.25258],[-106.47534,23.25842],[-106.47282,23.25728],[-106.47609,23.25005]]],[[[-106.63704,21.6302],[-106.64381,21.64455],[-106.65579,21.65653],[-106.64854,21.66098],[-106.64718,21.67386],[-106.66021,21.69433],[-106.63266,21.69318],[-106.62435,21.68953],[-106.60758,21.69227],[-106.5982,21.69095],[-106.59346,21.68571],[-106.57415,21.68229],[-106.54618,21.66814],[-106.53491,21.65692],[-106.53917,21.64324],[-106.53657,21.63219],[-106.51919,21.61588],[-106.51303,21.60589],[-106.50558,21.60416],[-106.51466,21.59043],[-106.51569,21.58321],[-106.51171,21.57089],[-106.52007,21.56837],[-106.5207,21.56257],[-106.53283,21.55165],[-106.53221,21.5447],[-106.54156,21.54462],[-106.53713,21.5547],[-106.54534,21.56338],[-106.59174,21.57877],[-106.62885,21.59901],[-106.62808,21.61639],[-106.63704,21.6302]]],[[[-106.67797,21.7289],[-106.68771,21.74913],[-106.68643,21.75739],[-106.68189,21.75846],[-106.67711,21.77383],[-106.67188,21.77452],[-106.66553,21.74884],[-106.6588,21.73887],[-106.67797,21.7289]]],[[[-107.04462,23.99222],[-107.04972,23.99576],[-107.04891,23.99731],[-107.04462,23.99222]]],[[[-107.05155,24.00512],[-107.05396,24.00702],[-107.05134,24.00937],[-107.05155,24.00512]]],[[[-107.08613,24.03051],[-107.0895,24.03098],[-107.08928,24.03433],[-107.08613,24.03051]]],[[[-107.09383,24.03851],[-107.09721,24.03988],[-107.09444,24.04211],[-107.09383,24.03851]]],[[[-107.10462,24.04441],[-107.10435,24.04368],[-107.10519,24.04255],[-107.10462,24.04441]]],[[[-107.11015,24.04331],[-107.11077,24.04677],[-107.10781,24.04591],[-107.11015,24.04331]]],[[[-107.111,24.05102],[-107.11101,24.05123],[-107.11087,24.05127],[-107.111,24.05102]]],[[[-107.1147,24.0471],[-107.11506,24.05225],[-107.1121,24.05126],[-107.1147,24.0471]]],[[[-107.12127,24.05499],[-107.1266,24.05543],[-107.12607,24.05724],[-107.12127,24.05499]]],[[[-107.12781,24.06043],[-107.13216,24.06101],[-107.13208,24.06462],[-107.12781,24.06043]]],[[[-107.16437,24.085],[-107.1669,24.08574],[-107.16419,24.09118],[-107.16437,24.085]]],[[[-107.17437,24.11342],[-107.17891,24.11632],[-107.17503,24.11882],[-107.17437,24.11342]]],[[[-107.17655,24.1094],[-107.19744,24.11811],[-107.19609,24.12109],[-107.18594,24.11789],[-107.17655,24.1094]]],[[[-107.3292,24.18832],[-107.40589,24.23241],[-107.41094,24.23953],[-107.41034,24.2452],[-107.39294,24.23004],[-107.36105,24.21999],[-107.35673,24.21362],[-107.33354,24.2033],[-107.33005,24.19654],[-107.31447,24.18829],[-107.31541,24.18544],[-107.30273,24.17483],[-107.29262,24.17395],[-107.28635,24.16826],[-107.28158,24.16794],[-107.27581,24.15903],[-107.26634,24.15454],[-107.26498,24.1489],[-107.2566,24.15095],[-107.22815,24.12731],[-107.21688,24.12387],[-107.21142,24.11598],[-107.20608,24.11503],[-107.20712,24.11038],[-107.19926,24.10972],[-107.19808,24.10652],[-107.23743,24.12846],[-107.3292,24.18832]]],[[[-107.38515,24.23338],[-107.39222,24.23661],[-107.38748,24.2381],[-107.38515,24.23338]]],[[[-107.49796,24.32122],[-107.50167,24.32399],[-107.49777,24.32585],[-107.49796,24.32122]]],[[[-107.50545,24.40213],[-107.50737,24.40672],[-107.50442,24.40703],[-107.50545,24.40213]]],[[[-107.51371,24.33703],[-107.51352,24.34128],[-107.51168,24.3408],[-107.51371,24.33703]]],[[[-107.54977,24.35714],[-107.55685,24.35972],[-107.55095,24.35969],[-107.54977,24.35714]]],[[[-107.57096,24.50186],[-107.57941,24.50249],[-107.57271,24.50505],[-107.57096,24.50186]]],[[[-107.62356,24.43549],[-107.63111,24.44064],[-107.62616,24.43931],[-107.62356,24.43549]]],[[[-107.70963,24.49275],[-107.72176,24.49485],[-107.71848,24.49915],[-107.70891,24.49829],[-107.70963,24.49275]]],[[[-107.70979,24.49995],[-107.71609,24.50549],[-107.71233,24.5071],[-107.70979,24.49995]]],[[[-107.72432,24.49621],[-107.72631,24.49734],[-107.72357,24.5006],[-107.72184,24.49844],[-107.72432,24.49621]]],[[[-107.79437,24.56245],[-107.79925,24.56673],[-107.79673,24.56729],[-107.79437,24.56245]]],[[[-107.82197,24.52644],[-107.82747,24.53997],[-107.83612,24.54932],[-107.87401,24.57098],[-107.87492,24.57996],[-107.86991,24.57003],[-107.85323,24.56597],[-107.83335,24.55117],[-107.82447,24.53745],[-107.80893,24.53414],[-107.82197,24.52644]]],[[[-107.81769,24.58632],[-107.8196,24.59001],[-107.81707,24.59032],[-107.81769,24.58632]]],[[[-107.82533,24.52206],[-107.82007,24.52291],[-107.82604,24.52006],[-107.83048,24.52371],[-107.829,24.52669],[-107.82591,24.52649],[-107.82533,24.52206]]],[[[-107.96566,24.97229],[-107.96991,24.97917],[-107.95045,24.97943],[-107.94994,24.97413],[-107.95541,24.96879],[-107.95202,24.96256],[-107.95741,24.96361],[-107.96566,24.97229]]],[[[-108.13745,24.96958],[-108.1394,24.97681],[-108.13203,24.98439],[-108.1315,25.00109],[-108.13422,25.01761],[-108.1444,25.04121],[-108.14151,25.05015],[-108.13531,25.04952],[-108.12944,25.03474],[-108.11779,25.02012],[-108.10646,25.01578],[-108.10241,25.00799],[-108.08996,24.99746],[-108.07381,24.99431],[-108.06009,24.97784],[-108.06208,24.97106],[-108.05978,24.94955],[-108.0522,24.94785],[-108.0515,24.94167],[-108.0477,24.94159],[-108.04542,24.93666],[-108.05232,24.91931],[-108.04767,24.88939],[-108.04491,24.88676],[-108.042,24.8435],[-108.04602,24.84023],[-108.0468,24.84282],[-108.05063,24.84213],[-108.0537,24.85504],[-108.06168,24.86343],[-108.07064,24.88958],[-108.06801,24.89364],[-108.06981,24.90114],[-108.07886,24.92369],[-108.08312,24.95823],[-108.08866,24.96863],[-108.09163,24.96843],[-108.09028,24.99001],[-108.09895,24.99326],[-108.08802,24.95396],[-108.08489,24.95493],[-108.08173,24.93378],[-108.08217,24.92684],[-108.08667,24.92153],[-108.0787,24.91854],[-108.08035,24.90829],[-108.07662,24.89304],[-108.04951,24.82371],[-108.06861,24.82628],[-108.08964,24.83698],[-108.08518,24.841],[-108.07054,24.82824],[-108.06944,24.8389],[-108.07283,24.83845],[-108.07428,24.84876],[-108.08013,24.85788],[-108.07835,24.86144],[-108.08571,24.87213],[-108.09829,24.91301],[-108.1136,24.93954],[-108.12352,24.96802],[-108.1401,24.96487],[-108.14336,24.9702],[-108.13745,24.96958]]],[[[-108.05654,24.80071],[-108.0754,24.81304],[-108.07561,24.81613],[-108.06269,24.80842],[-108.06346,24.8056],[-108.05654,24.80071]]],[[[-108.28466,25.07509],[-108.33188,25.10514],[-108.33846,25.12069],[-108.32787,25.12705],[-108.33068,25.11463],[-108.31823,25.12212],[-108.32116,25.11086],[-108.29757,25.10464],[-108.29013,25.09615],[-108.27527,25.09099],[-108.26756,25.0821],[-108.26738,25.07786],[-108.26257,25.0779],[-108.26479,25.07331],[-108.25338,25.05972],[-108.24447,25.0539],[-108.23571,25.05451],[-108.23678,25.0445],[-108.21555,25.02172],[-108.19988,24.997],[-108.19441,24.99587],[-108.18787,24.98571],[-108.18172,24.98277],[-108.18444,24.98127],[-108.1808,24.97375],[-108.15761,24.95145],[-108.15,24.93896],[-108.13418,24.92785],[-108.12671,24.90945],[-108.11203,24.89193],[-108.12675,24.90173],[-108.11502,24.87887],[-108.11753,24.89204],[-108.1122,24.88499],[-108.10296,24.84572],[-108.1048,24.83354],[-108.11315,24.83782],[-108.11276,24.83022],[-108.11703,24.82851],[-108.10408,24.82774],[-108.10075,24.82575],[-108.10332,24.82413],[-108.10117,24.81997],[-108.08975,24.82026],[-108.08861,24.81458],[-108.11321,24.82316],[-108.12248,24.83041],[-108.1252,24.84692],[-108.14187,24.88196],[-108.2161,25.00373],[-108.24824,25.04342],[-108.28466,25.07509]]],[[[-108.09765,24.84986],[-108.10317,24.86116],[-108.10003,24.86855],[-108.09555,24.86127],[-108.09489,24.85354],[-108.09765,24.84986]]],[[[-108.10372,24.87968],[-108.11017,24.88727],[-108.10691,24.88798],[-108.10212,24.88197],[-108.10372,24.87968]]],[[[-108.22413,25.16707],[-108.22936,25.17295],[-108.22516,25.17133],[-108.22413,25.16707]]],[[[-108.25665,25.15353],[-108.2704,25.15777],[-108.27268,25.16321],[-108.26995,25.16548],[-108.26043,25.16119],[-108.25665,25.15353]]],[[[-108.33486,25.16936],[-108.33821,25.18421],[-108.35208,25.19629],[-108.3495,25.19817],[-108.35342,25.19966],[-108.35187,25.20632],[-108.32484,25.18808],[-108.30379,25.16841],[-108.30091,25.1645],[-108.30333,25.16377],[-108.32703,25.17835],[-108.31968,25.16562],[-108.30427,25.1598],[-108.30084,25.16129],[-108.29222,25.15496],[-108.27363,25.15217],[-108.26969,25.14515],[-108.27441,25.1428],[-108.33608,25.16527],[-108.3578,25.16707],[-108.35698,25.17272],[-108.34903,25.17437],[-108.35469,25.18039],[-108.35859,25.17635],[-108.36648,25.19089],[-108.35874,25.18921],[-108.35825,25.1856],[-108.35269,25.18138],[-108.34872,25.18208],[-108.34241,25.17335],[-108.33486,25.16936]]],[[[-108.36698,25.16081],[-108.36895,25.16148],[-108.36456,25.16848],[-108.36264,25.16562],[-108.36698,25.16081]]],[[[-108.36867,25.1481],[-108.38041,25.16079],[-108.38441,25.17835],[-108.38041,25.18059],[-108.37882,25.1623],[-108.37302,25.15603],[-108.36802,25.15851],[-108.36975,25.15044],[-108.36267,25.15083],[-108.36867,25.1481]]],[[[-108.4472,25.29815],[-108.45111,25.30079],[-108.44571,25.30185],[-108.44479,25.29875],[-108.4472,25.29815]]],[[[-108.51488,25.30934],[-108.50926,25.31452],[-108.50731,25.31294],[-108.51488,25.30934]]],[[[-108.53522,25.31122],[-108.53584,25.32229],[-108.5299,25.31538],[-108.53522,25.31122]]],[[[-108.59789,25.32576],[-108.65934,25.34643],[-108.75095,25.36741],[-108.74296,25.37089],[-108.71189,25.36706],[-108.68036,25.35718],[-108.67918,25.35961],[-108.67298,25.35861],[-108.64227,25.35079],[-108.63413,25.34719],[-108.63648,25.34285],[-108.62525,25.33791],[-108.61281,25.33732],[-108.61177,25.33242],[-108.54091,25.30965],[-108.53972,25.30525],[-108.54555,25.30381],[-108.59789,25.32576]]],[[[-108.55856,25.31856],[-108.56527,25.32227],[-108.55906,25.32165],[-108.55856,25.31856]]],[[[-108.73508,25.44421],[-108.7348,25.45167],[-108.72783,25.4531],[-108.72912,25.44438],[-108.73508,25.44421]]],[[[-108.73467,25.46581],[-108.73402,25.47018],[-108.73094,25.46833],[-108.73467,25.46581]]],[[[-108.76946,25.37695],[-108.78551,25.38221],[-108.79205,25.3962],[-108.78889,25.39885],[-108.78555,25.39559],[-108.78607,25.39045],[-108.78036,25.38522],[-108.7705,25.38211],[-108.76948,25.38403],[-108.77871,25.39034],[-108.77256,25.39333],[-108.75883,25.38528],[-108.7668,25.38296],[-108.76373,25.38072],[-108.76946,25.37695]]],[[[-108.76787,25.37101],[-108.78226,25.37393],[-108.78305,25.37729],[-108.76787,25.37101]]],[[[-108.79846,25.49534],[-108.79867,25.4992],[-108.79526,25.50005],[-108.79164,25.49639],[-108.79846,25.49534]]],[[[-108.79991,25.4623],[-108.80706,25.46691],[-108.80573,25.46972],[-108.80317,25.47007],[-108.79991,25.4623]]],[[[-108.93174,25.42563],[-108.99163,25.43572],[-109.01994,25.43739],[-109.02571,25.43992],[-109.02465,25.44363],[-109.01162,25.44346],[-109.00549,25.43733],[-108.99724,25.43953],[-108.97549,25.43512],[-108.97488,25.43794],[-108.9701,25.43556],[-108.94799,25.43654],[-108.94322,25.43377],[-108.9327,25.43606],[-108.92633,25.43323],[-108.9232,25.43644],[-108.91327,25.42897],[-108.88051,25.4231],[-108.87256,25.42389],[-108.89459,25.42793],[-108.89,25.43095],[-108.8922,25.4351],[-108.88628,25.43347],[-108.8573,25.42186],[-108.83373,25.40943],[-108.8324,25.40452],[-108.8186,25.40033],[-108.81867,25.39634],[-108.81052,25.393],[-108.81114,25.38967],[-108.80455,25.3861],[-108.80221,25.37474],[-108.8072,25.37289],[-108.8709,25.40598],[-108.93174,25.42563]]],[[[-108.81681,25.48365],[-108.82017,25.48602],[-108.82786,25.48381],[-108.83428,25.4897],[-108.83328,25.49766],[-108.82734,25.50477],[-108.82882,25.50917],[-108.82012,25.51238],[-108.82093,25.50699],[-108.82494,25.50448],[-108.81932,25.5017],[-108.81391,25.50303],[-108.81343,25.49839],[-108.80647,25.49932],[-108.80781,25.49535],[-108.81474,25.49635],[-108.81588,25.4884],[-108.80849,25.48919],[-108.81681,25.48365]]],[[[-108.81593,25.51695],[-108.81413,25.52207],[-108.81162,25.51972],[-108.81593,25.51695]]],[[[-108.84031,25.50072],[-108.84332,25.50681],[-108.83839,25.50519],[-108.84031,25.50072]]],[[[-108.84251,25.47297],[-108.84597,25.47778],[-108.84347,25.4825],[-108.83856,25.48024],[-108.84251,25.47297]]],[[[-108.87941,25.48611],[-108.88227,25.49271],[-108.88036,25.49629],[-108.86466,25.50275],[-108.85625,25.51304],[-108.84637,25.51097],[-108.84743,25.4989],[-108.85282,25.49872],[-108.84353,25.49524],[-108.84532,25.49038],[-108.85207,25.49317],[-108.8534,25.49795],[-108.85964,25.49817],[-108.86029,25.49317],[-108.87594,25.49005],[-108.87941,25.48611]]],[[[-108.86486,25.50738],[-108.86824,25.50872],[-108.86494,25.51073],[-108.86486,25.50738]]],[[[-108.8742,25.47575],[-108.87788,25.47619],[-108.87832,25.48314],[-108.87213,25.48099],[-108.8742,25.47575]]],[[[-108.88263,25.51214],[-108.88702,25.51285],[-108.88529,25.52247],[-108.87848,25.5225],[-108.88263,25.51214]]],[[[-109.0184,25.46207],[-109.03057,25.48076],[-109.02389,25.48183],[-109.02425,25.48556],[-109.01006,25.46955],[-109.00095,25.47226],[-109.00073,25.46814],[-109.0184,25.46207]]],[[[-109.01442,25.61792],[-109.01465,25.62114],[-109.01123,25.62213],[-109.01042,25.61928],[-109.01442,25.61792]]],[[[-109.1146,25.5813],[-109.11364,25.58798],[-109.10892,25.59023],[-109.11531,25.59881],[-109.11423,25.60445],[-109.10326,25.59839],[-109.10192,25.59336],[-109.10201,25.58783],[-109.11136,25.58834],[-109.1146,25.5813]]],[[[-109.10571,25.5716],[-109.12813,25.58636],[-109.1104,25.57739],[-109.10571,25.5716]]],[[[-109.39443,25.63675],[-109.39812,25.63717],[-109.39437,25.64125],[-109.38136,25.63789],[-109.36742,25.64018],[-109.35742,25.64508],[-109.3578,25.64856],[-109.35106,25.6535],[-109.31837,25.65622],[-109.31843,25.65249],[-109.31333,25.65127],[-109.27281,25.64629],[-109.23783,25.63185],[-109.23721,25.63493],[-109.24424,25.63965],[-109.21931,25.63639],[-109.18438,25.61872],[-109.18442,25.61615],[-109.19232,25.61959],[-109.19321,25.6169],[-109.22477,25.63182],[-109.20062,25.61442],[-109.17413,25.60238],[-109.16474,25.5858],[-109.16566,25.57192],[-109.16221,25.5657],[-109.15839,25.56488],[-109.16469,25.56084],[-109.16596,25.57089],[-109.17286,25.58333],[-109.20335,25.61252],[-109.21584,25.62155],[-109.24886,25.63456],[-109.27826,25.64237],[-109.31936,25.64645],[-109.34635,25.6447],[-109.37456,25.63678],[-109.39443,25.63675]]],[[[-109.20314,26.34691],[-109.20998,26.34776],[-109.20937,26.35046],[-109.20339,26.34935],[-109.20314,26.34691]]],[[[-109.20926,26.33914],[-109.20921,26.34248],[-109.20522,26.34192],[-109.20926,26.33914]]],[[[-109.25069,26.33708],[-109.24174,26.40051],[-109.23489,26.37187],[-109.23055,26.36603],[-109.23681,26.34835],[-109.25069,26.33708]]],[[[-109.23787,26.29743],[-109.24068,26.30068],[-109.23525,26.30087],[-109.23787,26.29743]]],[[[-109.25123,25.70521],[-109.25252,25.71423],[-109.2496,25.70982],[-109.25123,25.70521]]],[[[-109.2545,25.69547],[-109.25827,25.69989],[-109.25555,25.7014],[-109.2545,25.69547]]],[[[-109.30106,25.65589],[-109.31266,25.65847],[-109.30924,25.65971],[-109.30106,25.65589]]],[[[-109.38666,25.7711],[-109.38142,25.78056],[-109.3749,25.77946],[-109.37493,25.77663],[-109.38666,25.7711]]],[[[-109.38956,25.76676],[-109.39064,25.77063],[-109.38809,25.77034],[-109.38956,25.76676]]],[[[-109.40077,25.7041],[-109.41193,25.76186],[-109.42774,25.7911],[-109.43346,25.80995],[-109.431,25.81339],[-109.43026,25.80515],[-109.42746,25.80191],[-109.42516,25.80342],[-109.42866,25.80809],[-109.42098,25.81843],[-109.41501,25.8185],[-109.40801,25.77879],[-109.39296,25.76731],[-109.3995,25.76687],[-109.40162,25.75711],[-109.39876,25.74833],[-109.40203,25.74785],[-109.39825,25.72234],[-109.40011,25.7113],[-109.39587,25.68861],[-109.39087,25.68006],[-109.39162,25.67673],[-109.39851,25.68195],[-109.40077,25.7041]]],[[[-109.40666,26.03813],[-109.40317,26.0435],[-109.40806,26.0505],[-109.40741,26.05666],[-109.40404,26.06357],[-109.3972,26.06401],[-109.40553,26.0587],[-109.4016,26.04374],[-109.40266,26.03937],[-109.40666,26.03813]]],[[[-109.41454,25.83238],[-109.41056,25.84366],[-109.41137,25.85731],[-109.40541,25.85647],[-109.40086,25.84561],[-109.40667,25.83693],[-109.41454,25.83238]]],[[[-109.42108,25.89716],[-109.43523,25.91288],[-109.44213,25.92968],[-109.43799,25.9308],[-109.43604,25.92717],[-109.43918,25.92669],[-109.4384,25.92089],[-109.42486,25.91226],[-109.42108,25.89716]]],[[[-109.4214,25.91531],[-109.42841,25.92336],[-109.42442,25.92357],[-109.4214,25.91531]]],[[[-109.42325,25.92613],[-109.43281,25.93499],[-109.42683,25.93518],[-109.42325,25.92613]]],[[[-109.43185,25.94321],[-109.44259,25.94847],[-109.43829,25.95061],[-109.43185,25.94321]]],[[[-109.44387,25.93768],[-109.44547,25.94567],[-109.44278,25.94461],[-109.44387,25.93768]]],[[[-109.91769,24.28516],[-109.92249,24.29896],[-109.93787,24.32365],[-109.93142,24.37302],[-109.92526,24.36963],[-109.91562,24.34691],[-109.88729,24.31042],[-109.88156,24.29133],[-109.8735,24.28201],[-109.86939,24.27039],[-109.85672,24.25794],[-109.85484,24.24866],[-109.8472,24.24037],[-109.84198,24.2272],[-109.82944,24.21733],[-109.81766,24.2018],[-109.80901,24.18191],[-109.80812,24.17135],[-109.79832,24.15429],[-109.8017,24.13758],[-109.81694,24.14246],[-109.86318,24.14719],[-109.86679,24.15159],[-109.87351,24.15267],[-109.87136,24.15845],[-109.893,24.1864],[-109.92103,24.25533],[-109.92288,24.26949],[-109.91769,24.28516]]],[[[-109.89331,26.97315],[-109.89348,26.97283],[-109.89421,26.97239],[-109.89331,26.97315]]],[[[-109.90469,26.97088],[-109.90362,26.97407],[-109.89416,26.97593],[-109.89487,26.97214],[-109.90469,26.97088]]],[[[-109.92146,26.97408],[-109.93612,27.00314],[-109.92717,26.99291],[-109.92146,26.97408]]],[[[-109.93906,27.02294],[-109.93898,27.01873],[-109.94315,27.01875],[-109.95401,27.04045],[-109.9681,27.05496],[-110.00903,27.07378],[-110.04144,27.08159],[-110.04559,27.08355],[-110.04542,27.0869],[-110.03822,27.08903],[-110.01443,27.08076],[-110.01512,27.08386],[-110.00725,27.07968],[-110.00321,27.08171],[-109.99595,27.07505],[-109.98865,27.08315],[-109.99558,27.07321],[-109.97347,27.06477],[-109.96141,27.05418],[-109.93906,27.02294]]],[[[-110.14867,27.11792],[-110.15556,27.11925],[-110.15411,27.12091],[-110.14867,27.11792]]],[[[-110.22705,27.13523],[-110.25721,27.14079],[-110.23448,27.14208],[-110.22705,27.13523]]],[[[-110.25311,27.15222],[-110.25598,27.15301],[-110.25481,27.15609],[-110.24531,27.15642],[-110.24289,27.15345],[-110.25311,27.15222]]],[[[-110.26347,27.15099],[-110.25968,27.15817],[-110.25565,27.15944],[-110.25741,27.15327],[-110.26347,27.15099]]],[[[-110.28526,27.16229],[-110.2884,27.16604],[-110.28595,27.16654],[-110.28526,27.16229]]],[[[-110.38516,24.47618],[-110.38921,24.48006],[-110.3875,24.4852],[-110.38271,24.48724],[-110.38466,24.49124],[-110.38917,24.48958],[-110.3914,24.49358],[-110.39053,24.49898],[-110.38248,24.50577],[-110.38429,24.50887],[-110.39695,24.50956],[-110.38735,24.51583],[-110.39916,24.51794],[-110.39549,24.52114],[-110.38282,24.52238],[-110.36138,24.53361],[-110.34929,24.5315],[-110.33527,24.52385],[-110.32019,24.50164],[-110.31204,24.50071],[-110.30499,24.50441],[-110.3018,24.49513],[-110.30593,24.48717],[-110.29922,24.47838],[-110.29136,24.47732],[-110.28873,24.4701],[-110.29287,24.45828],[-110.30779,24.45564],[-110.30991,24.45244],[-110.31279,24.44087],[-110.30753,24.42591],[-110.31768,24.4203],[-110.32564,24.40309],[-110.33898,24.40456],[-110.34772,24.40074],[-110.35133,24.40835],[-110.34483,24.41514],[-110.34735,24.41721],[-110.3544,24.41402],[-110.35437,24.41943],[-110.34562,24.42621],[-110.34686,24.43046],[-110.36215,24.43683],[-110.37049,24.42876],[-110.37225,24.44074],[-110.37591,24.44075],[-110.37125,24.44524],[-110.37728,24.44694],[-110.37727,24.44925],[-110.3539,24.45598],[-110.35374,24.45932],[-110.3702,24.45695],[-110.36849,24.46273],[-110.36258,24.46373],[-110.35805,24.46951],[-110.37648,24.4674],[-110.37349,24.47433],[-110.36502,24.48163],[-110.3839,24.47399],[-110.38516,24.47618]]],[[[-110.40804,24.54423],[-110.40743,24.55336],[-110.39644,24.55679],[-110.39332,24.56141],[-110.40289,24.56119],[-110.40076,24.56556],[-110.40652,24.56829],[-110.41526,24.56459],[-110.41383,24.56922],[-110.40366,24.57716],[-110.40165,24.58616],[-110.39543,24.59192],[-110.38896,24.59035],[-110.38013,24.58247],[-110.38019,24.57191],[-110.36715,24.56259],[-110.36606,24.55538],[-110.36211,24.55588],[-110.36035,24.54326],[-110.3666,24.5317],[-110.37404,24.53392],[-110.37767,24.5396],[-110.38105,24.53923],[-110.38277,24.53177],[-110.39332,24.53336],[-110.39147,24.53695],[-110.39767,24.53582],[-110.38354,24.54876],[-110.3765,24.54976],[-110.37592,24.55285],[-110.38265,24.55661],[-110.40804,24.54423]]],[[[-110.37568,27.24853],[-110.38459,27.25102],[-110.38629,27.25463],[-110.38197,27.25499],[-110.37251,27.24878],[-110.37568,27.24853]]],[[[-110.40722,24.47949],[-110.40494,24.48501],[-110.3979,24.48627],[-110.40102,24.48152],[-110.40722,24.47949]]],[[[-110.44651,27.30286],[-110.44937,27.30751],[-110.44649,27.30827],[-110.44651,27.30286]]],[[[-110.46491,27.31091],[-110.46923,27.31119],[-110.46979,27.3153],[-110.46491,27.31091]]],[[[-110.47023,27.34309],[-110.47512,27.34388],[-110.47452,27.34877],[-110.46817,27.35261],[-110.4676,27.34964],[-110.4728,27.34799],[-110.47023,27.34309]]],[[[-110.47694,27.32511],[-110.4775,27.32923],[-110.47173,27.33049],[-110.47218,27.32612],[-110.47621,27.32819],[-110.47694,27.32511]]],[[[-110.51134,25.1111],[-110.50935,25.1147],[-110.5088,25.11135],[-110.51134,25.1111]]],[[[-110.52188,27.3914],[-110.5236,27.39423],[-110.51957,27.39409],[-110.52188,27.3914]]],[[[-110.67978,25.01839],[-110.69502,25.02112],[-110.70489,25.03067],[-110.71252,25.02991],[-110.71603,25.0388],[-110.71713,25.05321],[-110.71286,25.06427],[-110.71239,25.08615],[-110.70926,25.09438],[-110.71094,25.10082],[-110.70669,25.10505],[-110.69484,25.09384],[-110.69037,25.07375],[-110.68164,25.06138],[-110.66924,25.05234],[-110.60203,25.03905],[-110.58906,25.03155],[-110.58824,25.02293],[-110.58231,25.02227],[-110.58261,25.01841],[-110.57499,25.01633],[-110.57307,25.00062],[-110.5694,24.99881],[-110.5659,24.98928],[-110.57026,24.95454],[-110.55748,24.93597],[-110.54672,24.90814],[-110.52565,24.88285],[-110.52693,24.88028],[-110.54388,24.87326],[-110.55008,24.87495],[-110.55345,24.87908],[-110.56234,24.87859],[-110.56725,24.88658],[-110.57289,24.8866],[-110.5988,24.9034],[-110.61064,24.90755],[-110.61429,24.91387],[-110.62106,24.91594],[-110.64138,24.91381],[-110.64151,24.91895],[-110.63527,24.92923],[-110.64201,24.94006],[-110.6554,24.94781],[-110.66002,24.96301],[-110.65943,24.97202],[-110.67349,24.99212],[-110.67416,25.00808],[-110.67978,25.01839]]],[[[-110.55252,27.37027],[-110.54415,27.37552],[-110.54628,27.38299],[-110.53256,27.39002],[-110.52766,27.38961],[-110.5307,27.38576],[-110.53892,27.38502],[-110.54314,27.37474],[-110.55252,27.37027]]],[[[-110.53559,27.28402],[-110.55197,27.29372],[-110.58332,27.30347],[-110.59827,27.31226],[-110.59308,27.3134],[-110.59734,27.33014],[-110.58754,27.33268],[-110.58499,27.32135],[-110.56832,27.31063],[-110.5312,27.3024],[-110.53559,27.28402]]],[[[-110.54121,27.4581],[-110.55504,27.46123],[-110.56024,27.45868],[-110.55762,27.46536],[-110.55991,27.46974],[-110.55702,27.47114],[-110.5481,27.46545],[-110.53859,27.46452],[-110.54121,27.4581]]],[[[-110.54031,27.46556],[-110.5452,27.46969],[-110.54518,27.47535],[-110.53872,27.46838],[-110.54031,27.46556]]],[[[-110.5442,27.43148],[-110.54651,27.43213],[-110.54563,27.43611],[-110.54217,27.4352],[-110.5442,27.43148]]],[[[-110.57013,27.43889],[-110.57154,27.44739],[-110.56575,27.452],[-110.55769,27.44915],[-110.55223,27.44308],[-110.54718,27.44474],[-110.54892,27.44089],[-110.56492,27.44274],[-110.57013,27.43889]]],[[[-110.5575,27.42445],[-110.55458,27.43241],[-110.54866,27.43445],[-110.5523,27.42649],[-110.5575,27.42445]]],[[[-110.56468,24.81438],[-110.56621,24.82172],[-110.582,24.82254],[-110.58269,24.8264],[-110.58678,24.82744],[-110.58308,24.83618],[-110.57163,24.8431],[-110.56571,24.84179],[-110.56844,24.82919],[-110.56014,24.82273],[-110.56468,24.81438]]],[[[-110.58144,24.86642],[-110.57249,24.88171],[-110.56953,24.88144],[-110.58144,24.86642]]],[[[-110.5762,27.65967],[-110.57996,27.66045],[-110.57763,27.66353],[-110.57905,27.67151],[-110.57095,27.67303],[-110.57185,27.66377],[-110.5762,27.65967]]],[[[-110.57833,24.86461],[-110.58044,24.86584],[-110.57449,24.8727],[-110.57163,24.8715],[-110.57833,24.86461]]],[[[-110.58079,27.4397],[-110.58453,27.44241],[-110.58063,27.44587],[-110.5845,27.45077],[-110.57872,27.45359],[-110.57356,27.44688],[-110.57875,27.446],[-110.57733,27.43995],[-110.58079,27.4397]]],[[[-110.57583,27.53102],[-110.57842,27.5336],[-110.57524,27.53514],[-110.57583,27.53102]]],[[[-110.5786,27.33523],[-110.58521,27.33769],[-110.58634,27.344],[-110.58346,27.34502],[-110.58146,27.33974],[-110.58367,27.33739],[-110.5786,27.33523]]],[[[-110.58545,27.65944],[-110.58892,27.65971],[-110.58804,27.66279],[-110.58194,27.66946],[-110.57921,27.66534],[-110.58545,27.65944]]],[[[-110.58407,27.71771],[-110.58595,27.71913],[-110.57956,27.72503],[-110.57972,27.72066],[-110.58407,27.71771]]],[[[-110.58866,27.52944],[-110.59699,27.54472],[-110.59423,27.5514],[-110.58866,27.52944]]],[[[-110.60365,27.33891],[-110.60578,27.34612],[-110.59551,27.39857],[-110.59646,27.41273],[-110.59069,27.41567],[-110.60407,27.3558],[-110.60365,27.33891]]],[[[-110.59409,27.35149],[-110.60113,27.35845],[-110.59925,27.36012],[-110.59409,27.35149]]],[[[-110.59759,27.73808],[-110.6038,27.74002],[-110.59871,27.74683],[-110.59612,27.74437],[-110.59759,27.73808]]],[[[-110.5977,27.55013],[-110.61132,27.57409],[-110.60126,27.56172],[-110.5977,27.55013]]],[[[-110.60146,27.7058],[-110.60173,27.71172],[-110.59913,27.71132],[-110.60146,27.7058]]],[[[-110.60133,27.66257],[-110.60739,27.66568],[-110.60136,27.69422],[-110.60133,27.66257]]],[[[-110.60625,27.58077],[-110.61028,27.58425],[-110.60739,27.5854],[-110.60625,27.58077]]],[[[-110.61902,27.6459],[-110.62276,27.649],[-110.62174,27.65208],[-110.61871,27.65182],[-110.61902,27.6459]]],[[[-110.72528,25.25939],[-110.73416,25.27588],[-110.73059,25.29183],[-110.71244,25.30569],[-110.69941,25.30567],[-110.69006,25.31054],[-110.70185,25.29306],[-110.70913,25.26759],[-110.71764,25.2604],[-110.72528,25.25939]]],[[[-110.70421,25.19397],[-110.69967,25.20297],[-110.69542,25.20502],[-110.69529,25.19988],[-110.70421,25.19397]]],[[[-110.78439,25.60385],[-110.78935,25.60977],[-110.79272,25.62677],[-110.80504,25.64583],[-110.80262,25.65174],[-110.80488,25.65818],[-110.80046,25.66564],[-110.80016,25.68031],[-110.79703,25.68107],[-110.79859,25.68442],[-110.79331,25.69497],[-110.78848,25.69573],[-110.78079,25.71103],[-110.77396,25.71347],[-110.76889,25.69416],[-110.7635,25.69158],[-110.76935,25.67743],[-110.76073,25.65245],[-110.75628,25.60921],[-110.75771,25.60059],[-110.76227,25.59506],[-110.77502,25.60396],[-110.78439,25.60385]]],[[[-110.79796,19.33479],[-110.79118,19.3268],[-110.79608,19.3147],[-110.79975,19.31316],[-110.79664,19.30182],[-110.81211,19.29862],[-110.81753,19.30107],[-110.81453,19.31575],[-110.8034,19.31857],[-110.80407,19.32424],[-110.80014,19.32578],[-110.80121,19.33531],[-110.79796,19.33479]]],[[[-110.84374,27.88651],[-110.83953,27.89873],[-110.83619,27.9004],[-110.83736,27.89281],[-110.84374,27.88651]]],[[[-110.87412,27.90661],[-110.8747,27.91163],[-110.86977,27.91214],[-110.87412,27.90661]]],[[[-110.98792,18.86664],[-110.98346,18.86329],[-110.98589,18.86097],[-110.97913,18.85866],[-110.97656,18.86149],[-110.97494,18.85273],[-110.96898,18.85453],[-110.95438,18.83611],[-110.94707,18.84023],[-110.94383,18.8383],[-110.93747,18.82799],[-110.93815,18.82207],[-110.93301,18.82078],[-110.92991,18.8128],[-110.91734,18.80017],[-110.91599,18.78549],[-110.91221,18.78188],[-110.91857,18.76977],[-110.91587,18.75329],[-110.91967,18.73268],[-110.92845,18.72844],[-110.94062,18.73012],[-110.94251,18.722],[-110.94914,18.726],[-110.94873,18.72033],[-110.95198,18.7193],[-110.95765,18.72368],[-110.954,18.73089],[-110.96981,18.74493],[-110.97928,18.74699],[-110.98306,18.74442],[-110.98955,18.75305],[-110.99604,18.75382],[-110.99874,18.75794],[-111.00496,18.75279],[-111.01253,18.75627],[-111.01497,18.75395],[-111.01781,18.76078],[-111.01578,18.76477],[-111.02146,18.76928],[-111.02051,18.77469],[-111.02795,18.77507],[-111.02687,18.77842],[-111.03268,18.78035],[-111.03607,18.78692],[-111.0481,18.78395],[-111.04877,18.78053],[-111.05445,18.78112],[-111.05283,18.78653],[-111.04526,18.78988],[-111.04026,18.79915],[-111.0454,18.80276],[-111.04297,18.81177],[-111.05135,18.81589],[-111.02877,18.81937],[-111.02579,18.82491],[-111.01741,18.82234],[-111.00761,18.83523],[-111.00767,18.84707],[-110.99699,18.85196],[-110.99726,18.85737],[-110.98873,18.86123],[-110.99063,18.86458],[-110.98792,18.86664]]],[[[-111.02992,25.64969],[-111.04696,25.66397],[-111.04739,25.67786],[-111.05748,25.69613],[-111.05962,25.70668],[-111.05663,25.70861],[-111.04413,25.70707],[-111.04044,25.71325],[-111.03419,25.7139],[-111.0322,25.70283],[-111.02538,25.70026],[-111.02538,25.69614],[-111.01771,25.69395],[-111.01302,25.66989],[-111.02992,25.64969]]],[[[-111.16231,26.01955],[-111.16388,26.02225],[-111.16815,26.02006],[-111.1753,26.04192],[-111.14625,26.04684],[-111.13201,26.05303],[-111.13288,26.06281],[-111.12775,26.06668],[-111.12091,26.05935],[-111.10538,26.0564],[-111.10495,26.05228],[-111.1021,26.05203],[-111.0927,26.0577],[-111.07717,26.05977],[-111.07305,26.06646],[-111.06735,26.06543],[-111.06251,26.06929],[-111.07659,26.0433],[-111.0837,26.01807],[-111.08041,25.998],[-111.07001,25.9944],[-111.07129,25.98179],[-111.06701,25.97871],[-111.06473,25.96983],[-111.06814,25.96597],[-111.07185,25.97227],[-111.07783,25.97265],[-111.08695,25.98333],[-111.09364,25.98487],[-111.10376,25.99863],[-111.11856,25.99476],[-111.12182,25.9779],[-111.13191,25.9609],[-111.14101,25.95472],[-111.15735,25.92819],[-111.17341,25.91454],[-111.1798,25.90501],[-111.18064,25.89883],[-111.17779,25.896],[-111.18431,25.88235],[-111.18244,25.86589],[-111.18868,25.85726],[-111.19537,25.85763],[-111.20359,25.84501],[-111.20069,25.81182],[-111.20367,25.80615],[-111.21136,25.81605],[-111.22103,25.81745],[-111.22858,25.82258],[-111.23289,25.84728],[-111.22595,25.86196],[-111.21445,25.8697],[-111.21931,25.88436],[-111.21274,25.89578],[-111.2121,25.91037],[-111.20713,25.91372],[-111.20943,25.92736],[-111.19949,25.94101],[-111.1971,25.95594],[-111.18999,25.96058],[-111.18459,25.97191],[-111.16952,25.98274],[-111.16768,25.99226],[-111.17197,26.00307],[-111.16829,26.01542],[-111.16359,26.01569],[-111.16231,26.01955]]],[[[-111.15193,25.58244],[-111.15051,25.58823],[-111.14455,25.58541],[-111.15193,25.58244]]],[[[-111.24566,25.76478],[-111.25892,25.7829],[-111.2567,25.80915],[-111.25329,25.80813],[-111.25114,25.79964],[-111.24744,25.79849],[-111.24942,25.79295],[-111.24287,25.7891],[-111.24755,25.78189],[-111.24654,25.77494],[-111.24241,25.77109],[-111.24566,25.76478]]],[[[-111.2968,26.0986],[-111.28002,26.11021],[-111.27945,26.11382],[-111.28759,26.11895],[-111.27865,26.13415],[-111.26554,26.13675],[-111.26211,26.13444],[-111.26065,26.11758],[-111.26421,26.11642],[-111.26319,26.10548],[-111.27887,26.10622],[-111.2968,26.0986]]],[[[-111.29892,25.80766],[-111.30176,25.80817],[-111.29979,25.81306],[-111.30846,25.81394],[-111.30522,25.82553],[-111.29495,25.81384],[-111.29537,25.80934],[-111.29892,25.80766]]],[[[-111.36749,27.9521],[-111.38026,27.95927],[-111.38856,27.97263],[-111.38991,27.98471],[-111.38731,27.98575],[-111.3732,27.96958],[-111.3659,27.95468],[-111.36749,27.9521]]],[[[-111.42985,26.62374],[-111.43504,26.63453],[-111.43391,26.63891],[-111.42818,26.63687],[-111.425,26.62993],[-111.4247,26.62504],[-111.42985,26.62374]]],[[[-111.43055,28.36432],[-111.43319,28.36804],[-111.43028,28.36766],[-111.43055,28.36432]]],[[[-111.66601,24.3546],[-111.6697,24.36089],[-111.6546,24.37537],[-111.65484,24.36662],[-111.6447,24.36306],[-111.62198,24.37049],[-111.58799,24.3732],[-111.52444,24.36224],[-111.45661,24.3326],[-111.45266,24.32785],[-111.51963,24.35595],[-111.57307,24.36785],[-111.60118,24.36877],[-111.66601,24.3546]]],[[[-111.51079,24.39201],[-111.5108,24.39498],[-111.50771,24.39447],[-111.51079,24.39201]]],[[[-111.69787,24.36533],[-111.69895,24.35857],[-111.69992,24.36307],[-111.69785,24.37106],[-111.6903,24.37779],[-111.6914,24.38148],[-111.68805,24.3814],[-111.69787,24.36533]]],[[[-111.82075,24.46995],[-111.79566,24.46183],[-111.78047,24.4623],[-111.75048,24.44222],[-111.74913,24.43354],[-111.74076,24.42594],[-111.74239,24.41847],[-111.73569,24.41439],[-111.73312,24.40568],[-111.72542,24.40053],[-111.72292,24.39421],[-111.71044,24.38566],[-111.70537,24.35854],[-111.6978,24.35469],[-111.69479,24.3492],[-111.70434,24.32444],[-111.7098,24.32082],[-111.70987,24.30846],[-111.71296,24.30883],[-111.71977,24.32064],[-111.74323,24.34652],[-111.81039,24.39161],[-111.87284,24.44094],[-111.89623,24.44955],[-111.89625,24.45213],[-111.91318,24.46013],[-111.91915,24.46885],[-111.92844,24.47021],[-111.94714,24.48875],[-111.99579,24.50684],[-112.00612,24.51398],[-111.99659,24.51893],[-111.9927,24.52513],[-111.98792,24.52555],[-111.96873,24.51795],[-111.92767,24.5195],[-111.89952,24.51607],[-111.86635,24.52051],[-111.84147,24.50237],[-111.8348,24.49263],[-111.83362,24.48492],[-111.82782,24.47916],[-111.82135,24.47906],[-111.82075,24.46995]]],[[[-111.70497,24.37798],[-111.7049,24.37786],[-111.70464,24.37624],[-111.70497,24.37798]]],[[[-111.73366,24.5444],[-111.73399,24.5454],[-111.734,24.54694],[-111.73366,24.5444]]],[[[-111.78332,24.51401],[-111.79488,24.51807],[-111.79462,24.52116],[-111.78332,24.51401]]],[[[-111.84461,24.50815],[-111.84686,24.50904],[-111.84182,24.5119],[-111.83927,24.51011],[-111.84461,24.50815]]],[[[-111.88302,27.42737],[-111.89486,27.43038],[-111.90141,27.43741],[-111.90136,27.44925],[-111.89821,27.45159],[-111.88699,27.4559],[-111.87373,27.45586],[-111.8569,27.44233],[-111.85528,27.43873],[-111.86026,27.4306],[-111.88302,27.42737]]],[[[-111.88716,28.8146],[-111.88692,28.82129],[-111.88006,28.82185],[-111.88443,28.82027],[-111.88716,28.8146]]],[[[-111.8881,26.72029],[-111.88985,26.72504],[-111.88699,26.72532],[-111.8881,26.72029]]],[[[-111.90864,28.79941],[-111.90283,28.80266],[-111.90025,28.80924],[-111.89384,28.81082],[-111.89351,28.80607],[-111.90864,28.79941]]],[[[-111.91497,27.03403],[-111.91558,27.03775],[-111.911,27.03984],[-111.9094,27.03779],[-111.91497,27.03403]]],[[[-111.97238,28.80784],[-111.97241,28.81118],[-111.96398,28.81561],[-111.96712,28.808],[-111.97238,28.80784]]],[[[-112.0281,24.75962],[-112.02884,24.76399],[-112.03664,24.77037],[-112.03045,24.7717],[-112.0281,24.75962]]],[[[-112.04072,24.7863],[-112.04203,24.79118],[-112.03936,24.79197],[-112.04072,24.7863]]],[[[-112.04225,24.8007],[-112.05341,24.81941],[-112.0446,24.81201],[-112.04225,24.8007]]],[[[-112.08382,27.1881],[-112.08841,27.21611],[-112.0966,27.22994],[-112.10835,27.23911],[-112.10162,27.24328],[-112.1024,27.24867],[-112.09781,27.25025],[-112.09241,27.25827],[-112.08637,27.25883],[-112.06311,27.2347],[-112.05821,27.23409],[-112.05673,27.22973],[-112.04647,27.22466],[-112.04969,27.21563],[-112.04531,27.20885],[-112.05871,27.1798],[-112.06637,27.18322],[-112.07552,27.17787],[-112.08382,27.1881]]],[[[-112.05896,25.46533],[-112.06099,25.46943],[-112.05078,25.46937],[-112.0516,25.46654],[-112.05896,25.46533]]],[[[-112.15644,25.17791],[-112.14019,25.25473],[-112.13476,25.26506],[-112.12714,25.26641],[-112.12905,25.25893],[-112.12373,25.25022],[-112.12695,25.24608],[-112.12435,25.24095],[-112.12661,25.24016],[-112.1234,25.21394],[-112.13759,25.18809],[-112.14068,25.17083],[-112.15663,25.13776],[-112.16334,25.09988],[-112.17149,25.08077],[-112.16865,25.07912],[-112.1707,25.07177],[-112.17553,25.0701],[-112.17981,25.04905],[-112.18585,25.04618],[-112.18577,25.0382],[-112.18099,25.03978],[-112.16816,25.02701],[-112.17514,25.01924],[-112.1723,25.01746],[-112.17373,25.00458],[-112.16822,24.99424],[-112.16986,24.98377],[-112.16699,24.97813],[-112.17103,24.97282],[-112.18249,24.97543],[-112.1826,24.97208],[-112.18542,24.97232],[-112.18337,24.9641],[-112.18675,24.9633],[-112.18798,24.95866],[-112.19322,24.96042],[-112.19516,24.95757],[-112.19399,24.95243],[-112.18776,24.95068],[-112.18595,24.93899],[-112.18988,24.93677],[-112.18555,24.92612],[-112.18922,24.92648],[-112.19,24.91953],[-112.19423,24.91962],[-112.19814,24.91496],[-112.1927,24.89171],[-112.18401,24.88329],[-112.17937,24.86994],[-112.18752,24.86679],[-112.20787,24.87126],[-112.20915,24.85761],[-112.21803,24.85676],[-112.22526,24.86082],[-112.22586,24.86442],[-112.23406,24.86667],[-112.23289,24.86269],[-112.2377,24.86329],[-112.24112,24.86751],[-112.24881,24.86063],[-112.2381,24.84682],[-112.2409,24.84525],[-112.25395,24.85312],[-112.25449,24.85016],[-112.25129,24.84105],[-112.23516,24.83552],[-112.22831,24.82657],[-112.21953,24.82304],[-112.22005,24.8184],[-112.21635,24.81521],[-112.21398,24.81819],[-112.21017,24.81694],[-112.19909,24.80828],[-112.18938,24.796],[-112.19158,24.79006],[-112.19777,24.78898],[-112.19689,24.78513],[-112.18808,24.77787],[-112.18762,24.78855],[-112.17606,24.78838],[-112.17261,24.78172],[-112.16609,24.77791],[-112.16635,24.77469],[-112.17003,24.77672],[-112.17169,24.77349],[-112.18043,24.77381],[-112.17872,24.77138],[-112.17363,24.77013],[-112.1719,24.76577],[-112.13527,24.73594],[-112.13107,24.72336],[-112.13137,24.71023],[-112.12216,24.70361],[-112.11667,24.68821],[-112.12181,24.68045],[-112.12661,24.68209],[-112.13545,24.66233],[-112.15053,24.66428],[-112.15007,24.65965],[-112.14633,24.65144],[-112.14333,24.65181],[-112.13572,24.63042],[-112.10407,24.61676],[-112.07902,24.58502],[-112.07213,24.58507],[-112.07375,24.57708],[-112.05809,24.55583],[-112.05882,24.54296],[-112.06176,24.54126],[-112.07557,24.54361],[-112.09648,24.55324],[-112.1006,24.55784],[-112.10391,24.58253],[-112.11704,24.60328],[-112.13562,24.61961],[-112.14633,24.62081],[-112.15767,24.64415],[-112.16938,24.64689],[-112.17451,24.65303],[-112.16454,24.67202],[-112.15948,24.67244],[-112.14844,24.66648],[-112.14048,24.67388],[-112.13704,24.68317],[-112.13597,24.70402],[-112.13924,24.7233],[-112.15141,24.74405],[-112.17727,24.76727],[-112.1991,24.78035],[-112.22117,24.78867],[-112.24569,24.78821],[-112.23644,24.79343],[-112.23565,24.79897],[-112.24328,24.80122],[-112.24572,24.80532],[-112.25343,24.80088],[-112.25253,24.79523],[-112.25533,24.79366],[-112.2491,24.79088],[-112.25233,24.79008],[-112.26613,24.80193],[-112.27066,24.80421],[-112.27191,24.80201],[-112.26506,24.79461],[-112.26127,24.78151],[-112.25847,24.75606],[-112.26126,24.75295],[-112.26992,24.75879],[-112.27544,24.77496],[-112.28536,24.78041],[-112.29107,24.78808],[-112.30397,24.79427],[-112.2997,24.80383],[-112.30087,24.80871],[-112.28615,24.81604],[-112.23462,24.93666],[-112.19887,25.03449],[-112.15644,25.17791]]],[[[-112.07483,25.52826],[-112.07375,25.53393],[-112.06875,25.53036],[-112.07483,25.52826]]],[[[-112.07632,25.4405],[-112.08437,25.44284],[-112.08293,25.45074],[-112.07158,25.44928],[-112.07085,25.44671],[-112.07695,25.44795],[-112.07632,25.4405]]],[[[-112.08174,25.47661],[-112.08474,25.47903],[-112.08209,25.48394],[-112.07679,25.47755],[-112.08174,25.47661]]],[[[-112.08309,25.56345],[-112.08344,25.57091],[-112.0806,25.57042],[-112.07927,25.56451],[-112.08309,25.56345]]],[[[-112.08084,25.50222],[-112.08174,25.50788],[-112.08004,25.50828],[-112.08084,25.50222]]],[[[-112.08432,25.35268],[-112.08693,25.35935],[-112.08052,25.35503],[-112.08432,25.35268]]],[[[-112.08542,24.93358],[-112.09477,24.93788],[-112.09412,24.94368],[-112.09026,24.93766],[-112.08163,24.93554],[-112.08542,24.93358]]],[[[-112.08482,24.79988],[-112.0888,24.80346],[-112.0874,24.80501],[-112.08482,24.79988]]],[[[-112.08825,25.44298],[-112.08678,25.45303],[-112.08394,25.45253],[-112.08825,25.44298]]],[[[-112.09018,24.89635],[-112.08992,24.89944],[-112.08653,24.89947],[-112.09018,24.89635]]],[[[-112.0991,25.56128],[-112.09731,25.67632],[-112.09323,25.67969],[-112.09218,25.6743],[-112.09598,25.66989],[-112.09545,25.62821],[-112.09495,25.61998],[-112.09094,25.61615],[-112.09427,25.60737],[-112.091,25.60663],[-112.09007,25.5984],[-112.09427,25.59168],[-112.09123,25.58552],[-112.09515,25.57906],[-112.09207,25.56802],[-112.09531,25.56619],[-112.09384,25.56041],[-112.09676,25.55306],[-112.09426,25.54381],[-112.09766,25.54353],[-112.0982,25.54018],[-112.09498,25.51421],[-112.09819,25.50853],[-112.10291,25.5121],[-112.0991,25.56128]]],[[[-112.0945,24.77832],[-112.10494,24.77992],[-112.1149,24.78975],[-112.11609,24.79734],[-112.11059,24.79661],[-112.1107,24.79326],[-112.09912,24.79154],[-112.09316,24.78618],[-112.09822,24.78434],[-112.0945,24.77832]]],[[[-112.09645,25.34719],[-112.09597,25.35723],[-112.09328,25.35725],[-112.09645,25.34719]]],[[[-112.09501,24.90121],[-112.10012,24.90413],[-112.09802,24.90608],[-112.09501,24.90121]]],[[[-112.11895,25.34547],[-112.10131,25.46141],[-112.10479,25.48558],[-112.09575,25.4895],[-112.09869,25.48562],[-112.09785,25.455],[-112.10213,25.42692],[-112.0982,25.41589],[-112.10411,25.41134],[-112.11134,25.36535],[-112.10655,25.35226],[-112.1071,25.3354],[-112.10408,25.32937],[-112.11803,25.3074],[-112.11978,25.28216],[-112.12417,25.28213],[-112.13559,25.29311],[-112.13553,25.30211],[-112.1266,25.31582],[-112.11895,25.34547]]],[[[-112.09832,24.79567],[-112.11276,24.80354],[-112.10459,24.80386],[-112.09694,24.80005],[-112.09832,24.79567]]],[[[-112.10244,25.22735],[-112.10306,25.23236],[-112.09825,25.23266],[-112.10244,25.22735]]],[[[-112.10661,24.99918],[-112.10438,25.00254],[-112.10295,24.99972],[-112.10661,24.99918]]],[[[-112.10711,24.99132],[-112.10799,24.99531],[-112.10545,24.99532],[-112.10711,24.99132]]],[[[-112.11179,24.97791],[-112.11441,24.98676],[-112.1089,24.98681],[-112.11179,24.97791]]],[[[-112.11162,24.99077],[-112.11056,24.99863],[-112.10924,24.99272],[-112.11162,24.99077]]],[[[-112.11719,24.91932],[-112.11963,24.92367],[-112.11694,24.92344],[-112.11719,24.91932]]],[[[-112.12236,24.86755],[-112.12161,24.87785],[-112.11976,24.87606],[-112.12236,24.86755]]],[[[-112.13104,24.89116],[-112.13415,24.89191],[-112.13243,24.90428],[-112.13628,24.90862],[-112.12652,24.92105],[-112.12005,24.90849],[-112.12301,24.90756],[-112.12293,24.89869],[-112.12995,24.89541],[-112.13104,24.89116]]],[[[-112.12214,24.93652],[-112.12316,24.94038],[-112.12912,24.94342],[-112.12536,24.94911],[-112.12034,24.93988],[-112.12214,24.93652]]],[[[-112.12546,24.95966],[-112.1238,24.96353],[-112.12097,24.9633],[-112.12546,24.95966]]],[[[-112.13185,25.16382],[-112.13555,25.16675],[-112.13162,25.16974],[-112.13185,25.16382]]],[[[-112.14803,24.80636],[-112.15502,24.82998],[-112.15984,24.83252],[-112.15874,24.83587],[-112.15392,24.83334],[-112.14192,24.84733],[-112.13811,24.86215],[-112.13597,24.85973],[-112.1382,24.84118],[-112.1459,24.83469],[-112.14098,24.8216],[-112.14324,24.82158],[-112.14681,24.811],[-112.14509,24.80793],[-112.14803,24.80636]]],[[[-112.13603,24.91235],[-112.13777,24.91762],[-112.13608,24.91763],[-112.13603,24.91235]]],[[[-112.14548,25.07969],[-112.14889,25.08095],[-112.1475,25.08353],[-112.14424,25.08227],[-112.14548,25.07969]]],[[[-112.14678,24.97571],[-112.15075,24.97825],[-112.14696,24.98008],[-112.14678,24.97571]]],[[[-112.15776,25.03276],[-112.16008,25.03892],[-112.15516,25.04127],[-112.15646,25.04461],[-112.14882,25.04364],[-112.14948,25.03874],[-112.15583,25.03753],[-112.15776,25.03276]]],[[[-112.15499,25.06932],[-112.15349,25.07422],[-112.15078,25.07193],[-112.15499,25.06932]]],[[[-112.15406,24.84775],[-112.16876,24.85175],[-112.17174,24.85404],[-112.17022,24.8574],[-112.15723,24.85544],[-112.15406,24.84775]]],[[[-112.1631,24.97018],[-112.16595,24.97324],[-112.16159,24.97482],[-112.1631,24.97018]]],[[[-112.17116,24.83745],[-112.18551,24.84827],[-112.18115,24.8496],[-112.17077,24.84067],[-112.1758,24.85041],[-112.16164,24.8446],[-112.17116,24.83745]]],[[[-112.16501,24.96309],[-112.16731,24.96757],[-112.16391,24.96631],[-112.16501,24.96309]]],[[[-112.17253,24.95196],[-112.17567,24.95644],[-112.16861,24.95572],[-112.17253,24.95196]]],[[[-112.16982,24.90476],[-112.17397,24.9109],[-112.16973,24.90939],[-112.16982,24.90476]]],[[[-112.174,24.89842],[-112.17556,24.90008],[-112.17262,24.90242],[-112.174,24.89842]]],[[[-112.18163,24.90029],[-112.18503,24.90155],[-112.18223,24.90389],[-112.18163,24.90029]]],[[[-112.38443,29.20174],[-112.36063,29.22012],[-112.33955,29.22252],[-112.33101,29.21926],[-112.31025,29.22358],[-112.28878,29.21851],[-112.27776,29.20499],[-112.27176,29.2053],[-112.27196,29.1981],[-112.26266,29.19266],[-112.27062,29.18397],[-112.26954,29.17986],[-112.26367,29.17889],[-112.27322,29.16902],[-112.2711,29.15155],[-112.27384,29.13687],[-112.24999,29.1142],[-112.24816,29.10856],[-112.24168,29.10579],[-112.2416,29.09859],[-112.23454,29.09608],[-112.23384,29.08657],[-112.22238,29.07047],[-112.22377,29.06403],[-112.21823,29.05354],[-112.20965,29.04615],[-112.20223,29.02487],[-112.19458,29.02134],[-112.19598,29.01515],[-112.1982,29.01783],[-112.20227,29.0151],[-112.20516,28.9999],[-112.21037,28.99496],[-112.21626,28.96044],[-112.21332,28.95944],[-112.2093,28.96617],[-112.19332,28.97505],[-112.19947,28.97551],[-112.19687,28.97862],[-112.18909,28.97638],[-112.20784,28.96631],[-112.21532,28.95505],[-112.21591,28.94321],[-112.22658,28.91842],[-112.22948,28.90374],[-112.24118,28.89257],[-112.23725,28.88077],[-112.23904,28.8715],[-112.25626,28.85809],[-112.25739,28.84303],[-112.27459,28.81587],[-112.27337,28.81125],[-112.27651,28.80556],[-112.27311,28.80212],[-112.27198,28.78091],[-112.25467,28.77387],[-112.25402,28.76847],[-112.26682,28.76488],[-112.27183,28.76921],[-112.2829,28.76705],[-112.29581,28.76011],[-112.31038,28.74672],[-112.31331,28.74759],[-112.31397,28.75401],[-112.32247,28.7565],[-112.32722,28.76289],[-112.34711,28.76591],[-112.35899,28.75961],[-112.36443,28.77383],[-112.38138,28.77469],[-112.38755,28.77836],[-112.40799,28.79975],[-112.42431,28.79752],[-112.4381,28.80278],[-112.46029,28.80202],[-112.46722,28.80748],[-112.46673,28.81391],[-112.47047,28.82056],[-112.49521,28.8244],[-112.49961,28.83593],[-112.5437,28.85472],[-112.55441,28.86797],[-112.56088,28.87073],[-112.57195,28.86841],[-112.58405,28.87663],[-112.5692,28.88015],[-112.56261,28.88845],[-112.55185,28.89179],[-112.51683,28.91547],[-112.5053,28.92666],[-112.50196,28.93878],[-112.4927,28.94532],[-112.48729,28.95541],[-112.4868,28.9621],[-112.49318,28.96846],[-112.49017,28.98289],[-112.49984,28.9941],[-112.50104,29.00669],[-112.50626,29.01358],[-112.50157,29.02315],[-112.50476,29.04137],[-112.50051,29.05042],[-112.5055,29.06194],[-112.49479,29.07055],[-112.49354,29.07493],[-112.49353,29.09474],[-112.48766,29.11358],[-112.49064,29.11766],[-112.48746,29.13055],[-112.4775,29.14095],[-112.47774,29.16744],[-112.47221,29.17033],[-112.45673,29.19442],[-112.44918,29.1999],[-112.44357,29.19662],[-112.43512,29.20018],[-112.42558,29.18909],[-112.41738,29.18956],[-112.41558,29.18637],[-112.41001,29.18604],[-112.3998,29.18975],[-112.38443,29.20174]]],[[[-112.19393,29.15535],[-112.20012,29.15812],[-112.193,29.16333],[-112.19393,29.15535]]],[[[-112.20912,24.82569],[-112.21993,24.83461],[-112.20918,24.83187],[-112.20912,24.82569]]],[[[-112.2854,28.70928],[-112.29055,28.71231],[-112.2957,28.72821],[-112.29089,28.72826],[-112.28704,28.72341],[-112.2854,28.70928]]],[[[-112.30196,28.3719],[-112.32026,28.3815],[-112.30855,28.38727],[-112.30743,28.39063],[-112.29691,28.38713],[-112.2964,28.38044],[-112.30196,28.3719]]],[[[-112.33518,29.292],[-112.34464,29.30875],[-112.34084,29.30956],[-112.33518,29.292]]],[[[-112.46331,29.2661],[-112.46226,29.2746],[-112.45932,29.27437],[-112.45601,29.26811],[-112.46331,29.2661]]],[[[-112.60454,28.66909],[-112.60147,28.67813],[-112.61312,28.70551],[-112.6101,28.71789],[-112.61198,28.7261],[-112.59441,28.73184],[-112.56811,28.72931],[-112.55621,28.73344],[-112.55265,28.72911],[-112.54783,28.72916],[-112.5462,28.71735],[-112.54173,28.71123],[-112.54597,28.70192],[-112.54589,28.68675],[-112.55355,28.67174],[-112.57391,28.66842],[-112.59672,28.6724],[-112.60454,28.66909]]],[[[-112.81983,28.62277],[-112.83115,28.62841],[-112.84345,28.63994],[-112.86713,28.64399],[-112.86596,28.65211],[-112.87184,28.65486],[-112.87772,28.66583],[-112.89282,28.67835],[-112.86999,28.67365],[-112.86761,28.67086],[-112.85977,28.67277],[-112.84997,28.66287],[-112.83869,28.65968],[-112.82817,28.64979],[-112.80315,28.63598],[-112.79272,28.62275],[-112.7845,28.619],[-112.7785,28.60931],[-112.76352,28.6023],[-112.75872,28.59413],[-112.75299,28.59112],[-112.75915,28.58487],[-112.77097,28.57713],[-112.78267,28.57993],[-112.78395,28.58686],[-112.78949,28.58704],[-112.79128,28.59782],[-112.79893,28.61084],[-112.81983,28.62277]]],[[[-112.83403,26.46362],[-112.83436,26.4667],[-112.83093,26.46674],[-112.83403,26.46362]]],[[[-112.89548,28.68037],[-112.93196,28.6976],[-112.9339,28.70002],[-112.93039,28.70727],[-112.91065,28.69662],[-112.89753,28.69719],[-112.89548,28.68037]]],[[[-112.94662,28.71732],[-112.96542,28.73197],[-112.96123,28.7346],[-112.95823,28.73001],[-112.95089,28.72729],[-112.94662,28.71732]]],[[[-112.97526,26.5326],[-112.97856,26.53346],[-112.98088,26.54384],[-112.96847,26.5372],[-112.95596,26.54161],[-112.9515,26.53975],[-112.97526,26.5326]]],[[[-112.97774,28.82089],[-112.98276,28.82352],[-112.97579,28.82568],[-112.97774,28.82089]]],[[[-113.04408,28.88342],[-113.04663,28.8866],[-113.04013,28.89055],[-113.03827,28.89984],[-113.03329,28.8994],[-113.0325,28.89607],[-113.04408,28.88342]]],[[[-113.06668,26.60719],[-113.09997,26.62856],[-113.12837,26.63959],[-113.12889,26.64447],[-113.11482,26.65754],[-113.10764,26.65623],[-113.10787,26.65314],[-113.10412,26.65165],[-113.10132,26.65542],[-113.09922,26.6498],[-113.0876,26.64045],[-113.08503,26.62505],[-113.07187,26.61753],[-113.06668,26.60719]]],[[[-113.56603,29.51312],[-113.57158,29.53525],[-113.56938,29.54095],[-113.55907,29.54629],[-113.5606,29.53701],[-113.55715,29.53424],[-113.5448,29.53384],[-113.52503,29.54283],[-113.52504,29.549],[-113.51347,29.55102],[-113.51137,29.53743],[-113.47652,29.53076],[-113.47578,29.52447],[-113.4618,29.51779],[-113.43503,29.49257],[-113.4309,29.49188],[-113.42517,29.47347],[-113.41701,29.47002],[-113.41617,29.46567],[-113.39324,29.45862],[-113.39363,29.45039],[-113.38541,29.44437],[-113.38383,29.43334],[-113.37422,29.424],[-113.36194,29.40108],[-113.3622,29.39336],[-113.35252,29.38736],[-113.35212,29.38274],[-113.35976,29.37643],[-113.37626,29.3476],[-113.36907,29.30968],[-113.34972,29.29742],[-113.30381,29.29076],[-113.29568,29.28126],[-113.28204,29.28754],[-113.27317,29.28447],[-113.26052,29.28919],[-113.26054,29.28353],[-113.25554,29.28284],[-113.23837,29.28892],[-113.20484,29.28485],[-113.18118,29.28922],[-113.16776,29.27916],[-113.17697,29.26384],[-113.17868,29.24735],[-113.1761,29.22939],[-113.17282,29.22713],[-113.17232,29.19628],[-113.1672,29.18968],[-113.17278,29.17622],[-113.17468,29.12759],[-113.16233,29.10413],[-113.15531,29.09756],[-113.1561,29.07903],[-113.14955,29.0668],[-113.12514,29.06127],[-113.1258,29.05766],[-113.12064,29.05581],[-113.10113,29.05557],[-113.09386,29.06279],[-113.09482,29.06702],[-113.08255,29.06837],[-113.08465,29.06319],[-113.09695,29.06163],[-113.11304,29.03472],[-113.1163,28.98671],[-113.12158,28.98714],[-113.13856,29.00243],[-113.1499,29.00611],[-113.15403,29.01478],[-113.17679,29.02599],[-113.18913,29.02861],[-113.20037,29.0481],[-113.24351,29.06732],[-113.2486,29.07263],[-113.24987,29.08392],[-113.2594,29.09122],[-113.26529,29.10629],[-113.28644,29.12933],[-113.29849,29.13787],[-113.3001,29.14452],[-113.31455,29.1489],[-113.31957,29.15692],[-113.35088,29.16833],[-113.36392,29.18764],[-113.3855,29.19587],[-113.404,29.21006],[-113.40407,29.2134],[-113.43012,29.24276],[-113.4284,29.25693],[-113.43462,29.25939],[-113.44172,29.27469],[-113.45139,29.28029],[-113.45516,29.27842],[-113.46314,29.28123],[-113.4745,29.27794],[-113.49459,29.28412],[-113.5033,29.29848],[-113.50683,29.32284],[-113.52575,29.33483],[-113.53177,29.35271],[-113.53905,29.35643],[-113.54574,29.37172],[-113.55614,29.37692],[-113.55726,29.38616],[-113.56621,29.3919],[-113.56948,29.39929],[-113.58881,29.4092],[-113.5917,29.41891],[-113.58869,29.42771],[-113.59422,29.43738],[-113.5919,29.44976],[-113.58445,29.46327],[-113.57555,29.47116],[-113.57519,29.48042],[-113.57045,29.48463],[-113.56402,29.50352],[-113.56603,29.51312]]],[[[-113.17972,26.68331],[-113.22492,26.69624],[-113.26828,26.70211],[-113.27273,26.70963],[-113.25366,26.71611],[-113.23965,26.7315],[-113.23023,26.73358],[-113.21803,26.7249],[-113.21207,26.72743],[-113.21085,26.72372],[-113.19732,26.72033],[-113.19986,26.71811],[-113.20666,26.71958],[-113.20348,26.71304],[-113.20003,26.71232],[-113.20198,26.70946],[-113.19652,26.70851],[-113.19323,26.71602],[-113.19559,26.71933],[-113.17486,26.71399],[-113.17354,26.71221],[-113.17736,26.70984],[-113.18297,26.71104],[-113.18306,26.70821],[-113.16553,26.70513],[-113.1623,26.70107],[-113.16488,26.69357],[-113.15443,26.69373],[-113.14748,26.67441],[-113.13607,26.66134],[-113.14642,26.66337],[-113.17972,26.68331]]],[[[-113.15529,26.89087],[-113.15215,26.89902],[-113.16202,26.90504],[-113.16201,26.91224],[-113.15763,26.91565],[-113.15503,26.91466],[-113.15564,26.90925],[-113.14896,26.90472],[-113.15031,26.89313],[-113.15529,26.89087]]],[[[-113.15956,26.91897],[-113.16313,26.92586],[-113.16761,26.92733],[-113.16524,26.93123],[-113.16035,26.93053],[-113.15956,26.91897]]],[[[-113.19431,26.74224],[-113.21112,26.74507],[-113.21166,26.75059],[-113.21763,26.74844],[-113.23117,26.76662],[-113.239,26.77164],[-113.23442,26.77197],[-113.2309,26.76791],[-113.20809,26.75875],[-113.19531,26.74969],[-113.19149,26.74473],[-113.19952,26.74525],[-113.19431,26.74224]]],[[[-113.23089,31.24669],[-113.23248,31.25064],[-113.2232,31.25042],[-113.22373,31.24758],[-113.23089,31.24669]]],[[[-113.23312,26.7788],[-113.24269,26.78431],[-113.24337,26.78983],[-113.23617,26.78789],[-113.23312,26.7788]]],[[[-113.44379,26.80869],[-113.43854,26.81177],[-113.42335,26.81203],[-113.42256,26.80969],[-113.44379,26.80869]]],[[[-113.43295,31.27412],[-113.43577,31.27895],[-113.43167,31.27672],[-113.43295,31.27412]]],[[[-113.46256,29.01154],[-113.4689,29.01965],[-113.46753,29.02353],[-113.46,29.01441],[-113.46256,29.01154]]],[[[-113.47845,28.96638],[-113.48125,28.96723],[-113.48084,28.97443],[-113.48518,28.97898],[-113.47613,28.97349],[-113.47485,28.96863],[-113.47845,28.96638]]],[[[-113.49446,29.03653],[-113.50447,29.03892],[-113.51355,29.05147],[-113.51339,29.05713],[-113.50961,29.05823],[-113.51032,29.06336],[-113.51592,29.07097],[-113.51476,29.07716],[-113.52197,29.07908],[-113.52749,29.09543],[-113.50699,29.09505],[-113.50176,29.09026],[-113.5074,29.08141],[-113.50305,29.07738],[-113.5052,29.0632],[-113.49913,29.05406],[-113.50207,29.04873],[-113.49856,29.04867],[-113.49544,29.04076],[-113.49099,29.03827],[-113.49446,29.03653]]],[[[-113.51174,28.98877],[-113.51682,28.99356],[-113.50825,29.00195],[-113.50219,28.99306],[-113.50921,28.99319],[-113.51174,28.98877]]],[[[-113.51203,29.01294],[-113.51628,29.01337],[-113.51387,29.0165],[-113.51203,29.01294]]],[[[-113.57597,29.54571],[-113.57928,29.5603],[-113.5679,29.56386],[-113.56031,29.56015],[-113.56667,29.55013],[-113.57597,29.54571]]],[[[-114.0561,28.2129],[-114.06386,28.21564],[-114.07424,28.23951],[-114.07019,28.23891],[-114.05727,28.22321],[-114.05435,28.21878],[-114.0561,28.2129]]],[[[-114.0609,28.1013],[-114.0605,28.10515],[-114.05821,28.10407],[-114.0609,28.1013]]],[[[-114.09072,27.59366],[-114.09583,27.59698],[-114.09314,27.6004],[-114.08881,27.60043],[-114.09072,27.59366]]],[[[-114.20489,28],[-114.17515,28.03416],[-114.14118,28.08025],[-114.13117,28.08634],[-114.12223,28.08448],[-114.11626,28.06379],[-114.11642,28.04708],[-114.14916,28.01961],[-114.15253,28.00721],[-114.15014,28],[-114.12939,27.97305],[-114.12923,27.96276],[-114.13674,27.96356],[-114.13628,27.95365],[-114.13966,27.9518],[-114.14306,27.95431],[-114.15008,27.95163],[-114.16624,27.95363],[-114.18147,27.94726],[-114.1733,27.93308],[-114.19743,27.92895],[-114.20626,27.91768],[-114.21992,27.92657],[-114.21692,27.91957],[-114.2382,27.9137],[-114.25758,27.8912],[-114.26664,27.88766],[-114.27562,27.9048],[-114.27531,27.91688],[-114.26839,27.93886],[-114.20489,28]]],[[[-114.14885,27.70015],[-114.16347,27.70457],[-114.1691,27.71034],[-114.14885,27.70015]]],[[[-114.15648,27.72911],[-114.17806,27.74935],[-114.17807,27.75449],[-114.17376,27.75903],[-114.17719,27.76038],[-114.17682,27.76938],[-114.1668,27.75991],[-114.15936,27.74588],[-114.16258,27.73875],[-114.15901,27.73739],[-114.15648,27.72911]]],[[[-114.19955,27.72806],[-114.21272,27.73308],[-114.2157,27.74085],[-114.22287,27.74293],[-114.22632,27.74929],[-114.22326,27.75052],[-114.22562,27.75417],[-114.22362,27.75914],[-114.21985,27.75945],[-114.22028,27.7538],[-114.20021,27.73643],[-114.19955,27.72806]]],[[[-114.22361,27.73638],[-114.24744,27.74265],[-114.25078,27.74773],[-114.24613,27.74879],[-114.2463,27.75342],[-114.23996,27.75265],[-114.22465,27.74103],[-114.22361,27.73638]]],[[[-114.29183,27.09812],[-114.29501,27.10911],[-114.29108,27.10543],[-114.28952,27.09846],[-114.29183,27.09812]]],[[[-114.34056,27.83498],[-114.34712,27.83896],[-114.34477,27.84033],[-114.34056,27.83498]]],[[[-114.35244,27.82222],[-114.35848,27.82362],[-114.35813,27.82632],[-114.35548,27.82832],[-114.34659,27.8252],[-114.35244,27.82222]]],[[[-114.37038,27.83414],[-114.37262,27.83688],[-114.36771,27.83666],[-114.37038,27.83414]]],[[[-114.37163,29.80548],[-114.3714,29.80869],[-114.38116,29.81287],[-114.39259,29.80988],[-114.39221,29.81862],[-114.38153,29.82149],[-114.37807,29.81294],[-114.37006,29.80892],[-114.37163,29.80548]]],[[[-114.37954,27.14401],[-114.38322,27.1464],[-114.37139,27.14862],[-114.37954,27.14401]]],[[[-114.41478,29.94965],[-114.41204,29.9586],[-114.42351,29.96602],[-114.4159,29.97461],[-114.41941,29.98753],[-114.40356,29.98362],[-114.39188,29.9618],[-114.40542,29.95769],[-114.41478,29.94965]]],[[[-114.47428,30.01289],[-114.47908,30.02159],[-114.47359,30.02277],[-114.47428,30.01289]]],[[[-114.49115,30.04702],[-114.48831,30.05416],[-114.48677,30.05079],[-114.49115,30.04702]]],[[[-114.53755,30.08222],[-114.54682,30.08997],[-114.55422,30.0896],[-114.55236,30.09329],[-114.53882,30.09085],[-114.53501,30.08333],[-114.53755,30.08222]]],[[[-114.61015,31.73015],[-114.63232,31.73339],[-114.65494,31.74281],[-114.67306,31.75188],[-114.67354,31.75664],[-114.62959,31.75789],[-114.60831,31.75479],[-114.59999,31.74512],[-114.60401,31.74083],[-114.60467,31.73262],[-114.61015,31.73015]]],[[[-114.79708,31.81499],[-114.78849,31.81884],[-114.76897,31.8167],[-114.75178,31.80718],[-114.74083,31.79191],[-114.73698,31.77668],[-114.7271,31.76236],[-114.70695,31.74401],[-114.68764,31.73415],[-114.66377,31.71469],[-114.64839,31.68665],[-114.64547,31.67734],[-114.64642,31.66348],[-114.66131,31.66902],[-114.66168,31.67199],[-114.67178,31.6768],[-114.67212,31.6813],[-114.67634,31.68087],[-114.68119,31.6852],[-114.68842,31.68456],[-114.68714,31.67579],[-114.70699,31.68129],[-114.71543,31.68029],[-114.75917,31.69893],[-114.77455,31.70948],[-114.79459,31.73296],[-114.80662,31.75862],[-114.80406,31.8033],[-114.80098,31.8125],[-114.79708,31.81499]]],[[[-114.75282,18.3408],[-114.75882,18.34576],[-114.75438,18.36579],[-114.74764,18.36597],[-114.73948,18.37166],[-114.73301,18.37133],[-114.72393,18.36465],[-114.69692,18.36896],[-114.69505,18.36701],[-114.68961,18.37106],[-114.68081,18.36336],[-114.69641,18.34579],[-114.70714,18.35042],[-114.72338,18.34495],[-114.72469,18.34793],[-114.73021,18.34851],[-114.73475,18.34123],[-114.74092,18.34413],[-114.75282,18.3408]]],[[[-115.21399,28.37516],[-115.21317,28.37258],[-115.20706,28.3725],[-115.20659,28.36581],[-115.19788,28.36518],[-115.19765,28.36157],[-115.19475,28.36128],[-115.19622,28.33404],[-115.18682,28.31436],[-115.17461,28.30623],[-115.17405,28.28796],[-115.16434,28.26108],[-115.17045,28.24342],[-115.17407,28.21826],[-115.16958,28.20071],[-115.16029,28.1921],[-115.15661,28.17867],[-115.1607,28.15121],[-115.15794,28.1432],[-115.16615,28.12942],[-115.17539,28.12337],[-115.18674,28.10423],[-115.18849,28.08651],[-115.18168,28.06893],[-115.1899,28.05412],[-115.18188,28.03999],[-115.18554,28.0376],[-115.18503,28.03322],[-115.1884,28.03121],[-115.19641,28.03787],[-115.21088,28.03935],[-115.23075,28.02944],[-115.23645,28.0353],[-115.24401,28.03386],[-115.25498,28.03708],[-115.25581,28.03954],[-115.25216,28.04078],[-115.26542,28.07284],[-115.27753,28.08585],[-115.29264,28.09363],[-115.30509,28.09507],[-115.32436,28.08682],[-115.33598,28.08555],[-115.33985,28.07865],[-115.34447,28.08025],[-115.34427,28.07471],[-115.35094,28.07454],[-115.35666,28.07962],[-115.35292,28.08704],[-115.35481,28.10596],[-115.35146,28.11647],[-115.33512,28.12206],[-115.306,28.14768],[-115.27581,28.1846],[-115.25014,28.21025],[-115.24596,28.21689],[-115.2457,28.22629],[-115.23979,28.22744],[-115.23803,28.23144],[-115.24122,28.24036],[-115.24611,28.24312],[-115.25258,28.25607],[-115.25755,28.2736],[-115.25406,28.28644],[-115.26316,28.29363],[-115.26169,28.2997],[-115.25348,28.30598],[-115.25484,28.31029],[-115.24949,28.31188],[-115.24802,28.31558],[-115.24623,28.32911],[-115.25001,28.33974],[-115.23996,28.34226],[-115.24088,28.34844],[-115.24533,28.35145],[-115.23505,28.36184],[-115.22991,28.36239],[-115.23153,28.37165],[-115.21708,28.37772],[-115.21399,28.37516]]],[[[-115.17495,27.84854],[-115.17827,27.84923],[-115.17741,27.85745],[-115.18086,27.85852],[-115.18044,27.86623],[-115.18598,27.87274],[-115.19497,27.88018],[-115.21916,27.88783],[-115.21672,27.8959],[-115.20749,27.89334],[-115.1803,27.87459],[-115.16273,27.86998],[-115.15977,27.86493],[-115.16265,27.85751],[-115.17495,27.84854]]],[[[-115.5436,28.29157],[-115.55122,28.30565],[-115.54692,28.3122],[-115.53705,28.30411],[-115.53708,28.29735],[-115.5436,28.29157]]],[[[-115.58965,28.31413],[-115.58551,28.30766],[-115.58034,28.30719],[-115.57229,28.3158],[-115.56206,28.31091],[-115.56057,28.30733],[-115.5736,28.30766],[-115.58174,28.29584],[-115.59663,28.29705],[-115.60477,28.30217],[-115.60096,28.31315],[-115.58965,28.31413]]],[[[-115.79562,29.78615],[-115.79166,29.79704],[-115.78861,29.79329],[-115.79562,29.78615]]],[[[-116.10902,30.48006],[-116.12176,30.48298],[-116.12423,30.48878],[-116.12137,30.49365],[-116.10858,30.49562],[-116.10481,30.48505],[-116.10902,30.48006]]],[[[-116.78787,31.79096],[-116.79837,31.80653],[-116.78934,31.80536],[-116.78787,31.79096]]],[[[-116.80199,31.80564],[-116.80769,31.81272],[-116.80122,31.81103],[-116.80199,31.80564]]],[[[-117.24925,32.41054],[-117.25084,32.41886],[-117.24337,32.41455],[-117.23967,32.39013],[-117.24479,32.3951],[-117.2456,32.40849],[-117.24925,32.41054]]],[[[-117.29418,32.43384],[-117.29951,32.44],[-117.29816,32.44514],[-117.29418,32.43384]]],[[[-118.26056,29.18895],[-118.26109,29.18406],[-118.27054,29.17528],[-118.27363,29.16293],[-118.27781,29.16178],[-118.28573,29.15064],[-118.28822,29.13879],[-118.28633,29.128],[-118.27945,29.10441],[-118.25297,29.09437],[-118.22753,29.0604],[-118.22137,29.01004],[-118.22899,28.99865],[-118.22885,28.97422],[-118.22083,28.96349],[-118.22832,28.92973],[-118.22624,28.92666],[-118.23852,28.91394],[-118.24345,28.89846],[-118.26066,28.88377],[-118.27124,28.88856],[-118.27733,28.88439],[-118.2922,28.88219],[-118.29487,28.88512],[-118.28904,28.8862],[-118.28094,28.89348],[-118.28468,28.91171],[-118.29282,28.92012],[-118.29144,28.92656],[-118.29578,28.93475],[-118.29358,28.94609],[-118.29686,28.95146],[-118.29098,28.96095],[-118.29115,28.96745],[-118.29449,28.97232],[-118.30371,28.97274],[-118.31301,28.97985],[-118.30476,28.98662],[-118.30828,28.99893],[-118.30442,29.00617],[-118.31337,29.01946],[-118.31578,29.03667],[-118.31981,29.0428],[-118.32796,29.05108],[-118.33826,29.05509],[-118.34338,29.06623],[-118.36267,29.07452],[-118.36025,29.09075],[-118.3562,29.09491],[-118.35148,29.1145],[-118.356,29.1358],[-118.36434,29.14575],[-118.33212,29.16909],[-118.32157,29.16894],[-118.31766,29.17297],[-118.30309,29.1693],[-118.2875,29.17961],[-118.26056,29.18895]]],[[[-118.28067,28.84732],[-118.28447,28.84767],[-118.28569,28.85126],[-118.27881,28.85081],[-118.28067,28.84732]]],[[[-118.2926,28.86701],[-118.29531,28.8738],[-118.29213,28.87614],[-118.28958,28.87077],[-118.2926,28.86701]]]]}}]}